name,abbr,lon,lat,population,label,source,geoname_id
Mexico City,DF,-99.12766,19.42847,12294193,"Mexico City, DF",geonames,3530597
Mexico City,MX,-99.1332,19.4326,9209944,"Mexico City, MX",curated,
New York City,NY,-74.00597,40.71427,8804190,"New York City, NY",geonames,5128581
New York,NY,-74.006,40.7128,8336817,"New York, NY",curated,
Los Angeles,CA,-118.2437,34.0522,3898747,"Los Angeles, CA",curated,
Toronto,ON,-79.3832,43.6532,2794356,"Toronto, ON",curated,
Chicago,IL,-87.6298,41.8781,2746388,"Chicago, IL",curated,
Brooklyn,NY,-73.9442,40.6782,2736074,"Brooklyn, NY",curated,
Queens,NY,-73.7949,40.7282,2405464,"Queens, NY",curated,
Houston,TX,-95.3698,29.7604,2304580,"Houston, TX",curated,
Santo Domingo,DO,-69.9312,18.4861,2201941,Santo Domingo,curated,
Havana,CU,-82.3666,23.1136,2132183,Havana,curated,
Iztapalapa,DF,-99.06224,19.35529,1835486,"Iztapalapa, DF",geonames,3526683
Tijuana,BC,-117.0382,32.5149,1810645,"Tijuana, BC",curated,
Montreal,QC,-73.5673,45.5017,1762949,"Montreal, QC",curated,
Manhattan,NY,-73.9712,40.7831,1694251,"Manhattan, NY",curated,
Monteregie,QC,-73.4645,45.5219,1680000,"Monteregie, QC",curated,
Ecatepec de Morelos,EM,-99.06064,19.60492,1645352,"Ecatepec de Morelos, EM",geonames,3529612
Phoenix,AZ,-112.074,33.4484,1608139,"Phoenix, AZ",curated,
Santiago de Queretaro,QT,-100.38806,20.58806,1594212,"Santiago de Queretaro, QT",geonames,3991164
Leon,GT,-101.6821,21.125,1579803,"Leon, GT",curated,
Leon de los Aldama,GT,-101.68253,21.12183,1579803,"Leon de los Aldama, GT",geonames,3998655
Philadelphia,PA,-75.1652,39.9526,1567258,"Philadelphia, PA",curated,
Puebla,PU,-98.2063,19.0414,1546259,"Puebla, PU",curated,
Ciudad Juarez,CH,-106.46084,31.72024,1512450,"Ciudad Juarez, CH",geonames,4013708
Juarez,CH,-106.4245,31.6904,1501551,"Juarez, CH",curated,
Zapopan,JA,-103.4068,20.7214,1476491,"Zapopan, JA",curated,
Bronx,NY,-73.8648,40.8448,1472654,"Bronx, NY",curated,
San Antonio,TX,-98.4936,29.4241,1434625,"San Antonio, TX",curated,
San Diego,CA,-117.1611,32.7157,1386932,"San Diego, CA",curated,
Guadalajara,JA,-103.3496,20.6597,1385629,"Guadalajara, JA",curated,
The Bronx,NY,-73.86641,40.84985,1385108,"The Bronx, NY",geonames,5110266
Santiago,DO,-70.697,19.4517,1343423,Santiago,curated,
Calgary,AB,-114.0719,51.0447,1306784,"Calgary, AB",curated,
Dallas,TX,-96.797,32.7767,1304379,"Dallas, TX",curated,
Santiago de los Caballeros,DO,-70.69085,19.45036,1200000,Santiago de los Caballeros,geonames,3492914
Gustavo Adolfo Madero,DF,-99.11075,19.49392,1185772,"Gustavo Adolfo Madero, DF",geonames,3514674
Monterrey,NL,-100.3161,25.6866,1135512,"Monterrey, NL",curated,
Ciudad Nezahualcoyotl,EM,-99.01483,19.40061,1077208,"Ciudad Nezahualcoyotl, EM",geonames,3530589
Prince George's,MD,-76.8519,38.8039,1036093,"Prince George's, MD",curated,
Queretaro,QT,-100.3899,20.5888,1035362,"Queretaro, QT",curated,
Ottawa,ON,-75.6972,45.4215,1017449,"Ottawa, ON",curated,
San Jose,CA,-121.8863,37.3382,1013240,"San Jose, CA",curated,
Edmonton,AB,-113.4909,53.5461,1010899,"Edmonton, AB",curated,
Merida,YU,-89.5926,20.9674,995129,"Merida, YU",curated,
Guatemala City,GUA,-90.51327,14.64072,994938,Guatemala City,geonames,3598132
Port-au-Prince,HT,-72.335,18.5944,987310,Port-au-Prince,curated,
Managua,NI,-86.2504,12.13282,973087,"Managua, NI",geonames,3617763
Jacksonville,FL,-81.6557,30.3322,949611,"Jacksonville, FL",curated,
Kingston,JM,-76.7936,18.0179,937700,Kingston,curated,
Fort Worth,TX,-97.3308,32.7555,918915,"Fort Worth, TX",curated,
Toluca,MX,-99.6532,19.2826,910608,"Toluca, MX",curated,
Toluca,MEX,-99.6557,19.2826,910608,"Toluca, MEX",curated,
Columbus,OH,-82.9988,39.9612,905748,"Columbus, OH",curated,
Middlesex,NJ,-74.4436,40.4936,900194,"Middlesex, NJ",curated,
Cancun,QR,-86.8515,21.1619,888797,"Cancun, QR",curated,
Indianapolis,IN,-86.1581,39.7684,887642,"Indianapolis, IN",curated,
Chihuahua,CH,-106.0691,28.632,878062,"Chihuahua, CH",curated,
Charlotte,NC,-80.8431,35.2271,874579,"Charlotte, NC",curated,
San Francisco,CA,-122.4194,37.7749,873965,"San Francisco, CA",curated,
Hermosillo,SO,-110.9559,29.0729,855563,"Hermosillo, SO",curated,
Tegucigalpa,HN,-87.20681,14.0818,850848,"Tegucigalpa, HN",geonames,3600949
Morelia,MI,-101.1949,19.7059,849053,"Morelia, MI",curated,
Naucalpan de Juarez,EM,-99.23963,19.47851,834434,"Naucalpan de Juarez, EM",geonames,3522790
San Luis Potosi,SL,-100.9855,22.1565,824229,"San Luis Potosi, SL",curated,
Saltillo,CO,-100.9767,25.4232,823128,"Saltillo, CO",curated,
Culiacan,SI,-107.394,24.8091,808416,"Culiacan, SI",curated,
San Pedro Sula,HN,-88.02588,15.50585,801259,"San Pedro Sula, HN",geonames,3601782
Hempstead,NY,-73.6187,40.7062,793409,"Hempstead, NY",curated,
Austin,TX,-97.7437,30.2711,787874,"Austin, TX",curated,
Winnipeg,MB,-97.1384,49.8954,749607,"Winnipeg, MB",curated,
Monmouth,NJ,-74.1671,40.2932,738361,"Monmouth, NJ",curated,
Seattle,WA,-122.3321,47.6062,737015,"Seattle, WA",curated,
Aguascalientes,AG,-102.2916,21.8853,722250,Aguascalientes,curated,
North Metro Atlanta,GA,-84.3578,33.8457,720000,"North Metro Atlanta, GA",curated,
ile Jesus,QC,-73.7212,45.5571,720000,"ile Jesus, QC",curated,
Mississauga,ON,-79.6441,43.589,717961,"Mississauga, ON",curated,
Bucks,PA,-75.1264,40.3452,717162,"Bucks, PA",curated,
Denver,CO,-104.9903,39.7392,715522,"Denver, CO",curated,
Reynosa,TM,-98.2972,26.0508,704767,"Reynosa, TM",curated,
Santo Domingo Oeste,DO,-70.0,18.5,701269,Santo Domingo Oeste,geonames,7874116
Santo Domingo Este,DO,-69.84757,18.48511,700000,Santo Domingo Este,geonames,8601412
Torreon,CO,-103.4244,25.5428,690193,"Torreon, CO",curated,
Mexicali,BC,-115.4683,32.6245,689775,"Mexicali, BC",curated,
Nashville,TN,-86.7816,36.1627,689447,"Nashville, TN",curated,
Oklahoma City,OK,-97.5164,35.4676,681054,"Oklahoma City, OK",curated,
El Paso,TX,-106.485,31.7619,678815,"El Paso, TX",curated,
Boston,MA,-71.0589,42.3601,675647,"Boston, MA",curated,
Guadalupe,NL,-100.25907,25.67663,673616,"Guadalupe, NL",geonames,4005492
Acapulco,GR,-99.8237,16.8531,673479,"Acapulco, GR",curated,
Washington,DC,-77.0369,38.9072,670050,Washington D.C.,curated,
Vancouver,BC,-123.1207,49.2827,662248,"Vancouver, BC",curated,
Acapulco de Juarez,GR,-99.90891,16.84942,658609,"Acapulco de Juarez, GR",geonames,3533462
Brampton,ON,-79.7624,43.7315,656480,"Brampton, ON",curated,
Durango,DG,-104.6576,24.0277,654876,"Durango, DG",curated,
Tlalnepantla,EM,-99.19538,19.54005,653410,"Tlalnepantla, EM",geonames,3515431
Portland,OR,-122.6765,45.5152,652503,"Portland, OR",curated,
Tlaquepaque,JA,-103.29342,20.64121,650123,"Tlaquepaque, JA",geonames,3981461
Las Vegas,NV,-115.1398,36.1699,641903,"Las Vegas, NV",curated,
Detroit,MI,-83.0458,42.3314,639111,"Detroit, MI",curated,
Memphis,TN,-89.9785,35.1495,633104,"Memphis, TN",curated,
Louisville,KY,-85.7585,38.2527,633045,Louisville,curated,
Villa Nueva,GUA,-90.58544,14.52512,618397,Villa Nueva,geonames,3587902
Coyoacan,DF,-99.16174,19.3467,614447,"Coyoacan, DF",geonames,3530139
Veracruz,VE,-96.1342,19.1738,607209,"Veracruz, VE",curated,
Tuxtla,CS,-93.11578,16.75357,604147,"Tuxtla, CS",geonames,3515001
Oaxaca,OA,-96.7266,17.0732,593698,"Oaxaca, OA",curated,
Baltimore,MD,-76.6122,39.2904,585708,"Baltimore, MD",curated,
Milwaukee,WI,-87.9065,43.0389,577222,"Milwaukee, WI",curated,
Tlalpan,DF,-99.16206,19.29513,574577,"Tlalpan, DF",geonames,3515428
Hamilton,ON,-79.8711,43.2557,569353,"Hamilton, ON",curated,
Surrey,BC,-122.849,49.1913,568322,"Surrey, BC",curated,
Albuquerque,NM,-106.6504,35.0844,564559,"Albuquerque, NM",curated,
Santiago de Cuba,CU,-75.8152,20.0247,555865,Santiago de Cuba,curated,
Cuautitlan Izcalli,EM,-99.21598,19.64388,555163,"Cuautitlan Izcalli, EM",geonames,3515807
Quebec City,QC,-71.208,46.8139,549459,"Quebec City, QC",curated,
Tucson,AZ,-110.9747,32.2226,542629,"Tucson, AZ",curated,
Fresno,CA,-119.7871,36.7378,542107,"Fresno, CA",curated,
Tuxtla Gutierrez,CS,-93.1029,16.7516,537102,"Tuxtla Gutierrez, CS",curated,
Quebec,QC,-71.21454,46.81228,531902,"Quebec, QC",geonames,6325494
Cuauhtemoc,DF,-99.14612,19.44506,531831,"Cuauhtemoc, DF",geonames,3827409
San Salvador,SV,-89.18718,13.68935,525990,"San Salvador, SV",geonames,3583361
Sacramento,CA,-121.4944,38.5816,524943,"Sacramento, CA",curated,
Victoria de Durango,DG,-104.65756,24.02032,518709,"Victoria de Durango, DG",geonames,4011743
Onondaga,NY,-76.1474,43.0481,518400,"Onondaga, NY",curated,
Carrefour,HT,-72.4,18.53333,511345,Carrefour,geonames,6201369
Heroica Matamoros,TM,-97.50417,25.87972,510739,"Heroica Matamoros, TM",geonames,3523466
Kansas City,MO,-94.5786,39.0997,508090,"Kansas City, MO",curated,
Mesa,AZ,-111.8315,33.4152,504258,"Mesa, AZ",curated,
Mazatlan,SI,-106.4111,23.2494,501441,"Mazatlan, SI",curated,
Atlanta,GA,-84.388,33.749,498715,"Atlanta, GA",curated,
Staten Island,NY,-74.1502,40.5795,495747,"Staten Island, NY",curated,
Toluca,EM,-99.65324,19.28786,489333,"Toluca, EM",geonames,3515302
Matamoros,TM,-97.5027,25.869,489193,"Matamoros, TM",curated,
Ciudad Lopez Mateos,EM,-99.25675,19.55793,489160,"Ciudad Lopez Mateos, EM",geonames,3532624
Omaha,NE,-95.9345,41.2565,486051,"Omaha, NE",curated,
Colorado Springs,CO,-104.8214,38.8339,478961,"Colorado Springs, CO",curated,
Long Beach,CA,-118.18923,33.76696,474140,"Long Beach, CA",geonames,5367929
Raleigh,NC,-78.6382,35.7796,467665,"Raleigh, NC",curated,
Ciudad Apodaca,NL,-100.18911,25.78143,467157,"Ciudad Apodaca, NL",geonames,4018390
Mixco,GUA,-90.60711,14.63077,465773,Mixco,geonames,3592519
Virginia Beach,VA,-75.978,36.8529,459470,"Virginia Beach, VA",curated,
Ciudad General Escobedo,NL,-100.31767,25.79663,454967,"Ciudad General Escobedo, NL",geonames,4005867
Westmoreland,PA,-79.4873,40.293,443991,"Westmoreland, PA",curated,
Miami,FL,-80.1918,25.7617,442241,"Miami, FL",curated,
Xochimilco,DF,-99.10356,19.25465,442178,"Xochimilco, DF",geonames,3514450
Oakland,CA,-122.2711,37.8044,440646,"Oakland, CA",curated,
Halifax,NS,-63.5752,44.6488,439819,"Halifax, NS",curated,
Laval,QC,-73.7497,45.6066,438366,"Laval, QC",curated,
Minneapolis,MN,-93.265,44.9778,429954,"Minneapolis, MN",curated,
Nuevo Laredo,TM,-99.5069,27.4861,425058,"Nuevo Laredo, TM",curated,
Xalapa de Enriquez,VE,-96.91589,19.53124,424755,"Xalapa de Enriquez, VE",geonames,3526617
London,ON,-81.2497,42.9849,422324,"London, ON",curated,
Azcapotzalco,DF,-99.18594,19.48698,414711,"Azcapotzalco, DF",geonames,3532497
Tulsa,OK,-95.9928,36.154,413066,"Tulsa, OK",curated,
San Nicolas de los Garza,NL,-100.30222,25.74167,412199,"San Nicolas de los Garza, NL",geonames,3985241
Orange,NY,-74.0098,41.5001,409640,"Orange, NY",curated,
Tonala,JA,-103.24168,20.62263,408759,"Tonala, JA",geonames,3981369
Panama City,PA,-79.51973,8.9936,408168,"Panama City, PA",geonames,3703443
Bakersfield,CA,-119.0187,35.3733,403455,"Bakersfield, CA",curated,
Wichita,KS,-97.3301,37.6872,397532,"Wichita, KS",curated,
Delmas,HT,-72.30036,18.54478,395260,Delmas,geonames,3726786
Arlington,TX,-97.1081,32.7357,394266,"Arlington, TX",curated,
Ojo de Agua,EM,-99.01,19.68028,386290,"Ojo de Agua, EM",geonames,3827598
Aurora,CO,-104.8319,39.7294,386261,"Aurora, CO",curated,
Tampa,FL,-82.4572,27.9506,384959,"Tampa, FL",curated,
Xico,EM,-98.95088,19.27032,384327,"Xico, EM",geonames,3514519
Iztacalco,DF,-99.09778,19.39528,384326,"Iztacalco, DF",geonames,3526700
New Orleans,LA,-90.0715,29.9511,383997,"New Orleans, LA",curated,
Irapuato,GT,-101.35577,20.671,380941,"Irapuato, GT",geonames,4004330
Petionville,HT,-72.28528,18.5125,376834,Petionville,geonames,3719028
Miguel Hidalgo,DF,-99.20024,19.43411,372889,"Miguel Hidalgo, DF",geonames,3827408
Cleveland,OH,-81.6944,41.4993,372624,"Cleveland, OH",curated,
Port of Spain,TT,-61.5086,10.6596,370074,Port of Spain,curated,
Cuernavaca,MO,-99.2216,18.9242,366321,"Cuernavaca, MO",curated,
Etobicoke,ON,-79.56985,43.64415,365000,"Etobicoke, ON",geonames,5950268
Ensenada,BC,-116.5964,31.8667,357000,"Ensenada, BC",curated,
Benito Juarez,DF,-99.15766,19.3984,355017,"Benito Juarez, DF",geonames,3827406
Villahermosa,TB,-92.9475,17.9895,353577,"Villahermosa, TB",curated,
Honolulu,HI,-157.8583,21.3069,350964,"Honolulu, HI",curated,
Camagueey,CU,-77.91694,21.38083,347562,Camagueey,geonames,3566067
Anaheim,CA,-117.9143,33.8366,346824,"Anaheim, CA",curated,
San Juan,PR,-66.1057,18.4655,342259,"San Juan, PR",curated,
Celaya,GT,-100.81399,20.52181,340387,"Celaya, GT",geonames,4014875
Markham,ON,-79.337,43.8561,338503,"Markham, ON",curated,
San Jose,CR,-84.08489,9.93388,335007,"San Jose, CR",geonames,3621849
Tepic,NA,-104.8455,21.5039,332863,"Tepic, NA",curated,
Soledad de Graciano Sanchez,SL,-100.93792,22.18912,332072,"Soledad de Graciano Sanchez, SL",geonames,3982912
Soyapango,SV,-89.13989,13.71024,329708,"Soyapango, SV",geonames,3583096
Vaughan,ON,-79.49827,43.8361,323103,"Vaughan, ON",geonames,6173577
Lexington,KY,-84.5037,38.0406,322570,Lexington,curated,
Ixtapaluca,EM,-98.88284,19.31556,322271,"Ixtapaluca, EM",geonames,3526682
San Miguelito,PA,-79.47068,9.05032,321501,"San Miguelito, PA",geonames,3701329
Stockton,CA,-121.2908,37.9577,320804,"Stockton, CA",curated,
Henderson,NV,-114.9817,36.0395,320189,"Henderson, NV",curated,
Holguin,CU,-76.26306,20.88722,319102,Holguin,geonames,3556969
Corpus Christi,TX,-97.3964,27.8006,317863,"Corpus Christi, TX",curated,
Saskatoon,SK,-106.67,52.1579,317260,"Saskatoon, SK",curated,
Riverside,CA,-117.3962,33.9533,314998,"Riverside, CA",curated,
Lexington-Fayette,KY,-84.45855,38.0498,314488,Lexington-Fayette,geonames,4297999
Newark,NJ,-74.1724,40.7357,311549,"Newark, NJ",curated,
St. Paul,MN,-93.09,44.9537,311527,"St. Paul, MN",curated,
Coatzacoalcos,VE,-94.4447,18.14905,310698,"Coatzacoalcos, VE",geonames,3530517
Santa Ana,CA,-117.86783,33.74557,310227,"Santa Ana, CA",geonames,5392900
Cincinnati,OH,-84.512,39.1031,309317,"Cincinnati, OH",curated,
Ciudad Benito Juarez,NL,-100.09142,25.6466,308285,"Ciudad Benito Juarez, NL",geonames,4003757
Orlando,FL,-81.3792,28.5383,307573,"Orlando, FL",curated,
Los Mochis,SI,-108.9902,25.7928,307200,"Los Mochis, SI",curated,
Port-de-Paix,HT,-72.83037,19.93984,306217,Port-de-Paix,geonames,3718420
Ciudad Victoria,TM,-99.1411,23.7369,305155,"Ciudad Victoria, TM",curated,
Tlahuac,DF,-99.00507,19.28689,305076,"Tlahuac, DF",geonames,3515463
Santa Catarina,NL,-100.45813,25.67325,304052,"Santa Catarina, NL",geonames,3984583
Saint Paul,MN,-93.09327,44.94441,303176,"Saint Paul, MN",geonames,5045360
Pittsburgh,PA,-79.9959,40.4406,302971,"Pittsburgh, PA",curated,
St. Louis,MO,-90.1994,38.627,301578,"St. Louis, MO",curated,
Uruapan,MI,-102.05842,19.41677,299523,"Uruapan, MI",geonames,3980760
Greensboro,NC,-79.792,36.0726,299035,"Greensboro, NC",curated,
Tampico,TM,-97.8686,22.2553,297284,"Tampico, TM",curated,
Cholula,PU,-98.30352,19.06406,292881,"Cholula, PU",geonames,3530757
Jersey City,NJ,-74.0776,40.7178,292449,"Jersey City, NJ",curated,
Anchorage,AK,-149.9003,61.2181,291247,"Anchorage, AK",curated,
Lincoln,NE,-96.6859,40.8136,291082,"Lincoln, NE",curated,
Gatineau,QC,-75.701,45.4765,291041,"Gatineau, QC",curated,
Meads,KY,-82.70905,38.41258,288649,Meads,geonames,4300488
Plano,TX,-96.6989,33.0198,285494,"Plano, TX",curated,
Nicolas Romero,EM,-99.3068,19.64177,281799,"Nicolas Romero, EM",geonames,3522732
Zumpango,EM,-99.09946,19.7967,280455,"Zumpango, EM",geonames,3513966
Durham,NC,-78.8986,35.994,278993,"Durham, NC",curated,
Buffalo,NY,-78.8784,42.8864,278349,"Buffalo, NY",curated,
Coacalco,EM,-99.10689,19.62923,277959,"Coacalco, EM",geonames,3530569
Pachuca,HG,-98.7591,20.1011,277375,"Pachuca, HG",curated,
Chandler,AZ,-111.8413,33.3062,275987,"Chandler, AZ",curated,
Chula Vista,CA,-117.0842,32.6401,275487,"Chula Vista, CA",curated,
Cap-Haitien,HT,-72.2014,19.7596,274404,Cap-Haitien,curated,
Nassau,BS,-77.3554,25.0479,274400,Nassau,curated,
Guantanamo,CU,-75.20917,20.14444,272801,Guantanamo,geonames,3557689
Toledo,OH,-83.5379,41.6528,270871,"Toledo, OH",curated,
Madison,WI,-89.4012,43.0731,269840,"Madison, WI",curated,
Saint-Marc,HT,-72.70078,19.11136,266642,Saint-Marc,geonames,3717588
Reno,NV,-119.8138,39.5296,264165,"Reno, NV",curated,
Eastern Townships,QC,-71.889,45.4033,264000,"Eastern Townships, QC",curated,
Lubbock,TX,-101.8552,33.5779,263930,"Lubbock, TX",curated,
Fort Wayne,IN,-85.1394,41.0793,263886,"Fort Wayne, IN",curated,
North Las Vegas,NV,-115.1175,36.1989,262527,"North Las Vegas, NV",curated,
Harford,MD,-76.3049,39.5485,262308,"Harford, MD",curated,
St. Petersburg,FL,-82.6403,27.7676,258308,"St. Petersburg, FL",curated,
Irvine,CA,-117.82311,33.66946,256927,"Irvine, CA",geonames,5359777
Kitchener,ON,-80.4925,43.4516,256885,"Kitchener, ON",curated,
Irving,TX,-96.9489,32.814,256684,"Irving, TX",curated,
Pachuca de Soto,HG,-98.73329,20.11697,256584,"Pachuca de Soto, HG",geonames,3522210
Laredo,TX,-99.5075,27.5036,255205,"Laredo, TX",curated,
Longueuil,QC,-73.5185,45.5312,254483,"Longueuil, QC",curated,
Santa Clara,CU,-79.96581,22.40711,250512,Santa Clara,geonames,3537906
La Paz,BS,-110.31316,24.14231,250141,La Paz,geonames,4000900
Campeche,CM,-90.5349,19.8301,249623,"Campeche, CM",curated,
Winston-Salem,NC,-80.2442,36.0999,249545,"Winston-Salem, NC",curated,
Chesapeake,VA,-76.2875,36.7682,249422,"Chesapeake, VA",curated,
Burnaby,BC,-122.9826,49.2488,249125,"Burnaby, BC",curated,
Tehuacan,PU,-97.39735,18.46422,248716,"Tehuacan, PU",geonames,3516109
Glendale,AZ,-112.1859,33.5387,248325,"Glendale, AZ",curated,
Buncombe,NC,-82.5508,35.5954,247628,"Buncombe, NC",curated,
Gilbert,AZ,-111.78903,33.35283,247542,"Gilbert, AZ",geonames,5295903
San Miguel,SV,-88.18211,13.48261,247126,"San Miguel, SV",geonames,3583446
Garland,TX,-96.6389,32.9126,246543,"Garland, TX",curated,
Norfolk,VA,-76.2859,36.8508,244703,"Norfolk, VA",curated,
Tri-Cities,WA,-119.19617,46.2454,244036,"Tri-Cities, WA",geonames,7289169
Ciudad Obregon,SO,-109.9338,27.4847,240000,"Ciudad Obregon, SO",curated,
Magdalena Contreras,DF,-99.21118,19.33212,238431,"Magdalena Contreras, DF",geonames,3523760
Scottsdale,AZ,-111.89903,33.50921,236839,"Scottsdale, AZ",geonames,5313457
Boise,ID,-116.2023,43.615,235684,"Boise, ID",curated,
Danli,HN,-86.58333,14.03333,233789,"Danli, HN",geonames,3612907
Fremont,CA,-121.98857,37.54827,232206,"Fremont, CA",geonames,5350734
Windsor,ON,-83.0377,42.3149,229660,"Windsor, ON",curated,
Croix-des-Bouquets,HT,-72.22625,18.57677,229127,Croix-des-Bouquets,geonames,3727135
Spokane,WA,-117.426,47.6588,228989,"Spokane, WA",curated,
Santa Clarita,CA,-118.5426,34.3917,228673,"Santa Clarita, CA",curated,
Gomez Palacio,DG,-103.4948,25.5732,228000,"Gomez Palacio, DG",curated,
Baton Rouge,LA,-91.1871,30.4515,227470,"Baton Rouge, LA",curated,
Richmond,VA,-77.436,37.5407,226610,"Richmond, VA",curated,
Regina,SK,-104.6189,50.4452,226004,"Regina, SK",curated,
Muscogee,GA,-84.8502,32.4841,223549,"Muscogee, GA",curated,
Paradise,NV,-115.14666,36.09719,223167,"Paradise, NV",geonames,5509952
Hialeah,FL,-80.2781,25.8576,223109,"Hialeah, FL",curated,
San Bernardino,CA,-117.2898,34.1083,222101,"San Bernardino, CA",curated,
La Ceiba,HN,-86.78221,15.75971,222055,"La Ceiba, HN",geonames,3608248
Tacoma,WA,-122.4443,47.2529,219346,"Tacoma, WA",curated,
Modesto,CA,-120.9969,37.6391,218464,"Modesto, CA",curated,
San Pedro de Macoris,DO,-69.30864,18.4539,217899,San Pedro de Macoris,geonames,3493032
Tapachula,CS,-92.2574,14.9039,217450,"Tapachula, CS",curated,
Buenavista,EM,-99.16944,19.60833,216776,"Buenavista, EM",geonames,3827606
Ciudad Acuna,CO,-100.95217,29.32322,216099,"Ciudad Acuna, CO",geonames,4013728
San Cristobal de las Casas,CS,-92.63825,16.73006,215874,"San Cristobal de las Casas, CS",geonames,3519537
Jiutepec,MO,-99.17778,18.88139,215357,"Jiutepec, MO",geonames,3526485
Monclova,CO,-101.42056,26.90687,215271,"Monclova, CO",geonames,3995523
Huntsville,AL,-86.5861,34.7304,215006,"Huntsville, AL",curated,
Des Moines,IA,-93.6091,41.5868,214133,"Des Moines, IA",curated,
Oakville,ON,-79.68292,43.45011,213759,"Oakville, ON",geonames,6092122
Fontana,CA,-117.43505,34.09223,212704,"Fontana, CA",geonames,5349755
Coban,GUA,-90.37455,15.47025,212047,Coban,geonames,3598119
Yonkers,NY,-73.8987,40.9312,211569,"Yonkers, NY",curated,
Rochester,NY,-77.6109,43.1566,211328,"Rochester, NY",curated,
Arroyo Naranjo,CU,-82.37703,23.03811,210053,Arroyo Naranjo,geonames,3568342
Richmond,BC,-123.13683,49.17003,209937,"Richmond, BC",geonames,6122085
Fayetteville,NC,-78.8784,35.0527,208501,"Fayetteville, NC",curated,
La Romana,DO,-68.96635,18.42332,208437,La Romana,geonames,3500957
Arlington,VA,-77.10428,38.88101,207627,"Arlington, VA",geonames,4744709
Columbus,GA,-84.9877,32.4609,206922,"Columbus, GA",curated,
Worcester,MA,-71.8023,42.2626,206518,"Worcester, MA",curated,
Port St. Lucie,FL,-80.3582,27.273,204851,"Port St. Lucie, FL",curated,
Cordoba,VE,-96.92559,18.8842,204721,"Cordoba, VE",geonames,3530240
Moreno Valley,CA,-117.23059,33.93752,204198,"Moreno Valley, CA",geonames,5374732
St. Clair,MI,-82.6284,42.9427,204000,"St. Clair, MI",curated,
Las Tunas,CU,-76.95192,20.96135,203684,Las Tunas,geonames,3550598
Cabo San Lucas,BS,-109.91238,22.89088,202694,Cabo San Lucas,geonames,3985710
Little Rock,AR,-92.2896,34.7465,202591,"Little Rock, AR",curated,
Augusta,GA,-81.9748,33.4735,202081,"Augusta, GA",curated,
Oxnard,CA,-119.1771,34.1975,202079,"Oxnard, CA",curated,
Richmond Hill,ON,-79.43725,43.87111,202022,"Richmond Hill, ON",geonames,6122091
Huntington Beach,CA,-117.99923,33.6603,201899,"Huntington Beach, CA",geonames,5358705
Glendale,CA,-118.25508,34.14251,201020,"Glendale, CA",geonames,5352423
Cypress,TX,-95.69717,29.96911,200839,"Cypress, TX",geonames,4684724
Birmingham,AL,-86.8025,33.5207,200733,"Birmingham, AL",curated,
Montgomery,AL,-86.3,32.3792,200603,"Montgomery, AL",curated,
Frisco,TX,-96.8236,33.1507,200509,"Frisco, TX",curated,
Amarillo,TX,-101.8313,35.222,200393,"Amarillo, TX",curated,
Salt Lake City,UT,-111.891,40.7608,199723,"Salt Lake City, UT",curated,
Grand Rapids,MI,-85.6681,42.9634,198917,"Grand Rapids, MI",curated,
Overland Park,KS,-94.6708,38.9822,197238,"Overland Park, KS",curated,
Ciudad Madero,TM,-97.83665,22.2475,197216,"Ciudad Madero, TM",geonames,3530594
Tallahassee,FL,-84.2807,30.4383,196169,"Tallahassee, FL",curated,
Ciudad Lazaro Cardenas,MI,-102.19887,17.96256,196003,"Ciudad Lazaro Cardenas, MI",geonames,4026082
McKinney,TX,-96.6398,33.1972,195308,"McKinney, TX",curated,
Cape Coral,FL,-81.9495,26.5629,194016,"Cape Coral, FL",curated,
Bayamo,CU,-76.64272,20.37368,192632,Bayamo,geonames,3567597
Sioux Falls,SD,-96.7311,43.5446,192517,"Sioux Falls, SD",curated,
New Hanover,NC,-77.8819,34.2751,192368,"New Hanover, NC",curated,
Ciudad del Carmen,CM,-91.82991,18.64592,191238,"Ciudad del Carmen, CM",geonames,3530599
Peoria,AZ,-112.23738,33.5806,190985,"Peoria, AZ",geonames,5308480
Providence,RI,-71.4128,41.824,190934,"Providence, RI",curated,
Vancouver,WA,-122.6615,45.6387,190915,"Vancouver, WA",curated,
Knoxville,TN,-83.9207,35.9606,190740,"Knoxville, TN",curated,
Akron,OH,-81.519,41.0814,190469,"Akron, OH",curated,
Sunrise Manor,NV,-115.07306,36.21108,189372,"Sunrise Manor, NV",geonames,5513343
Grand Prairie,TX,-96.99778,32.74596,187809,"Grand Prairie, TX",geonames,4694482
Shreveport,LA,-93.7502,32.5252,187593,"Shreveport, LA",curated,
Chilpancingo,GR,-99.5024,17.5506,187251,"Chilpancingo, GR",curated,
Mobile,AL,-88.0431,30.6954,187041,"Mobile, AL",curated,
Pinar del Rio,CU,-83.69657,22.41649,186990,Pinar del Rio,geonames,3544091
Burlington,ON,-79.83713,43.38621,186948,"Burlington, ON",geonames,5911592
Brownsville,TX,-97.4975,25.9017,186738,"Brownsville, TX",curated,
Cienfuegos,CU,-80.4481,22.14681,186644,Cienfuegos,geonames,3564124
Newport News,VA,-76.473,37.0871,186247,"Newport News, VA",curated,
Zamora de Hidalgo,MI,-102.28634,19.98404,186102,"Zamora de Hidalgo, MI",geonames,3979802
Poza Rica de Hidalgo,VE,-97.45946,20.53315,185242,"Poza Rica de Hidalgo, VE",geonames,3521168
Bayamon,PR,-66.1557,18.3989,185187,"Bayamon, PR",curated,
Fort Lauderdale,FL,-80.1373,26.1224,182760,"Fort Lauderdale, FL",curated,
Dessalines,HT,-72.51611,19.26177,181903,Dessalines,geonames,3726540
Chattanooga,TN,-85.3097,35.0456,181099,"Chattanooga, TN",curated,
Quetzaltenango,GUA,-91.52316,14.84462,180706,Quetzaltenango,geonames,3590979
Aurora,IL,-88.3201,41.7606,180542,"Aurora, IL",curated,
Nepean,ON,-75.7225,45.33619,180000,"Nepean, ON",geonames,6087029
Onslow,NC,-78.1939,34.3167,180000,"Onslow, NC",curated,
Vaudreuil-Soulanges,QC,-74.0255,45.3972,180000,"Vaudreuil-Soulanges, QC",curated,
Cuautitlan,EM,-99.17989,19.67052,178847,"Cuautitlan, EM",geonames,3529986
Fontanar,CU,-82.408,23.02389,178601,Fontanar,geonames,3558729
Spring Valley,NV,-115.245,36.10803,178395,"Spring Valley, NV",geonames,5512909
Santa Rosa,CA,-122.7141,38.4404,178127,"Santa Rosa, CA",curated,
Cape Breton Island,NS,-60.1942,46.1382,176896,"Cape Breton Island, NS",curated,
San Luis Rio Colorado,SO,-114.77037,32.4555,176685,"San Luis Rio Colorado, SO",geonames,3985604
Santa Ana,SV,-89.55685,13.98827,176661,"Santa Ana, SV",geonames,3583334
Eugene,OR,-123.0868,44.0521,176654,"Eugene, OR",curated,
Tempe,AZ,-111.90931,33.41477,175826,"Tempe, AZ",geonames,5317058
Oceanside,CA,-117.37948,33.19587,175691,"Oceanside, CA",geonames,5378771
Salem,OR,-123.0351,44.9429,175535,"Salem, OR",curated,
Garden Grove,CA,-117.94145,33.77391,175393,"Garden Grove, CA",geonames,5351515
Oshawa,ON,-78.84957,43.90012,175383,"Oshawa, ON",geonames,6094578
Ontario,CA,-117.6509,34.0633,175265,"Ontario, CA",curated,
Rancho Cucamonga,CA,-117.59311,34.1064,175236,"Rancho Cucamonga, CA",geonames,5385955
Cary,NC,-78.7811,35.7915,174721,"Cary, NC",curated,
San Miguel de Allende,GT,-100.74389,20.91528,174615,"San Miguel de Allende, GT",geonames,3985344
Sherbrooke,QC,-71.8993,45.4042,172950,"Sherbrooke, QC",curated,
Chicoloapan,EM,-98.90202,19.41687,172919,"Chicoloapan, EM",geonames,3530937
Puerto Vallarta,JA,-105.2203,20.6407,171600,"Puerto Vallarta, JA",curated,
Guadalupe,ZA,-102.5188,22.74678,170029,"Guadalupe, ZA",geonames,4005509
Fort Collins,CO,-105.0844,40.5853,169810,"Fort Collins, CO",curated,
Palmdale,CA,-118.1165,34.5794,169450,"Palmdale, CA",curated,
Springfield,MO,-93.2923,37.209,169176,"Springfield, MO",curated,
Chetumal,QR,-88.30397,18.51957,169028,"Chetumal, QR",geonames,3531023
Chalco,EM,-98.89775,19.26174,168720,"Chalco, EM",geonames,3531200
Cuauhtemoc,CH,-106.86667,28.4063,168482,"Cuauhtemoc, CH",geonames,4012406
Chautauqua,NY,-79.4217,42.2895,167700,"Chautauqua, NY",curated,
Elk Grove,CA,-121.37162,38.4088,166913,"Elk Grove, CA",geonames,5346111
Clarksville,TN,-87.3595,36.5298,166722,"Clarksville, TN",curated,
Pembroke Pines,FL,-80.22394,26.00315,166611,"Pembroke Pines, FL",geonames,4168139
Comitan,CS,-92.13668,16.24004,166178,"Comitan, CS",geonames,3530367
Greater Sudbury,ON,-80.99001,46.49,166004,"Greater Sudbury, ON",geonames,5964700
Sudbury,ON,-80.993,46.4917,166004,"Sudbury, ON",curated,
Port Saint Lucie,FL,-80.35033,27.29393,164603,"Port Saint Lucie, FL",geonames,4169171
Corona,CA,-117.56644,33.87529,164226,"Corona, CA",geonames,5339631
Salinas,CA,-121.6555,36.6777,163542,"Salinas, CA",curated,
Centre,PA,-77.7866,40.9382,162909,"Centre, PA",curated,
Lancaster,CA,-118.13674,34.69804,161103,"Lancaster, CA",geonames,5364940
Salamanca,GT,-101.1977,20.56979,160682,"Salamanca, GT",geonames,3988214
Delegacion Cuajimalpa de Morelos,DF,-99.29089,19.3692,160491,"Delegacion Cuajimalpa de Morelos, DF",geonames,3530049
Mejicanos,SV,-89.188,13.72397,160317,"Mejicanos, SV",geonames,3584399
Manzanillo,CL,-104.34214,19.11695,159853,"Manzanillo, CL",geonames,3996663
Jalapa,GUA,-89.99112,14.63542,159840,Jalapa,geonames,3595237
Paterson,NJ,-74.1638,40.9168,159732,"Paterson, NJ",curated,
Alexandria,VA,-77.0469,38.8048,159467,"Alexandria, VA",curated,
Tuxtepec,OA,-96.12535,18.0883,159452,"Tuxtepec, OA",geonames,3518723
San Miguel del Padron,CU,-82.32669,23.09544,159273,San Miguel del Padron,geonames,3538803
Tempe Junction,AZ,-111.94348,33.41421,158368,"Tempe Junction, AZ",geonames,5317071
Hayward,CA,-122.0808,37.66882,158289,"Hayward, CA",geonames,5355933
Macon,GA,-83.6326,32.8407,157346,"Macon, GA",curated,
Cuautla,MO,-98.93525,18.8106,157336,"Cuautla, MO",geonames,3529982
Kansas City,KS,-94.6275,39.1141,156607,"Kansas City, KS",curated,
Escuintla,GUA,-90.78816,14.30097,156313,Escuintla,geonames,3595803
San Pablo de las Salinas,EM,-99.09477,19.66658,156191,"San Pablo de las Salinas, EM",geonames,3518135
Lakewood,CO,-105.0814,39.7047,155984,"Lakewood, CO",curated,
Sunnyvale,CA,-122.03635,37.36883,155805,"Sunnyvale, CA",geonames,5400075
San Martin Texmelucan de Labastida,PU,-98.43885,19.28431,155738,"San Martin Texmelucan de Labastida, PU",geonames,3518407
Villa Canales,GUA,-90.53425,14.48285,155423,Villa Canales,geonames,3587923
Springfield,MA,-72.5898,42.1015,155032,"Springfield, MA",curated,
Carolina,PR,-65.9574,18.3808,154815,"Carolina, PR",curated,
San Cristobal,DO,-70.10682,18.41713,154040,San Cristobal,geonames,3511540
East Chattanooga,TN,-85.24912,35.06535,154024,"East Chattanooga, TN",geonames,4619947
Pasadena,TX,-95.2091,29.69106,153784,"Pasadena, TX",geonames,4717782
Jackson,MS,-90.1848,32.2988,153701,"Jackson, MS",curated,
Abbotsford,BC,-122.3045,49.0504,153524,"Abbotsford, BC",curated,
Pomona,CA,-117.75228,34.05529,153266,"Pomona, CA",geonames,5384170
Killeen,TX,-97.7278,31.1171,153095,"Killeen, TX",curated,
Murfreesboro,TN,-86.3903,35.8456,152769,"Murfreesboro, TN",curated,
Bellevue,WA,-122.2007,47.6101,151854,"Bellevue, WA",curated,
Escondido,CA,-117.08642,33.11921,151038,"Escondido, CA",geonames,5346827
Joliet,IL,-88.0817,41.525,150362,"Joliet, IL",curated,
Charleston,SC,-79.9311,32.7765,150227,"Charleston, SC",curated,
Piedras Negras,CO,-100.52353,28.70007,150178,"Piedras Negras, CO",geonames,3992619
Gloucester,ON,-75.63333,45.35,150012,"Gloucester, ON",geonames,5962204
Playa del Carmen,QR,-87.07987,20.6274,149923,"Playa del Carmen, QR",geonames,3521342
Hollywood,FL,-80.14949,26.0112,149728,"Hollywood, FL",geonames,4158928
Naperville,IL,-88.1479,41.7508,149540,"Naperville, IL",curated,
Fresnillo,ZA,-102.8729,23.1811,148800,"Fresnillo, ZA",curated,
Rockford,IL,-89.094,42.2711,148655,"Rockford, IL",curated,
Bridgeport,CT,-73.1952,41.1865,148654,"Bridgeport, CT",curated,
Coquitlam,BC,-122.78217,49.2846,148625,"Coquitlam, BC",geonames,5927690
Syracuse,NY,-76.1474,43.0481,148620,"Syracuse, NY",curated,
Valencia,CA,-118.60953,34.44361,148456,"Valencia, CA",geonames,5405288
Ciudad Delicias,CH,-105.47012,28.19013,148045,"Ciudad Delicias, CH",geonames,4013720
East Hampton,VA,-76.33161,37.03737,147993,"East Hampton, VA",geonames,4756955
Barrie,ON,-79.66634,44.40011,147829,"Barrie, ON",geonames,5894171
Savannah,GA,-81.0998,32.0809,147780,"Savannah, GA",curated,
Roseville,CA,-121.288,38.7521,147773,"Roseville, CA",curated,
Matanzas,CU,-81.58284,23.04388,146733,Matanzas,geonames,3547398
Rosemont-La Petite-Patrie,QC,-73.60686,45.53661,146501,"Rosemont-La Petite-Patrie, QC",geonames,13546323
Puerto Plata,DO,-70.6884,19.79344,146000,Puerto Plata,geonames,3493175
Jutiapa,GUA,-89.88798,14.28491,145880,Jutiapa,geonames,3595069
Spanish Town,JM,-76.95742,17.99107,145018,Spanish Town,geonames,3488465
Villeray-Saint-Michel-Parc-Extension,QC,-73.60535,45.55869,144814,"Villeray-Saint-Michel-Parc-Extension, QC",geonames,13546324
Mesquite,TX,-96.59916,32.7668,144788,"Mesquite, TX",geonames,4710826
Saguenay,QC,-71.0683,48.428,144723,"Saguenay, QC",curated,
Kelowna,BC,-119.496,49.888,144576,"Kelowna, BC",curated,
Leon,NI,-86.87862,12.43527,144538,"Leon, NI",geonames,3618030
Laredos,TM,-99.5667,27.4831,144000,"Laredos, TM",curated,
Guelph,ON,-80.25599,43.54594,143740,"Guelph, ON",geonames,5967629
Torrance,CA,-118.34063,33.83585,143592,"Torrance, CA",geonames,5403022
Levis,QC,-71.17793,46.80326,143414,"Levis, QC",geonames,6325521
Surprise,AZ,-112.33322,33.63059,143148,"Surprise, AZ",geonames,5316428
Mercier-Hochelaga-Maisonneuve,QC,-73.54626,45.57194,142753,"Mercier-Hochelaga-Maisonneuve, QC",geonames,13546319
Puerto Cortez,HN,-87.92968,15.82562,142311,"Puerto Cortez, HN",geonames,3600026
Pasadena,CA,-118.14452,34.14778,142250,"Pasadena, CA",geonames,5381396
McAllen,TX,-98.23,26.2034,142210,"McAllen, TX",curated,
Ciego de Avila,CU,-78.76034,21.8422,142027,Ciego de Avila,geonames,3564178
Thornton,CO,-104.9719,39.868,141867,"Thornton, CO",curated,
Chichicastenango,GUA,-91.11116,14.94333,141567,Chichicastenango,geonames,3598655
Olathe,KS,-94.8191,38.8814,141290,"Olathe, KS",curated,
Gainesville,FL,-82.3248,29.6516,141085,"Gainesville, FL",curated,
Orange,CA,-117.85311,33.78779,140992,"Orange, CA",geonames,5379513
Fullerton,CA,-117.92534,33.87029,140847,"Fullerton, CA",geonames,5351247
Catacamas,HN,-85.89412,14.85114,140548,"Catacamas, HN",geonames,3613974
Nogales,SO,-110.945,31.3285,140400,"Nogales, SO",curated,
West Valley City,UT,-112.0011,40.6916,140230,"West Valley City, UT",curated,
Warren,MI,-83.0277,42.5145,139387,"Warren, MI",curated,
Trois-Rivieres,QC,-72.5477,46.3432,139163,"Trois-Rivieres, QC",curated,
Choloma,HN,-87.95302,15.61444,139100,"Choloma, HN",geonames,3613533
San Juan del Rio,QT,-99.99637,20.38897,138878,"San Juan del Rio, QT",geonames,3518692
Whitby,ON,-78.93287,43.88342,138501,"Whitby, ON",geonames,6180170
Waco,TX,-97.1467,31.5493,138486,"Waco, TX",curated,
Metairie,LA,-90.15285,29.98409,138481,"Metairie, LA",geonames,4333177
Jacmel,HT,-72.53686,18.23569,137966,Jacmel,geonames,3723779
Cedar Rapids,IA,-91.6656,41.9779,137710,"Cedar Rapids, IA",curated,
Dayton,OH,-84.1916,39.7589,137644,"Dayton, OH",curated,
Ponce,PR,-66.6141,18.0111,137491,"Ponce, PR",curated,
Colima,CL,-103.7241,19.2433,137383,"Colima, CL",curated,
Elizabeth,NJ,-74.2107,40.6639,137298,"Elizabeth, NJ",curated,
Hampton,VA,-76.3452,37.0299,137148,"Hampton, VA",curated,
Miramar,FL,-80.23227,25.98731,137132,"Miramar, FL",geonames,4164601
San Juan Sacatepequez,GUA,-90.64417,14.71889,136886,San Juan Sacatepequez,geonames,3589885
St. Catharines,ON,-79.24267,43.17126,136803,"St. Catharines, ON",geonames,6155721
Columbia,SC,-81.0348,34.0007,136632,"Columbia, SC",curated,
San Jose del Cabo,BS,-109.70367,23.05406,136285,San Jose del Cabo,geonames,3986172
Stamford,CT,-73.5387,41.0534,135470,"Stamford, CT",curated,
Petapa,GUA,-90.56196,14.50189,135447,Petapa,geonames,3591415
Victorville,CA,-117.2912,34.5361,134810,"Victorville, CA",curated,
Ciudad Valles,SL,-99.0734,22.0758,134400,"Ciudad Valles, SL",curated,
Sterling Heights,MI,-83.0302,42.5803,134346,"Sterling Heights, MI",curated,
Leogane,HT,-72.63343,18.5111,134190,Leogane,geonames,3722286
New Haven,CT,-72.9279,41.3083,134023,"New Haven, CT",curated,
Carrollton,TX,-96.89028,32.95373,133168,"Carrollton, TX",geonames,4679195
Milton,ON,-79.88294,43.51681,132979,"Milton, ON",geonames,6074377
Langley,BC,-122.65883,49.10107,132603,"Langley, BC",geonames,6049429
Midland,TX,-102.0779,31.9973,132524,"Midland, TX",curated,
Kingston,ON,-76.486,44.2312,132485,"Kingston, ON",curated,
San Pedro Garza Garcia,NL,-100.4034,25.66158,132128,"San Pedro Garza Garcia, NL",geonames,4005937
Denton,TX,-97.13307,33.21484,131044,"Denton, TX",geonames,4685907
Arcahaie,HT,-72.51226,18.77019,130306,Arcahaie,geonames,3731088
Masaya,NI,-86.09587,11.97316,130113,"Masaya, NI",geonames,3617723
Visalia,CA,-119.29206,36.33023,130104,"Visalia, CA",geonames,5406567
Cambridge,ON,-80.31269,43.3601,129920,"Cambridge, ON",geonames,5913695
Coral Springs,FL,-80.2706,26.27119,129485,"Coral Springs, FL",geonames,4151909
Thousand Oaks,CA,-118.83759,34.17056,129339,"Thousand Oaks, CA",geonames,5402405
Zacatecas,ZA,-102.58141,22.76843,129011,"Zacatecas, ZA",geonames,3979844
Manzanillo,CU,-77.11928,20.3424,128188,Manzanillo,geonames,3547867
Norman,OK,-97.4395,35.2226,128026,"Norman, OK",curated,
Siguatepeque,HN,-87.83102,14.59691,127468,"Siguatepeque, HN",geonames,3601311
Athens,GA,-83.3576,33.9519,127315,"Athens, GA",curated,
Caguas,PR,-66.0356,18.2341,127244,"Caguas, PR",curated,
Sancti Spiritus,CU,-79.4398,21.93429,127069,Sancti Spiritus,geonames,3540667
Kent,WA,-122.23484,47.38093,126952,"Kent, WA",geonames,5799625
Topeka,KS,-95.6752,39.0473,126587,"Topeka, KS",curated,
East Los Angeles,CA,-118.17202,34.0239,126496,"East Los Angeles, CA",geonames,5344994
Chinandega,NI,-87.13133,12.62951,126387,"Chinandega, NI",geonames,3620381
Simi Valley,CA,-118.7815,34.2694,126356,"Simi Valley, CA",curated,
Columbia,MO,-92.3341,38.9517,126254,"Columbia, MO",curated,
Santa Clara,CA,-121.95524,37.35411,126215,"Santa Clara, CA",geonames,5393015
Fargo,ND,-96.7898,46.8772,125990,"Fargo, ND",curated,
Orleans,ON,-75.50433,45.45732,125937,"Orleans, ON",geonames,8556295
Allentown,PA,-75.4902,40.6084,125845,"Allentown, PA",curated,
Les Cayes,HT,-73.74948,18.19199,125799,Les Cayes,geonames,3728097
Concord,CA,-122.0311,37.978,125410,"Concord, CA",curated,
Abilene,TX,-99.7331,32.4487,125182,"Abilene, TX",curated,
Ottawa South,ON,-75.68725,45.3921,125090,"Ottawa South, ON",geonames,6094835
Willemstad,CW,-68.88641,12.12246,125000,Willemstad,geonames,3513090
Huixquilucan,EM,-99.35016,19.35985,124846,"Huixquilucan, EM",geonames,3827414
San Francisco de Macoris,DO,-70.25285,19.29377,124763,San Francisco de Macoris,geonames,3493146
Santa Tecla,SV,-89.28335,13.67741,124694,"Santa Tecla, SV",geonames,3584257
Arvada,CO,-105.0875,39.8028,124402,"Arvada, CO",curated,
Olanchito,HN,-86.57415,15.48131,124286,"Olanchito, HN",geonames,3604251
Ann Arbor,MI,-83.743,42.2808,123851,"Ann Arbor, MI",curated,
Salvaleon de Higueey,DO,-68.70798,18.61501,123787,Salvaleon de Higueey,geonames,3493240
Orizaba,VE,-97.09957,18.85195,123182,"Orizaba, VE",geonames,3522307
Independence,MO,-94.4155,39.0911,123011,"Independence, MO",curated,
Amherst,NY,-78.79976,42.97839,122366,"Amherst, NY",geonames,5107129
Montego Bay,JM,-77.8939,18.4712,122000,Montego Bay,curated,
Vallejo,CA,-122.25664,38.10409,121692,"Vallejo, CA",geonames,5405380
Rochester,MN,-92.4802,44.0121,121395,"Rochester, MN",curated,
Lafayette,LA,-92.0198,30.2241,121374,"Lafayette, LA",curated,
Chico,CA,-121.83748,39.72849,121345,"Chico, CA",geonames,5336269
North Stamford,CT,-73.54346,41.13815,121230,"North Stamford, CT",geonames,4839745
Hartford,CT,-72.6851,41.7658,121054,"Hartford, CT",curated,
Berkeley,CA,-122.27275,37.87159,120972,"Berkeley, CA",geonames,5327684
College Station,TX,-96.3344,30.6279,120511,"College Station, TX",curated,
South Puget Sound,WA,-122.895,47.0451,120000,"South Puget Sound, WA",curated,
Saint-Louis-de-Terrebonne,QC,-73.78669,45.70198,119944,"Saint-Louis-de-Terrebonne, QC",geonames,6138671
Palm Bay,FL,-80.5887,28.0345,119760,"Palm Bay, FL",curated,
Ajax,ON,-79.03288,43.85012,119677,"Ajax, ON",geonames,5882873
Miramar,TM,-97.89997,22.36094,118614,"Miramar, TM",geonames,3523149
Steuben,NY,-77.3751,42.2359,118471,"Steuben, NY",curated,
Iguala de la Independencia,GR,-99.5413,18.34536,118468,"Iguala de la Independencia, GR",geonames,3526798
Cambridge,MA,-71.1097,42.3736,118403,"Cambridge, MA",curated,
Saanich,BC,-123.36931,48.54964,117735,"Saanich, BC",geonames,6136944
Meridian,ID,-116.3915,43.6121,117635,"Meridian, ID",curated,
Ciudad de Villa de Alvarez,CL,-103.73778,19.26722,117600,"Ciudad de Villa de Alvarez, CL",geonames,3980194
Tigwav,HT,-72.86521,18.43117,117504,Tigwav,geonames,3718962
West Palm Beach,FL,-80.0534,26.7153,117415,"West Palm Beach, FL",curated,
Evansville,IN,-87.5711,37.9716,117298,"Evansville, IN",curated,
Clearwater,FL,-82.8001,27.96585,117292,"Clearwater, FL",geonames,4151316
Heroica Guaymas,SO,-110.89888,27.91989,117253,"Heroica Guaymas, SO",geonames,4005143
Billings,MT,-108.5007,45.7833,117116,"Billings, MT",curated,
El Monte,CA,-118.02757,34.06862,116732,"El Monte, CA",geonames,5345743
Westminster,CO,-105.0372,39.83665,116317,"Westminster, CO",geonames,5443910
Cabell,WV,-82.4452,38.4192,116140,"Cabell, WV",curated,
Round Rock,TX,-97.6789,30.50826,115997,"Round Rock, TX",geonames,4724129
Hardin,KY,-85.8591,37.694,115987,Hardin,curated,
Manchester,NH,-71.4548,42.9956,115644,"Manchester, NH",curated,
Lowell,MA,-71.3162,42.6334,115554,"Lowell, MA",curated,
Beaumont,TX,-94.1266,30.0802,115547,"Beaumont, TX",curated,
Lawrence,PA,-80.3501,41.0014,115495,"Lawrence, PA",curated,
Wilmington,NC,-77.9447,34.2257,115451,"Wilmington, NC",curated,
Provo,UT,-111.6585,40.2338,115162,"Provo, UT",curated,
North Charleston,SC,-80.0073,32.8546,114852,"North Charleston, SC",curated,
Carlsbad,CA,-117.3506,33.1581,114746,"Carlsbad, CA",curated,
Odessa,TX,-102.3676,31.8457,114428,"Odessa, TX",curated,
Waterbury,CT,-73.0515,41.5582,114403,"Waterbury, CT",curated,
Springfield,IL,-89.6501,39.7817,114394,"Springfield, IL",curated,
Gresham,OR,-122.4302,45.5001,114247,"Gresham, OR",curated,
Downey,CA,-118.13257,33.94001,114219,"Downey, CA",geonames,5343858
High Point,NC,-79.9903,35.9557,114059,"High Point, NC",curated,
Riviere-des-Prairies-Pointe-aux-Trembles,QC,-73.58463,45.64064,113868,"Riviere-des-Prairies-Pointe-aux-Trembles, QC",geonames,13546322
Navojoa,SO,-109.44345,27.07057,113836,"Navojoa, SO",geonames,3995019
Broken Arrow,OK,-95.7975,36.0526,113540,"Broken Arrow, OK",curated,
Costa Mesa,CA,-117.91867,33.64113,113204,"Costa Mesa, CA",geonames,5339840
Miami Gardens,FL,-80.2456,25.94204,113187,"Miami Gardens, FL",geonames,4164167
Peoria,IL,-89.5889,40.6936,113150,"Peoria, IL",curated,
North Peoria,IL,-89.58426,40.71754,113004,"North Peoria, IL",geonames,4903976
Fairfield,CA,-122.03997,38.24936,112970,"Fairfield, CA",geonames,5347335
Guanabacoa,CU,-82.30067,23.12518,112964,Guanabacoa,geonames,3557846
Santa Lucia Cotzumalguapa,GUA,-91.02339,14.33505,112780,Santa Lucia Cotzumalguapa,geonames,3589289
Lansing,MI,-84.5555,42.7325,112644,"Lansing, MI",curated,
Lakeland,FL,-81.9498,28.0395,112641,"Lakeland, FL",curated,
Wayne,NY,-77.0953,43.0467,112526,"Wayne, NY",curated,
Apopa,SV,-89.17917,13.80722,112158,"Apopa, SV",geonames,3587345
Elgin,IL,-88.28119,42.03725,112111,"Elgin, IL",geonames,4890864
Minatitlan,VE,-94.5569,18.00011,112046,"Minatitlan, VE",geonames,3523183
Pompano Beach,FL,-80.1248,26.2379,112046,"Pompano Beach, FL",curated,
Ciudad Guzman,JA,-103.46383,19.70413,111975,"Ciudad Guzman, JA",geonames,4013714
Tocoa,HN,-86.0,15.68333,111972,"Tocoa, HN",geonames,3600704
West Jordan,UT,-111.9391,40.60967,111946,"West Jordan, UT",geonames,5784549
Pueblo,CO,-104.6091,38.2544,111876,"Pueblo, CO",curated,
Terrebonne,QC,-73.64732,45.70004,111575,"Terrebonne, QC",geonames,6163012
Chiquimula,GUA,-89.54641,14.8009,111505,Chiquimula,geonames,3598465
Las Cruces,NM,-106.7637,32.3199,111385,"Las Cruces, NM",curated,
Richardson,TX,-96.72972,32.94818,110815,"Richardson, TX",geonames,4722625
Everett,WA,-122.2021,47.979,110629,"Everett, WA",curated,
Antioch,CA,-121.80579,38.00492,110542,"Antioch, CA",geonames,5324200
St. John's,NL,-52.7093,47.5615,110525,"St. John's, NL",curated,
Temecula,CA,-117.14836,33.49364,110003,"Temecula, CA",geonames,5401395
Bridgetown,BB,-59.6132,13.1939,110000,Bridgetown,curated,
Dearborn,MI,-83.1763,42.3223,109976,"Dearborn, MI",curated,
Murrieta,CA,-117.21392,33.55391,109830,"Murrieta, CA",geonames,5375911
Centennial,CO,-104.87692,39.57916,109741,"Centennial, CO",geonames,5416541
Richmond,CA,-122.34775,37.93576,109708,"Richmond, CA",geonames,5387428
Santa Maria,CA,-120.4357,34.953,109707,"Santa Maria, CA",curated,
Matagalpa,NI,-85.91906,12.92795,109089,"Matagalpa, NI",geonames,3617708
Thunder Bay,ON,-89.2477,48.3809,108843,"Thunder Bay, ON",curated,
Pearland,TX,-95.28605,29.56357,108821,"Pearland, TX",geonames,4718097
Greeley,CO,-104.7091,40.4233,108795,"Greeley, CO",curated,
West Covina,CA,-117.93895,34.06862,108484,"West Covina, CA",geonames,5407933
Enterprise,NV,-115.24194,36.02525,108481,"Enterprise, NV",geonames,5503766
Sparks,NV,-119.7521,39.5349,108445,"Sparks, NV",curated,
Boulder,CO,-105.2705,40.015,108250,"Boulder, CO",curated,
Sandy Springs,GA,-84.3785,33.9304,108080,"Sandy Springs, GA",curated,
LaFourche,LA,-90.3965,29.582,107968,"LaFourche, LA",curated,
Inglewood,CA,-118.3531,33.9617,107762,"Inglewood, CA",curated,
Edison,NJ,-74.4121,40.5187,107588,"Edison, NJ",curated,
South Fulton,GA,-84.67294,33.59259,107436,"South Fulton, GA",geonames,12541728
Green Bay,WI,-88.0133,44.5133,107395,"Green Bay, WI",curated,
Burbank,CA,-118.309,34.1808,107337,"Burbank, CA",curated,
Norwalk,CA,-118.08173,33.90224,107140,"Norwalk, CA",geonames,5377995
Daly City,CA,-122.46192,37.70577,106562,"Daly City, CA",geonames,5341430
Hillsboro,OR,-122.9898,45.5229,106447,"Hillsboro, OR",curated,
Tyler,TX,-95.3011,32.3513,105995,"Tyler, TX",curated,
Le Plateau-Mont-Royal,QC,-73.58081,45.52833,105813,"Le Plateau-Mont-Royal, QC",geonames,13546316
Yautepec,MO,-99.06715,18.88188,105780,"Yautepec, MO",geonames,3514321
Brockton,MA,-71.0184,42.0834,105643,"Brockton, MA",curated,
Coatepeque,GUA,-91.86426,14.70413,105415,Coatepeque,geonames,3598122
Concord,NC,-80.5795,35.4088,105240,"Concord, NC",curated,
Texcoco de Mora,EM,-98.88293,19.51194,105165,"Texcoco de Mora, EM",geonames,3515715
Waterloo,ON,-80.51639,43.4668,104986,"Waterloo, ON",geonames,6176823
Chinautla,GUA,-90.49983,14.70289,104972,Chinautla,geonames,3598529
Ville-Marie,QC,-73.57046,45.49899,104944,"Ville-Marie, QC",geonames,13546317
Hidalgo del Parral,CH,-105.66618,26.92987,104836,"Hidalgo del Parral, CH",geonames,4004867
Brantford,ON,-80.26636,43.1334,104688,"Brantford, ON",geonames,5907990
Clovis,CA,-119.70292,36.82523,104180,"Clovis, CA",geonames,5338122
Rio Rancho,NM,-106.663,35.2328,104046,"Rio Rancho, NM",curated,
Lewisville,TX,-96.99417,33.04623,104039,"Lewisville, TX",geonames,4706057
Totonicapan,GUA,-91.36054,14.91188,103952,Totonicapan,geonames,3588258
El Cajon,CA,-116.96253,32.79477,103679,"El Cajon, CA",geonames,5345529
Teziutlan,PU,-97.35992,19.8173,103583,"Teziutlan, PU",geonames,3515696
San Mateo,CA,-122.32553,37.56299,103536,"San Mateo, CA",geonames,5392423
Brandon,FL,-82.28592,27.9378,103483,"Brandon, FL",geonames,4148757
South Bend,IN,-86.252,41.6764,103453,"South Bend, IN",curated,
Rialto,CA,-117.37032,34.1064,103132,"Rialto, CA",geonames,5387288
Portmore,JM,-76.88691,17.97102,102861,Portmore,geonames,3488981
Palma Soriano,CU,-75.99438,20.21149,102826,Palma Soriano,geonames,3545064
Tepexpan,EM,-98.9364,19.61387,102667,"Tepexpan, EM",geonames,3817746
La Vega,DO,-70.53101,19.22031,102426,La Vega,geonames,3509382
Tulancingo,HG,-98.36288,20.08355,102406,"Tulancingo, HG",geonames,3515062
Apatzingan,MI,-102.35704,19.08864,102362,"Apatzingan, MI",geonames,4018400
Wichita Falls,TX,-98.4934,33.9137,102316,"Wichita Falls, TX",curated,
Howard,IN,-86.1336,40.4864,101956,"Howard, IN",curated,
Davenport,IA,-90.5776,41.5236,101724,"Davenport, IA",curated,
Delta,BC,-123.05322,49.08917,101668,"Delta, BC",geonames,5937615
Quincy,MA,-71.0023,42.2529,101636,"Quincy, MA",curated,
Chilliwack,BC,-121.95257,49.16638,101491,"Chilliwack, BC",geonames,5921356
Dartmouth,NS,-63.57719,44.67134,101343,"Dartmouth, NS",geonames,5935277
Lethbridge,AB,-112.8451,49.6942,101324,"Lethbridge, AB",curated,
Lynn,MA,-70.9495,42.4668,101253,"Lynn, MA",curated,
New Bedford,MA,-70.9342,41.6362,101079,"New Bedford, MA",curated,
Vista,CA,-117.24254,33.20004,100890,"Vista, CA",geonames,5406602
Davie,FL,-80.2331,26.06287,100882,"Davie, FL",geonames,4152820
El Progreso,HN,-87.8,15.4,100810,"El Progreso, HN",geonames,3610613
Rosarito,BC,-117.04645,32.36044,100660,"Rosarito, BC",geonames,3988392
Juan Diaz,PA,-79.44083,9.04059,100636,"Juan Diaz, PA",geonames,3708306
Tuscaloosa,AL,-87.5692,33.2098,100618,"Tuscaloosa, AL",curated,
Puerto Barrios,GUA,-88.59787,15.72724,100593,Puerto Barrios,geonames,3591062
Red Deer,AB,-113.8112,52.2681,100418,"Red Deer, AB",curated,
Renton,WA,-122.21707,47.48288,100242,"Renton, WA",geonames,5808189
Whitfield,GA,-84.9745,34.7969,100230,"Whitfield, GA",curated,
Nampa,ID,-116.5635,43.5407,100200,"Nampa, ID",curated,
Punta Cana,DO,-68.40431,18.58182,100023,Punta Cana,geonames,3494242
Roanoke,VA,-79.9414,37.271,100011,"Roanoke, VA",curated,
Kenosha,WI,-87.8212,42.5847,99986,"Kenosha, WI",curated,
San Angelo,TX,-100.437,31.4638,99893,"San Angelo, TX",curated,
Nanaimo,BC,-123.9401,49.1659,99863,"Nanaimo, BC",curated,
Niagara Falls,ON,-79.06627,43.10012,99818,"Niagara Falls, ON",geonames,6087892
Clinton Township,MI,-82.91992,42.58698,99753,"Clinton Township, MI",geonames,4989133
Columbia,MD,-76.83942,39.24038,99615,"Columbia, MD",geonames,4352053
Albany,NY,-73.7574,42.6526,99224,"Albany, NY",curated,
Bend,OR,-121.3153,44.0582,99178,"Bend, OR",curated,
Portsmouth Heights,VA,-76.36883,36.82098,99049,"Portsmouth Heights, VA",geonames,4780011
Spring Hill,FL,-82.52546,28.47688,98621,"Spring Hill, FL",geonames,4173838
Cardenas,CU,-81.20602,23.03632,98515,Cardenas,geonames,3565432
Compton,CA,-118.22007,33.89585,98462,"Compton, CA",geonames,5339066
League City,TX,-95.09493,29.50745,98312,"League City, TX",geonames,4705692
Lagos de Moreno,JA,-101.93311,21.35875,98206,"Lagos de Moreno, JA",geonames,4002224
Allen,TX,-96.67055,33.10317,98143,"Allen, TX",geonames,4670300
Orem,UT,-111.6946,40.2969,98129,"Orem, UT",curated,
Saint-Jean-sur-Richelieu,QC,-73.26259,45.30713,98036,"Saint-Jean-sur-Richelieu, QC",geonames,6138495
Kamloops,BC,-120.3273,50.6745,97902,"Kamloops, BC",curated,
Santa Cruz de Yojoa,HN,-87.89091,14.98086,97848,"Santa Cruz de Yojoa, HN",geonames,3601627
Dorchester,MA,-71.0745,42.29732,97826,"Dorchester, MA",geonames,4934964
Temixco,MO,-99.22537,18.85254,97788,"Temixco, MO",geonames,3516035
Jeremie,HT,-74.11667,18.65,97503,Jeremie,geonames,3723593
Beaverton,OR,-122.8037,45.4871,97494,"Beaverton, OR",curated,
Chimaltenango,GUA,-90.8216,14.65881,96985,Chimaltenango,geonames,3598572
Yakima,WA,-120.5059,46.6021,96968,"Yakima, WA",curated,
Vacaville,CA,-121.98774,38.35658,96803,"Vacaville, CA",geonames,5405228
Ventura,CA,-119.29317,34.27834,96769,"Ventura, CA",geonames,5405878
Highlands Ranch,CO,-104.96943,39.55388,96713,"Highlands Ranch, CO",geonames,5425043
Cattaraugus,NY,-78.6477,42.2235,96547,"Cattaraugus, NY",curated,
Esteli,NI,-86.35589,13.09291,96422,"Esteli, NI",geonames,3619194
South Gate,CA,-118.21202,33.95474,96401,"South Gate, CA",geonames,5397603
Sandy,UT,-111.888,40.5649,96380,"Sandy, UT",curated,
Portsmouth,VA,-76.29827,36.83543,96201,"Portsmouth, VA",geonames,4779999
Ciudad Rio Bravo,TM,-98.08964,25.98507,95647,"Ciudad Rio Bravo, TM",geonames,3520271
Yuma,AZ,-114.6277,32.6927,95548,"Yuma, AZ",curated,
Livonia,MI,-83.3527,42.3684,95535,"Livonia, MI",curated,
St. George,UT,-113.5684,37.0965,95342,"St. George, UT",curated,
Amozoc de Mota,PU,-98.045,19.04611,95322,"Amozoc de Mota, PU",geonames,3532881
Mission Viejo,CA,-117.6719,33.6,95290,"Mission Viejo, CA",curated,
Saint-Michel de l'Atalaye,HT,-72.33472,19.37084,95216,Saint-Michel de l'Atalaye,geonames,3717560
Federal Way,WA,-122.31262,47.32232,95171,"Federal Way, WA",geonames,5794245
Lee's Summit,MO,-94.38217,38.91084,95094,"Lee's Summit, MO",geonames,4394870
Reading,PA,-75.9269,40.3356,95043,"Reading, PA",curated,
Tlaxcala,TL,-98.2375,19.3139,95000,"Tlaxcala, TL",curated,
Lawrence,KS,-95.2353,38.9717,94934,"Lawrence, KS",curated,
Spokane Valley,WA,-117.23937,47.67323,94919,"Spokane Valley, WA",geonames,5811729
Erie,PA,-80.0851,42.1292,94831,"Erie, PA",curated,
Asheville,NC,-82.5515,35.5951,94589,"Asheville, NC",curated,
Roswell,GA,-84.36159,34.02316,94501,"Roswell, GA",geonames,4219934
Fall River,MA,-71.155,41.7015,94000,"Fall River, MA",curated,
Fayetteville,AR,-94.1574,36.0626,93949,"Fayetteville, AR",curated,
The Woodlands,TX,-95.48938,30.15799,93847,"The Woodlands, TX",geonames,4736476
West Albany,NY,-73.77845,42.68313,93794,"West Albany, NY",geonames,5143620
Garcia,NL,-100.58612,25.80092,93641,"Garcia, NL",geonames,3980190
Hesperia,CA,-117.30088,34.42639,93295,"Hesperia, CA",geonames,5356576
Carson,CA,-118.28202,33.83141,93281,"Carson, CA",geonames,5334519
Boca Raton,FL,-80.0831,26.35869,93235,"Boca Raton, FL",geonames,4148411
Santa Monica,CA,-118.49138,34.01949,93220,"Santa Monica, CA",geonames,5393212
San Marcos,CA,-117.16614,33.14337,92931,"San Marcos, CA",geonames,5392368
Moa,CU,-74.95075,20.65776,92852,Moa,geonames,3546791
Malacatan,GUA,-92.05788,14.91132,92816,Malacatan,geonames,3592753
Plantation,FL,-80.23184,26.13421,92560,"Plantation, FL",geonames,4168782
Miami Beach,FL,-80.13005,25.79065,92312,"Miami Beach, FL",geonames,4164143
Fort Myers,FL,-81.8723,26.6406,92245,"Fort Myers, FL",curated,
Arden-Arcade,CA,-121.37854,38.6025,92186,"Arden-Arcade, CA",geonames,7260806
Greenville,NC,-77.3664,35.6127,92156,"Greenville, NC",curated,
Westminster,CA,-118.00673,33.75918,92114,"Westminster, CA",geonames,5408406
Longmont,CO,-105.10193,40.16721,92088,"Longmont, CO",geonames,5579276
Redding,CA,-122.3917,40.5865,92025,"Redding, CA",curated,
Tepatitlan de Morelos,JA,-102.76347,20.81692,91959,"Tepatitlan de Morelos, JA",geonames,3981984
Victoria,BC,-123.3656,48.4284,91867,"Victoria, BC",curated,
Pickering,ON,-79.13289,43.90012,91771,"Pickering, ON",geonames,6104111
Cardenas,TB,-93.37559,18.00135,91558,"Cardenas, TB",geonames,3531576
Bellingham,WA,-122.4787,48.7519,91482,"Bellingham, WA",curated,
Nashua,NH,-71.4676,42.7654,91322,"Nashua, NH",curated,
Norwalk,CT,-73.4079,41.1177,91184,"Norwalk, CT",curated,
Newmarket,ON,-79.46631,44.05011,91034,"Newmarket, ON",geonames,6087701
Duluth,MN,-92.1005,46.7867,90884,"Duluth, MN",curated,
Trenton,NJ,-74.7429,40.2171,90871,"Trenton, NJ",curated,
San Leandro,CA,-122.15608,37.72493,90712,"San Leandro, CA",geonames,5392263
Retalhuleu,GUA,-91.67848,14.53575,90505,Retalhuleu,geonames,3590858
Lawton,OK,-98.3959,34.6087,90381,"Lawton, OK",curated,
Edmond,OK,-97.4781,35.65283,90092,"Edmond, OK",geonames,4535740
Airdrie,AB,-114.03528,51.30011,90044,"Airdrie, AB",geonames,5882799
Kanata,ON,-75.91606,45.3001,90000,"Kanata, ON",geonames,5989117
Fort-de-France,MQ,-61.07418,14.60365,89995,Fort-de-France,geonames,3570675
Bloomington,MN,-93.3022,44.8408,89987,"Bloomington, MN",curated,
Floyd,IN,-85.9019,38.318,89498,"Floyd, IN",curated,
Granada,NI,-85.95368,11.93062,89409,"Granada, NI",geonames,3619136
Miragoane,HT,-73.08957,18.44599,89202,Miragoane,geonames,3720824
Fort Smith,AR,-94.3985,35.3859,89142,"Fort Smith, AR",curated,
Champaign,IL,-88.2434,40.1164,88909,"Champaign, IL",curated,
Newton,MA,-71.20922,42.33704,88817,"Newton, MA",geonames,4945283
Toms River,NJ,-74.19792,39.95373,88791,"Toms River, NJ",geonames,4504476
Carmel,IN,-86.11804,39.97837,88713,"Carmel, IN",geonames,4255466
Santa Barbara,CA,-119.6982,34.4208,88665,"Santa Barbara, CA",curated,
Waukegan,IL,-87.84479,42.36363,88475,"Waukegan, IL",geonames,4915734
Deltona,FL,-81.26367,28.90054,88474,"Deltona, FL",geonames,4153146
Hawthorne,CA,-118.35257,33.9164,88451,"Hawthorne, CA",geonames,5355828
Heroica Ciudad de Juchitan de Zaragoza,OA,-95.02181,16.43375,88280,"Heroica Ciudad de Juchitan de Zaragoza, OA",geonames,3526357
North Vancouver,BC,-123.06934,49.31636,88168,"North Vancouver, BC",geonames,6090785
Suffolk,VA,-76.58496,36.72836,88161,"Suffolk, VA",geonames,4788158
Sugar Land,TX,-95.63495,29.61968,88156,"Sugar Land, TX",geonames,4734825
Livermore,CA,-121.76801,37.68187,88126,"Livermore, CA",geonames,5367440
Arecibo,PR,-66.7157,18.4725,87554,"Arecibo, PR",curated,
Indio,CA,-116.21677,33.7207,87533,"Indio, CA",geonames,5359446
Enchanted Hills,NM,-106.59296,35.33676,87521,"Enchanted Hills, NM",geonames,7839240
Santa Fe,NM,-105.9378,35.687,87505,"Santa Fe, NM",curated,
Whittier,CA,-118.03284,33.97918,87438,"Whittier, CA",geonames,5409059
Ogden,UT,-111.9738,41.223,87321,"Ogden, UT",curated,
Kirkland,WA,-122.20874,47.68149,87281,"Kirkland, WA",geonames,5799841
Menifee,CA,-117.14642,33.72835,87174,"Menifee, CA",geonames,5372205
Newport Beach,CA,-117.92895,33.61891,87127,"Newport Beach, CA",geonames,5376890
Napa,CA,-122.3218,38.4899,87102,"Napa, CA",curated,
Tracy,CA,-121.42618,37.73987,87075,"Tracy, CA",geonames,5403191
Citrus Heights,CA,-121.28106,38.70712,87056,"Citrus Heights, CA",geonames,5337561
Christian,KY,-87.4894,36.8658,86954,Christian,curated,
Hacienda Santa Fe,JA,-103.38056,20.51806,86935,"Hacienda Santa Fe, JA",geonames,8858085
Montreal-Nord,QC,-73.63063,45.6016,86857,"Montreal-Nord, QC",geonames,13546320
Canton,MI,-83.48216,42.30865,86825,"Canton, MI",geonames,4987990
Lehigh Acres,FL,-81.6248,26.62535,86784,"Lehigh Acres, FL",geonames,4161785
Greenburgh,NY,-73.84291,41.03287,86764,"Greenburgh, NY",geonames,5119347
Atlixco,PU,-98.43613,18.90815,86690,"Atlixco, PU",geonames,3532592
Paraiso,TB,-93.21406,18.40116,86632,"Paraiso, TB",geonames,3521912
Danbury,CT,-73.454,41.3948,86518,"Danbury, CT",curated,
Germantown,MD,-77.27165,39.17316,86395,"Germantown, MD",geonames,4356050
Bartholomew,IN,-85.8205,39.1914,86361,"Bartholomew, IN",curated,
Le Sud-Ouest,QC,-73.58986,45.47187,86347,"Le Sud-Ouest, QC",geonames,13546318
Clifton,NJ,-74.16376,40.85843,86334,"Clifton, NJ",geonames,5096699
Medford,OR,-122.8756,42.3265,85824,"Medford, OR",curated,
Peterborough,ON,-78.31623,44.30012,85807,"Peterborough, ON",geonames,6101645
Sioux City,IA,-96.4003,42.4963,85797,"Sioux City, IA",curated,
Tecoman,CL,-103.87713,18.91614,85689,"Tecoman, CL",geonames,3982213
Chino,CA,-117.68894,34.01223,85595,"Chino, CA",geonames,5336537
Alhambra,CA,-118.12701,34.09529,85551,"Alhambra, CA",geonames,5323060
Los Reyes Acaquilpan,EM,-98.97707,19.36357,85359,"Los Reyes Acaquilpan, EM",geonames,3523908
Redwood City,CA,-122.23635,37.48522,85288,"Redwood City, CA",geonames,5386834
Madison,KY,-84.2975,37.7298,85046,Madison,curated,
O'Fallon,MO,-90.69985,38.81061,85040,"O'Fallon, MO",geonames,4401242
Repentigny,QC,-73.45008,45.74222,84965,"Repentigny, QC",geonames,6119518
Gonaives,HT,-72.68928,19.44755,84961,Gonaives,geonames,3724696
Lake Charles,LA,-93.2174,30.2266,84872,"Lake Charles, LA",curated,
Hoover,AL,-86.81138,33.40539,84848,"Hoover, AL",geonames,4067994
Ciudad Mante,TM,-98.97172,22.74277,84787,"Ciudad Mante, TM",geonames,3528756
Tuxpam de Rodriguez Cano,VE,-97.40805,20.95777,84750,"Tuxpam de Rodriguez Cano, VE",geonames,3515011
Melbourne,FL,-80.60811,28.08363,84678,"Melbourne, FL",geonames,4163971
East Norwalk,CT,-73.39845,41.10565,84530,"East Norwalk, CT",geonames,4833505
Edinburg,TX,-98.16334,26.30174,84497,"Edinburg, TX",geonames,4688275
Sunrise,FL,-80.1131,26.13397,84439,"Sunrise, FL",geonames,4174402
Salina Cruz,OA,-95.19424,16.17535,84438,"Salina Cruz, OA",geonames,3520064
Kennewick,WA,-119.1372,46.2112,84347,"Kennewick, WA",curated,
Heroica Zitacuaro,MI,-100.35639,19.43657,84307,"Heroica Zitacuaro, MI",geonames,4004885
Springdale,AR,-94.1288,36.1867,84161,"Springdale, AR",curated,
Cicero,IL,-87.75394,41.84559,83886,"Cicero, IL",geonames,4888015
Hemet,CA,-116.97307,33.74761,83861,"Hemet, CA",geonames,5356277
Ocotlan,JA,-102.76832,20.35116,83769,"Ocotlan, JA",geonames,3994489
Franklin,TN,-86.8689,35.9251,83454,"Franklin, TN",curated,
Johns Creek,GA,-84.19858,34.02893,83335,"Johns Creek, GA",geonames,6331909
La Piedad de Cabadas,MI,-102.02251,20.34107,83323,"La Piedad de Cabadas, MI",geonames,4000821
Mission,TX,-98.32529,26.21591,83298,"Mission, TX",geonames,4711725
Troy,MI,-83.14993,42.60559,83280,"Troy, MI",geonames,5012639
Buena Park,CA,-117.99812,33.86751,83270,"Buena Park, CA",geonames,5331575
Cranston,RI,-71.4373,41.7798,82934,"Cranston, RI",curated,
David,PA,-82.43085,8.42729,82907,"David, PA",geonames,3711668
Palm Coast,FL,-81.20784,29.58497,82893,"Palm Coast, FL",geonames,4167538
Warwick,RI,-71.4162,41.7001,82672,"Warwick, RI",curated,
Lake Forest,CA,-117.68922,33.64697,82492,"Lake Forest, CA",geonames,5364514
Merced,CA,-120.48297,37.30216,82436,"Merced, CA",geonames,5372253
Maple Ridge,BC,-122.60193,49.21939,82256,"Maple Ridge, BC",geonames,6065686
Bryan,TX,-96.36996,30.67436,82118,"Bryan, TX",geonames,4677008
Temple,TX,-97.3628,31.0982,82073,"Temple, TX",curated,
St. John,NB,-66.0585,45.2788,82022,"St. John, NB",curated,
Westland,MI,-83.40021,42.3242,82000,"Westland, MI",geonames,5014681
Longview,TX,-94.7405,32.5007,81638,"Longview, TX",curated,
Lakewood,CA,-118.13396,33.85363,81611,"Lakewood, CA",geonames,5364855
Farmington Hills,MI,-83.37716,42.48531,81330,"Farmington Hills, MI",geonames,4992523
San Tan Valley,AZ,-111.528,33.1911,81321,"San Tan Valley, AZ",geonames,7310164
Mount Pleasant,SC,-79.86259,32.79407,81317,"Mount Pleasant, SC",geonames,4588165
Parma,OH,-81.7229,41.4047,81146,"Parma, OH",curated,
Flint,MI,-83.6875,43.0125,81005,"Flint, MI",curated,
Largo,FL,-82.78842,27.90979,81000,"Largo, FL",geonames,4161580
Homestead,FL,-80.47756,25.46872,80737,"Homestead, FL",geonames,4159050
South Suffolk,VA,-76.59023,36.71709,80690,"South Suffolk, VA",geonames,4786714
Avondale,AZ,-112.3496,33.4356,80684,"Avondale, AZ",geonames,5552301
Tepeji del Rio de Ocampo,HG,-99.34379,19.90481,80612,"Tepeji del Rio de Ocampo, HG",geonames,3515887
Tustin,CA,-117.82617,33.74585,80583,"Tustin, CA",geonames,5404119
Santa Catarina Pinula,GUA,-90.49925,14.57047,80582,Santa Catarina Pinula,geonames,3589452
Mountain View,CA,-122.08385,37.38605,80435,"Mountain View, CA",geonames,5375480
Somerville,MA,-71.0995,42.3876,80318,"Somerville, MA",geonames,4951257
Kendall,FL,-80.31727,25.67927,80241,"Kendall, FL",geonames,4160711
Lawrence,MA,-71.16311,42.70704,80231,"Lawrence, MA",geonames,4941720
Bloomington,IN,-86.5264,39.1653,79968,"Bloomington, IN",curated,
New Rochelle,NY,-73.78235,40.91149,79846,"New Rochelle, NY",geonames,5128549
San Jose Pinula,GUA,-90.41288,14.546,79844,San Jose Pinula,geonames,3589977
Deerfield Beach,FL,-80.09977,26.31841,79768,"Deerfield Beach, FL",geonames,4153071
Lerdo,DG,-103.52485,25.53611,79669,"Lerdo, DG",geonames,4013706
Pleasanton,CA,-121.87468,37.66243,79510,"Pleasanton, CA",geonames,5383777
Moncton,NB,-64.7782,46.0878,79470,"Moncton, NB",curated,
Willowdale,ON,-79.39909,43.76672,79440,"Willowdale, ON",geonames,8558534
Huehuetenango,GUA,-91.47001,15.32097,79426,Huehuetenango,geonames,3595416
Brooklyn Park,MN,-93.35634,45.09413,79149,"Brooklyn Park, MN",geonames,5019335
Lynchburg,VA,-79.1417,37.4138,79009,"Lynchburg, VA",curated,
Goodyear,AZ,-112.35821,33.43532,79003,"Goodyear, AZ",geonames,5296266
Mayaguez,PR,-67.1397,18.2013,78941,"Mayaguez, PR",curated,
New Westminster,BC,-122.91092,49.20678,78916,"New Westminster, BC",geonames,6087844
Bloomington,IL,-88.9937,40.4842,78680,"Bloomington, IL",curated,
Alameda,CA,-122.26087,37.77099,78630,"Alameda, CA",geonames,5322737
Jonesboro,AR,-90.7043,35.8423,78576,"Jonesboro, AR",curated,
Town 'n' Country,FL,-82.57732,28.01057,78442,"Town 'n' Country, FL",geonames,4175538
Bellflower,CA,-118.11701,33.88168,78441,"Bellflower, CA",geonames,5327422
Chino Hills,CA,-117.75888,33.9938,78309,"Chino Hills, CA",geonames,5336545
Santa Cruz del Quiche,GUA,-91.14876,15.02995,78279,Santa Cruz del Quiche,geonames,3589404
Frederick,MD,-77.4105,39.4143,78171,"Frederick, MD",curated,
Alafaya,FL,-81.2114,28.5641,78113,"Alafaya, FL",geonames,6332439
Colon,PA,-79.90019,9.36025,78000,"Colon, PA",geonames,3712076
Racine,WI,-87.7826,42.7261,77816,"Racine, WI",curated,
Milpitas,CA,-121.90662,37.42827,77604,"Milpitas, CA",geonames,5373327
Mazatenango,GUA,-91.50311,14.53412,77431,Mazatenango,geonames,3592609
Matehuala,SL,-100.64334,23.64824,77328,"Matehuala, SL",geonames,3996387
Agua Prieta,SO,-109.54251,31.3224,77254,"Agua Prieta, SO",geonames,4019260
Kanasin,YU,-89.55822,20.93485,77240,"Kanasin, YU",geonames,3526323
Cozumel,QR,-86.94272,20.50038,77236,"Cozumel, QR",geonames,3530103
Santa Cruz de Barahona,DO,-71.10068,18.20861,77160,Santa Cruz de Barahona,geonames,3492985
Baldwin Park,CA,-117.9609,34.08529,77071,"Baldwin Park, CA",geonames,5325866
Auburn,WA,-122.22845,47.30732,77006,"Auburn, WA",geonames,5785965
Puerto Padre,CU,-76.60351,21.19594,76838,Puerto Padre,geonames,3543299
Flagstaff,AZ,-111.6513,35.1983,76831,"Flagstaff, AZ",curated,
Arraijan,PA,-79.64038,8.9398,76815,"Arraijan, PA",geonames,3714637
Fishers,IN,-86.01387,39.95559,76794,"Fishers, IN",geonames,4257494
Saint Joseph,MO,-94.84663,39.76861,76780,"Saint Joseph, MO",geonames,4407010
Prince George,BC,-122.7497,53.9171,76708,"Prince George, BC",curated,
Caledon,ON,-79.99322,43.86544,76581,"Caledon, ON",geonames,5913414
Pharr,TX,-98.18362,26.1948,76538,"Pharr, TX",geonames,4718721
Upland,CA,-117.64839,34.09751,76443,"Upland, CA",geonames,5404915
Stoney Creek,ON,-79.76633,43.21681,76382,"Stoney Creek, ON",geonames,6157390
Loveland,CO,-105.0749,40.3978,76378,"Loveland, CO",curated,
Folsom,CA,-121.17606,38.67796,76375,"Folsom, CA",geonames,5349705
Baytown,TX,-94.97743,29.7355,76335,"Baytown, TX",geonames,4672731
Scranton,PA,-75.6624,41.409,76328,"Scranton, PA",curated,
Auburn,AL,-85.4808,32.6099,76143,"Auburn, AL",curated,
San Ramon,CA,-121.97802,37.77993,76134,"San Ramon, CA",geonames,5392593
Brick,NJ,-74.13708,40.05928,76021,"Brick, NJ",geonames,5095947
Arlington Heights,IL,-87.98063,42.08836,75926,"Arlington Heights, IL",geonames,4883555
Plymouth,MN,-93.45551,45.01052,75907,"Plymouth, MN",geonames,5041926
Doral,FL,-80.35533,25.81954,75874,"Doral, FL",geonames,4153471
Ciudad Choluteca,HN,-87.17882,13.30569,75872,"Ciudad Choluteca, HN",geonames,3613528
Hammond,IN,-87.5301,41.5834,75795,"Hammond, IN",curated,
Bethlehem,PA,-75.3704,40.6259,75781,"Bethlehem, PA",curated,
Waterford,MI,-83.41181,42.69303,75737,"Waterford, MI",geonames,5014130
Columbia,NY,-73.6723,42.2415,75715,"Columbia, NY",curated,
Appleton,WI,-88.4154,44.2619,75644,"Appleton, WI",curated,
Pawtucket,RI,-71.3826,41.8787,75604,"Pawtucket, RI",curated,
Evanston,IL,-87.69006,42.04114,75527,"Evanston, IL",geonames,4891382
Missoula,MT,-114.0094,46.8721,75516,"Missoula, MT",curated,
Manteca,CA,-121.21605,37.79743,75448,"Manteca, CA",geonames,5370164
Wyoming,MI,-85.70531,42.91336,75275,"Wyoming, MI",geonames,5015618
Cheektowaga,NY,-78.75475,42.90339,75178,"Cheektowaga, NY",geonames,5112375
Rock Hill,SC,-81.0251,34.9249,75048,"Rock Hill, SC",curated,
Perris,CA,-117.22865,33.78252,74971,"Perris, CA",geonames,5382146
Iowa City,IA,-91.5302,41.6611,74828,"Iowa City, IA",curated,
Rapid City,SD,-103.231,44.0805,74703,"Rapid City, SD",curated,
Schaumburg,IL,-88.08341,42.03336,74693,"Schaumburg, IL",geonames,4910713
Gastonia,NC,-81.1873,35.26208,74543,"Gastonia, NC",geonames,4467732
Union City,CA,-122.01913,37.59577,74494,"Union City, CA",geonames,5404555
Bolingbrook,IL,-88.0684,41.69864,74306,"Bolingbrook, IL",geonames,4885265
Silao de la Victoria,GT,-101.42696,20.94361,74242,"Silao de la Victoria, GT",geonames,3983058
Layton,UT,-111.97105,41.06022,74143,"Layton, UT",geonames,5777107
Missouri City,TX,-95.53772,29.61857,74139,"Missouri City, TX",geonames,4711801
Shelby,MI,-83.03298,42.67087,74099,"Shelby, MI",geonames,5009586
Fuentes del Valle,EM,-99.13861,19.6325,74087,"Fuentes del Valle, EM",geonames,8858086
Lowndes,MS,-88.4108,33.4467,74065,"Lowndes, MS",curated,
Boynton Beach,FL,-80.06643,26.52535,73966,"Boynton Beach, FL",geonames,4148677
Bismarck,ND,-100.7837,46.8083,73622,"Bismarck, ND",curated,
Warner Robins,GA,-83.62664,32.61574,73490,"Warner Robins, GA",geonames,4229476
Rochester Hills,MI,-83.14993,42.65837,73424,"Rochester Hills, MI",geonames,5007402
Kalamazoo,MI,-85.5872,42.2917,73403,"Kalamazoo, MI",curated,
Bonao,DO,-70.41111,18.94154,73269,Bonao,geonames,3511233
Pierrefonds-Roxboro,QC,-73.8417,45.5019,73194,"Pierrefonds-Roxboro, QC",geonames,13546321
Southfield,MI,-83.22187,42.47337,73156,"Southfield, MI",geonames,5010636
San Juan de la Maguana,DO,-71.22626,18.8064,72950,San Juan de la Maguana,geonames,3493081
Gulfport,MS,-89.0928,30.3674,72926,"Gulfport, MS",curated,
Saint George,UT,-113.58412,37.10415,72897,"Saint George, UT",geonames,5546220
Bowling Green,KY,-86.4436,36.9685,72894,Bowling Green,curated,
New Britain,CT,-72.77954,41.66121,72808,"New Britain, CT",geonames,4839292
Daytona Beach,FL,-81.0228,29.2108,72647,"Daytona Beach, FL",curated,
Guamuchil,SI,-108.07732,25.4587,72500,"Guamuchil, SI",geonames,4005297
St. Joseph,MO,-94.8466,39.7675,72473,"St. Joseph, MO",curated,
Genesse,NY,-77.9501,42.1239,72444,"Genesse, NY",curated,
Turlock,CA,-120.84659,37.49466,72292,"Turlock, CA",geonames,5404024
Guanajuato,GT,-101.2591,21.01858,72237,"Guanajuato, GT",geonames,4005270
Apple Valley,CA,-117.18588,34.50083,72174,"Apple Valley, CA",geonames,5324363
Sarnia,ON,-82.40407,42.97866,72125,"Sarnia, ON",geonames,6141190
Greenville,SC,-82.394,34.8526,72095,"Greenville, SC",curated,
Sault Ste. Marie,ON,-84.33325,46.51677,72051,"Sault Ste. Marie, ON",geonames,6141439
Lynwood,CA,-118.21146,33.93029,71989,"Lynwood, CA",geonames,5369367
Waukesha,WI,-88.23148,43.01168,71970,"Waukesha, WI",geonames,5278052
Panzos,GUA,-89.64147,15.39862,71846,Panzos,geonames,3591676
Amatitlan,GUA,-90.63489,14.4774,71836,Amatitlan,geonames,3599735
Harlingen,TX,-97.6961,26.1906,71829,"Harlingen, TX",curated,
Saint John,NB,-66.05616,45.27076,71808,"Saint John, NB",geonames,6138517
Camden,NJ,-75.1196,39.9259,71791,"Camden, NJ",curated,
Delgado,SV,-89.16874,13.72171,71594,"Delgado, SV",geonames,3586814
Lauderhill,FL,-80.21338,26.14036,71579,"Lauderhill, FL",geonames,4161625
Silver Spring,MD,-77.02609,38.99067,71452,"Silver Spring, MD",geonames,4369596
West Gulfport,MS,-89.0942,30.40409,71329,"West Gulfport, MS",geonames,4450687
El Pueblito,QT,-100.44093,20.54006,71254,"El Pueblito, QT",geonames,3980187
Flower Mound,TX,-97.09696,33.01457,71253,"Flower Mound, TX",geonames,4691585
Guasave,SI,-108.46949,25.56792,71196,"Guasave, SI",geonames,4005219
San Francisco del Rincon,GT,-101.85844,21.01889,71139,"San Francisco del Rincon, GT",geonames,3986984
Centreville,VA,-77.42888,38.84039,71135,"Centreville, VA",geonames,4751839
Passaic,NJ,-74.12848,40.85677,71085,"Passaic, NJ",geonames,5102443
Dothan,AL,-85.3905,31.2232,71072,"Dothan, AL",curated,
Riverview,FL,-82.32648,27.86614,71050,"Riverview, FL",geonames,4170156
Johnson City,TN,-82.3535,36.3134,71046,"Johnson City, TN",curated,
Redlands,CA,-117.18254,34.05557,71035,"Redlands, CA",geonames,5386754
Rancho Cordova,CA,-121.30273,38.58907,71017,"Rancho Cordova, CA",geonames,5385941
Wilmington,DE,-75.5277,39.7391,70898,"Wilmington, DE",curated,
Lafayette,IN,-86.8753,40.4167,70783,"Lafayette, IN",curated,
Sherwood Park,AB,-113.3187,53.51684,70618,"Sherwood Park, AB",geonames,6146279
New Braunfels,TX,-98.12445,29.703,70543,"New Braunfels, TX",geonames,4714131
Decatur,IL,-88.9548,39.8403,70522,"Decatur, IL",curated,
Santa Maria Chimalhuacan,EM,-98.95038,19.42155,70519,"Santa Maria Chimalhuacan, EM",geonames,3517270
Cherry Hill,NJ,-75.03073,39.93484,70475,"Cherry Hill, NJ",geonames,4501198
Canton,OH,-81.3784,40.7989,70447,"Canton, OH",curated,
Contramaestre,CU,-76.24499,20.29884,70438,Contramaestre,geonames,3563504
Grande Prairie,AB,-118.80271,55.16667,70385,"Grande Prairie, AB",geonames,5964347
Linares,NL,-99.56768,24.85798,70378,"Linares, NL",geonames,3524348
Weston,FL,-80.39977,26.10037,69959,"Weston, FL",geonames,4178003
Gueira de Melena,CU,-82.50651,22.79688,69879,Gueira de Melena,geonames,3557347
Consolacion del Sur,CU,-83.51309,22.50545,69857,Consolacion del Sur,geonames,3563559
Gaithersburg,MD,-77.2014,39.1434,69657,"Gaithersburg, MD",curated,
Albany,GA,-84.1557,31.5785,69647,"Albany, GA",curated,
Brossard,QC,-73.46583,45.45008,69575,"Brossard, QC",geonames,5909629
Frontera,CO,-101.45212,26.92814,69462,"Frontera, CO",geonames,3980180
Pasco,WA,-119.10057,46.23958,69451,"Pasco, WA",geonames,5806298
Pittsburg,CA,-121.88468,38.02798,69424,"Pittsburg, CA",geonames,5383465
Eau Claire,WI,-91.4985,44.8113,69421,"Eau Claire, WI",curated,
Palatine,IL,-88.03424,42.1103,69308,"Palatine, IL",geonames,4905211
North Richland Hills,TX,-97.2289,32.8343,69204,"North Richland Hills, TX",geonames,4715292
Union City,NJ,-74.02375,40.77955,69156,"Union City, NJ",geonames,5105634
Kissimmee,FL,-81.41667,28.30468,69152,"Kissimmee, FL",geonames,4160983
Gueines,CU,-82.02673,22.83837,68935,Gueines,geonames,3557378
Walnut Creek,CA,-122.06496,37.90631,68910,"Walnut Creek, CA",geonames,5406990
St. Cloud,MN,-94.1636,45.5579,68881,"St. Cloud, MN",curated,
Cordova,TN,-89.7762,35.15565,68779,"Cordova, TN",geonames,4050552
Mount Vernon,NY,-73.83708,40.9126,68628,"Mount Vernon, NY",geonames,5127835
Conroe,TX,-95.45605,30.31188,68602,"Conroe, TX",geonames,4682991
Portland,ME,-70.2553,43.6591,68408,"Portland, ME",curated,
Maple Grove,MN,-93.45579,45.07246,68385,"Maple Grove, MN",geonames,5036493
Gary,IN,-87.3464,41.5934,68325,"Gary, IN",curated,
Framingham,MA,-71.41617,42.27926,68318,"Framingham, MA",geonames,4937230
Jackson,TN,-88.8195,35.6145,68205,"Jackson, TN",curated,
Redondo Beach,CA,-118.38841,33.84918,68166,"Redondo Beach, CA",geonames,5386785
Cadereyta Jimenez,NL,-100.00095,25.59051,68111,"Cadereyta Jimenez, NL",geonames,3531862
Artemisa,CU,-82.75814,22.81366,68073,Artemisa,geonames,3568312
Valle de Santiago,GT,-101.19103,20.39148,68058,"Valle de Santiago, GT",geonames,3980605
Cadereyta,NL,-99.98333,25.58333,67994,"Cadereyta, NL",geonames,3531865
Yorba Linda,CA,-117.81311,33.88863,67973,"Yorba Linda, CA",geonames,5410902
San Mateo Atenco,EM,-99.53214,19.26757,67890,"San Mateo Atenco, EM",geonames,3518387
Woodbury,MN,-92.95938,44.92386,67855,"Woodbury, MN",geonames,5053358
Waldorf,MD,-76.93914,38.62456,67752,"Waldorf, MD",geonames,4372599
Santo Domingo Tehuantepec,OA,-95.24104,16.32463,67739,"Santo Domingo Tehuantepec, OA",geonames,3516843
Davis,CA,-121.74052,38.54491,67666,"Davis, CA",geonames,5341704
Glen Burnie,MD,-76.62469,39.16261,67639,"Glen Burnie, MD",geonames,4356188
Camarillo,CA,-119.0376,34.21639,67608,"Camarillo, CA",geonames,5333180
Chaguanas,TT,-61.41667,10.51667,67433,Chaguanas,geonames,3574810
Ixtapa-Zihuatanejo,GR,-101.55212,17.64344,67408,"Ixtapa-Zihuatanejo, GR",geonames,3979673
Jacksonville,NC,-77.43024,34.75405,67357,"Jacksonville, NC",geonames,4473083
Waterloo,IA,-92.343,42.4928,67314,"Waterloo, IA",curated,
San Luis,CU,-75.8503,20.18813,67293,San Luis,geonames,3539093
South San Francisco,CA,-122.40775,37.65466,67271,"South San Francisco, CA",geonames,5397765
Rockville,MD,-77.1528,39.084,67117,"Rockville, MD",curated,
Dolores Hidalgo,GT,-100.9325,21.15611,67101,"Dolores Hidalgo, GT",geonames,4023117
Kenner,LA,-90.24174,29.99409,67091,"Kenner, LA",geonames,4329753
Santa Cruz Xoxocotlan,OA,-96.73518,17.02958,67086,"Santa Cruz Xoxocotlan, OA",geonames,3517517
Schenectady,NY,-73.9396,42.8142,67047,"Schenectady, NY",curated,
Montemorelos,NL,-99.4878,25.1897,67000,"Montemorelos, NL",curated,
Yuba City,CA,-121.61691,39.14045,66941,"Yuba City, CA",geonames,5411015
Palo Alto,CA,-122.14302,37.44188,66853,"Palo Alto, CA",geonames,5380748
Oshkosh,WI,-88.5426,44.0247,66816,"Oshkosh, WI",curated,
Casas Adobes,AZ,-110.9951,32.32341,66795,"Casas Adobes, AZ",geonames,5288661
Bajos de Haina,DO,-70.03317,18.41538,66784,Bajos de Haina,geonames,3512128
Marysville,WA,-122.17708,48.05176,66773,"Marysville, WA",geonames,5802570
Bani,DO,-70.33181,18.27971,66709,Bani,geonames,3512067
South Jordan,UT,-111.92966,40.56217,66648,"South Jordan, UT",geonames,5781770
Fort McMurray,AB,-111.38103,56.72676,66573,"Fort McMurray, AB",geonames,5955895
Ramos Arizpe,CO,-100.94742,25.53928,66554,"Ramos Arizpe, CO",geonames,3991043
North Little Rock,AR,-92.26709,34.76954,66504,"North Little Rock, AR",geonames,4124112
Ames,IA,-93.6209,42.0308,66427,"Ames, IA",curated,
Bayonne,NJ,-74.11431,40.66871,66311,"Bayonne, NJ",geonames,5095445
Eagan,MN,-93.16689,44.80413,66286,"Eagan, MN",geonames,5024825
Delray Beach,FL,-80.07282,26.46146,66255,"Delray Beach, FL",geonames,4153132
Granby,QC,-72.73243,45.40008,66222,"Granby, QC",geonames,5964215
Moron,CU,-78.62685,22.10881,66060,Moron,geonames,3546434
Washington,PA,-80.2541,40.1944,66000,"Washington, PA",curated,
Dale City,VA,-77.31109,38.63706,65969,"Dale City, VA",geonames,4755158
Cedar Park,TX,-97.82029,30.5052,65945,"Cedar Park, TX",geonames,4679867
Palin,GUA,-90.69659,14.40358,65873,Palin,geonames,3591833
Grand Junction,CO,-108.5506,39.0639,65860,"Grand Junction, CO",curated,
Saint Cloud,MN,-94.16249,45.5608,65842,"Saint Cloud, MN",geonames,5044407
Ellicott City,MD,-76.79831,39.26733,65834,"Ellicott City, MD",geonames,4354265
Laguna Niguel,CA,-117.70755,33.52253,65806,"Laguna Niguel, CA",geonames,5364329
Saint Charles,MO,-90.48123,38.78394,65794,"Saint Charles, MO",geonames,4406831
Fleetwood,BC,-122.8,49.16667,65565,"Fleetwood, BC",geonames,5954556
Victoria,TX,-97.0036,28.8053,65534,"Victoria, TX",curated,
San Clemente,CA,-117.61199,33.42697,65526,"San Clemente, CA",geonames,5391791
West Lynchburg,VA,-79.17808,37.4032,65517,"West Lynchburg, VA",geonames,4792867
Middletown,NJ,-74.11709,40.39428,65490,"Middletown, NJ",geonames,5101170
Framingham Center,MA,-71.43701,42.29732,65413,"Framingham Center, MA",geonames,4937232
Tultepec,EM,-99.12806,19.685,65338,"Tultepec, EM",geonames,3515044
Utica,NY,-75.2327,43.1009,65283,"Utica, NY",curated,
Salama,GUA,-90.31906,15.1021,65275,Salama,geonames,3590616
Belize City,BZ,-88.19756,17.49952,65222,"Belize City, BZ",geonames,3582677
Muncie,IN,-85.3863,40.1934,65194,"Muncie, IN",curated,
Cheyenne,WY,-104.8202,41.14,65132,"Cheyenne, WY",curated,
Broomfield,CO,-105.08665,39.92054,65065,"Broomfield, CO",geonames,5415035
Shawnee,KS,-94.72024,39.04167,65046,"Shawnee, KS",geonames,4279247
East Orange,NJ,-74.20487,40.76732,64949,"East Orange, NJ",geonames,5097441
Haywood,NC,-82.9908,35.5456,64839,"Haywood, NC",curated,
Skokie,IL,-87.73339,42.03336,64821,"Skokie, IL",geonames,4911600
Idaho Falls,ID,-112.0341,43.4666,64818,"Idaho Falls, ID",curated,
Oklahoma Panhandle,OK,-101.5034,36.7769,64800,"Oklahoma Panhandle, OK",curated,
Tecate,BC,-116.63187,32.566,64764,"Tecate, BC",geonames,3982266
West Bloomfield Township,MI,-83.38356,42.56891,64690,"West Bloomfield Township, MI",geonames,7259621
Tamarac,FL,-80.24977,26.21286,64681,"Tamarac, FL",geonames,4174738
Lodi,CA,-121.27245,38.1302,64596,"Lodi, CA",geonames,5367565
Sahuayo de Morelos,MI,-102.7164,20.057,64431,"Sahuayo de Morelos, MI",geonames,3988258
Celina,TX,-96.78444,33.32456,64427,"Celina, TX",geonames,4679944
Mansfield,TX,-97.14168,32.56319,64274,"Mansfield, TX",geonames,4709013
Santa Cruz,CA,-122.0308,36.9741,64220,"Santa Cruz, CA",curated,
Pico Rivera,CA,-118.09673,33.98307,64218,"Pico Rivera, CA",geonames,5382496
Madera,CA,-120.06072,36.96134,64208,"Madera, CA",geonames,5369568
Bellevue,NE,-95.9145,41.1544,64176,"Bellevue, NE",curated,
Janesville,WI,-89.01872,42.68279,64123,"Janesville, WI",geonames,5257754
West Des Moines,IA,-93.71133,41.57721,64113,"West Des Moines, IA",geonames,4881346
Lorain,OH,-82.1824,41.4528,64028,"Lorain, OH",curated,
Montebello,CA,-118.10535,34.00946,63921,"Montebello, CA",geonames,5374322
Colon,CU,-80.90368,22.72108,63882,Colon,geonames,3563843
San Pedro de Copan,HN,-88.86667,14.61667,63829,"San Pedro de Copan, HN",geonames,3601787
Georgetown,TX,-97.67723,30.63269,63716,"Georgetown, TX",geonames,4693342
Alpharetta,GA,-84.29409,34.07538,63693,"Alpharetta, GA",geonames,4179574
Dundalk,MD,-76.52052,39.25066,63597,"Dundalk, MD",geonames,4353765
Ocala,FL,-82.1401,29.1872,63591,"Ocala, FL",curated,
Eden Prairie,MN,-93.47079,44.85469,63496,"Eden Prairie, MN",geonames,5025219
North Bergen,NJ,-74.01208,40.80427,63484,"North Bergen, NJ",geonames,5101879
Florence-Graham,CA,-118.24438,33.96772,63387,"Florence-Graham, CA",geonames,7261268
Waltham,MA,-71.23561,42.37649,63378,"Waltham, MA",geonames,4954380
West Hartford,CT,-72.74204,41.76204,63268,"West Hartford, CT",geonames,4845411
Rogers,AR,-94.11854,36.33202,63159,"Rogers, AR",geonames,4128894
Medicine Hat,AB,-110.67661,50.03928,63138,"Medicine Hat, AB",geonames,6071618
Fredericton,NB,-66.6431,45.9636,63116,"Fredericton, NB",curated,
Limon,CR,-83.03596,9.99074,63081,"Limon, CR",geonames,3622247
Carol City,FL,-80.2456,25.94065,63031,"Carol City, FL",geonames,4150066
Florida,CU,-78.22553,21.5264,63007,Florida,geonames,3558771
Halton Hills,ON,-79.93146,43.6403,62951,"Halton Hills, ON",geonames,5969721
Encinitas,CA,-117.29198,33.03699,62930,"Encinitas, CA",geonames,5346646
Council Bluffs,IA,-95.8608,41.2619,62799,"Council Bluffs, IA",curated,
Haverhill,MA,-71.07728,42.7762,62765,"Haverhill, MA",geonames,4939085
Jupiter,FL,-80.09421,26.93422,62707,"Jupiter, FL",geonames,4160610
Bossier City,LA,-93.7321,32.516,62701,"Bossier City, LA",curated,
Puerto Penasco,SO,-113.53799,31.31716,62689,"Puerto Penasco, SO",geonames,3991347
Wellington,FL,-80.24144,26.65868,62560,"Wellington, FL",geonames,4177703
West Coon Rapids,MN,-93.34967,45.15969,62528,"West Coon Rapids, MN",geonames,5052361
North Miami,FL,-80.18671,25.89009,62435,"North Miami, FL",geonames,4166232
Hamilton,OH,-84.56134,39.3995,62407,"Hamilton, OH",geonames,4513575
North Port,FL,-82.23593,27.04422,62345,"North Port, FL",geonames,4166274
Tulare,CA,-119.34734,36.20773,62315,"Tulare, CA",geonames,5403783
Coon Rapids,MN,-93.28773,45.11997,62240,"Coon Rapids, MN",geonames,5022025
Millcreek,UT,-111.87549,40.68689,62139,"Millcreek, UT",geonames,5778352
La Habra,CA,-117.94617,33.93196,62131,"La Habra, CA",geonames,5363922
Blaine,MN,-93.23495,45.1608,62124,"Blaine, MN",geonames,5018651
Sagua la Grande,CU,-80.0742,22.80599,62073,Sagua la Grande,geonames,3541440
Fairfield,CT,-73.2637,41.1412,62000,"Fairfield, CT",curated,
Lake Elsinore,CA,-117.32726,33.66808,61981,"Lake Elsinore, CA",geonames,5364499
Moca,DO,-70.52347,19.39289,61834,Moca,geonames,3496331
San Andres Tuxtla,VE,-95.21327,18.4487,61769,"San Andres Tuxtla, VE",geonames,3519907
Carmichael,CA,-121.32828,38.61713,61762,"Carmichael, CA",geonames,5334336
Cortazar,GT,-100.96352,20.48301,61658,"Cortazar, GT",geonames,4012721
Pontiac,MI,-83.291,42.6389,61606,"Pontiac, MI",curated,
Taylor,MI,-83.26965,42.24087,61568,"Taylor, MI",geonames,5011908
Burnsville,MN,-93.27772,44.76774,61481,"Burnsville, MN",geonames,5019767
Monterey Park,CA,-118.12285,34.06251,61468,"Monterey Park, CA",geonames,5374406
Castro Valley,CA,-122.08635,37.6941,61388,"Castro Valley, CA",geonames,5334928
San Salvador Tizatlalli,EM,-99.59083,19.26028,61367,"San Salvador Tizatlalli, EM",geonames,8858087
Irvington,NJ,-74.23487,40.73232,61323,"Irvington, NJ",geonames,5099724
San Rafael,CA,-122.5311,37.9735,61271,"San Rafael, CA",curated,
Mateare,NI,-86.42809,12.23512,61234,"Mateare, NI",geonames,3617697
La Chorrera,PA,-79.78007,8.87763,61232,"La Chorrera, PA",geonames,3707961
Rocklin,CA,-121.23578,38.79073,61213,"Rocklin, CA",geonames,5388319
Malden,MA,-71.06616,42.4251,61068,"Malden, MA",geonames,4942939
Somerset,ME,-69.6656,44.7559,61065,"Somerset, ME",curated,
National City,CA,-117.0992,32.67811,61060,"National City, CA",geonames,5376200
Springfield,OR,-123.02203,44.04624,60870,"Springfield, OR",geonames,5754005
Bethesda,MD,-77.10026,38.98067,60858,"Bethesda, MD",geonames,4348599
Norfolk County,ON,-80.38297,42.8334,60847,"Norfolk County, ON",geonames,6089125
Vineland,NJ,-75.0357,39.4863,60780,"Vineland, NJ",curated,
Chicacao,GUA,-91.32636,14.54295,60735,Chicacao,geonames,3598678
San Marcos,TX,-97.94139,29.88327,60684,"San Marcos, TX",geonames,4726491
Brentwood,NY,-73.24623,40.78121,60664,"Brentwood, NY",geonames,5110077
Lakeville,MN,-93.24272,44.64969,60633,"Lakeville, MN",geonames,5034059
West Allis,WI,-88.00703,43.01668,60620,"West Allis, WI",geonames,5278420
Redmond,WA,-122.12151,47.67399,60598,"Redmond, WA",geonames,5808079
Cupertino,CA,-122.03218,37.323,60572,"Cupertino, CA",geonames,5341145
Ciudad Hidalgo,MI,-100.55502,19.68957,60542,"Ciudad Hidalgo, MI",geonames,4013712
Taylorsville,UT,-111.93883,40.66772,60514,"Taylorsville, UT",geonames,5782476
Bristol,CT,-72.94927,41.67176,60452,"Bristol, CT",geonames,5282835
Moore,OK,-97.4867,35.33951,60451,"Moore, OK",geonames,4542975
Gardena,CA,-118.30896,33.88835,60447,"Gardena, CA",geonames,5351549
Great Falls,MT,-111.3008,47.5053,60442,"Great Falls, MT",curated,
Bensalem,PA,-74.95128,40.10455,60427,"Bensalem, PA",geonames,5179995
Zacapa,GUA,-89.52732,14.96867,60424,Zacapa,geonames,3587587
Rowlett,TX,-96.56388,32.9029,60236,"Rowlett, TX",geonames,4724194
Trinidad,CU,-79.98349,21.79956,60206,Trinidad,geonames,3534915
Owensboro,KY,-87.1133,37.7742,60183,Owensboro,curated,
La Mesa,CA,-117.02308,32.76783,60089,"La Mesa, CA",geonames,5363990
Pine Hills,FL,-81.4534,28.55778,60076,"Pine Hills, FL",geonames,4168459
Martinez de la Torre,VE,-97.06078,20.07082,60074,"Martinez de la Torre, VE",geonames,3523513
Youngstown,OH,-80.6495,41.0998,60068,"Youngstown, OH",curated,
Villa Vicente Guerrero,TL,-98.16572,19.12123,60001,"Villa Vicente Guerrero, TL",geonames,3815453
Meriden,CT,-72.80704,41.53815,59988,"Meriden, CT",geonames,4838524
Corvallis,OR,-123.262,44.5646,59922,"Corvallis, OR",curated,
Heroica Caborca,SO,-112.15837,30.71833,59922,"Heroica Caborca, SO",geonames,4004887
Port Orange,FL,-80.99561,29.13832,59866,"Port Orange, FL",geonames,4169156
Hamden,CT,-72.89677,41.39593,59847,"Hamden, CT",geonames,4835654
Lakewood,WA,-122.51846,47.17176,59829,"Lakewood, WA",geonames,5800420
Petaluma,CA,-122.6367,38.2324,59776,"Petaluma, CA",curated,
Fountainebleau,FL,-80.34783,25.77288,59764,"Fountainebleau, FL",geonames,4156091
Saint Clair Shores,MI,-82.88881,42.49698,59715,"Saint Clair Shores, MI",geonames,5010978
San Cristobal,CU,-83.05647,22.71658,59579,San Cristobal,geonames,3540680
Chapel Hill,NC,-79.05584,35.9132,59568,"Chapel Hill, NC",geonames,4460162
Altamira,TM,-97.93857,22.39309,59536,"Altamira, TM",geonames,3533005
Comitancillo,GUA,-91.74971,15.08937,59489,Comitancillo,geonames,3598025
Drummondville,QC,-72.48241,45.88336,59489,"Drummondville, QC",geonames,5942845
Sonsonate,SV,-89.72304,13.71726,59468,"Sonsonate, SV",geonames,3583102
Huntington Park,CA,-118.22507,33.98168,59430,"Huntington Park, CA",geonames,5358736
Coconut Creek,FL,-80.17894,26.25175,59302,"Coconut Creek, FL",geonames,4151455
Casper,WY,-106.3131,42.8666,59274,"Casper, WY",curated,
Dubuque,IA,-90.6648,42.5006,59246,"Dubuque, IA",curated,
Leander,TX,-97.85307,30.57881,59202,"Leander, TX",geonames,4705708
Grand Forks,ND,-97.0329,47.9253,59166,"Grand Forks, ND",curated,
Azua,DO,-70.7349,18.45319,59139,Azua,geonames,3512208
Noblesville,IN,-86.0086,40.04559,59093,"Noblesville, IN",geonames,4924198
Pierrefonds,QC,-73.89284,45.45989,59093,"Pierrefonds, QC",geonames,6104319
Marietta,GA,-84.54993,33.9526,59067,"Marietta, GA",geonames,4207783
Eastvale,CA,-117.56418,33.96358,59039,"Eastvale, CA",geonames,8096217
Royal Oak,MI,-83.14465,42.48948,59008,"Royal Oak, MI",geonames,5007804
Brentwood,CA,-121.69579,37.93187,58968,"Brentwood, CA",geonames,5330642
Fraijanes,GUA,-90.44083,14.46528,58922,Fraijanes,geonames,3595714
Comayagua,HN,-87.63968,14.45577,58784,"Comayagua, HN",geonames,3613321
Brookline,MA,-71.12116,42.33176,58732,"Brookline, MA",geonames,4931482
Novi,MI,-83.47549,42.48059,58723,"Novi, MI",geonames,5004062
Des Plaines,IL,-87.8834,42.03336,58677,"Des Plaines, IL",geonames,4889772
Springfield,OH,-83.8088,39.9242,58662,"Springfield, OH",curated,
Carson City,NV,-119.7674,39.1638,58639,"Carson City, NV",curated,
Orland Park,IL,-87.85394,41.63031,58619,"Orland Park, IL",geonames,4904937
San Pedro Ayampuc,GUA,-90.45318,14.77943,58609,San Pedro Ayampuc,geonames,3589646
Bartlett,TN,-89.87398,35.20453,58579,"Bartlett, TN",geonames,4604183
Woodland,CA,-121.7733,38.67852,58567,"Woodland, CA",geonames,5410430
Lehi,UT,-111.85077,40.39162,58486,"Lehi, UT",geonames,5777224
White Plains,NY,-73.76291,41.03399,58459,"White Plains, NY",geonames,5144336
Arcadia,CA,-118.03534,34.13973,58408,"Arcadia, CA",geonames,5324477
Reston,VA,-77.3411,38.96872,58404,"Reston, VA",geonames,4781530
Terre Haute,IN,-87.3895,39.4667,58389,"Terre Haute, IN",curated,
Patzun,GUA,-91.01397,14.68189,58240,Patzun,geonames,3591512
Clay,NY,-76.17243,43.1859,58206,"Clay, NY",geonames,5112861
Omoa,HN,-88.03833,15.77603,58172,"Omoa, HN",geonames,3604229
South Vineland,NJ,-75.02879,39.44595,58122,"South Vineland, NJ",geonames,4504225
Sanford,FL,-81.27312,28.80055,58111,"Sanford, FL",geonames,4172086
Danville,VA,-79.3917,36.588,58093,"Danville, VA",curated,
Lancaster,PA,-76.3055,40.0379,58039,"Lancaster, PA",curated,
Bowie,MD,-76.73028,38.94278,58025,"Bowie, MD",geonames,4349159
Port Coquitlam,BC,-122.76932,49.26637,58000,"Port Coquitlam, BC",geonames,6111706
Kokomo,IN,-86.1336,40.48643,57995,"Kokomo, IN",geonames,4922388
Chenango,NY,-75.5235,42.5312,57994,"Chenango, NY",curated,
Acambaro,GT,-100.72434,20.03248,57972,"Acambaro, GT",geonames,4019827
Decatur,AL,-86.9833,34.6059,57938,"Decatur, AL",curated,
Wayne,NJ,-74.27654,40.92538,57915,"Wayne, NJ",geonames,5106160
San Francisco El Alto,GUA,-91.4431,14.9449,57894,San Francisco El Alto,geonames,3590219
Santee,CA,-116.97392,32.83838,57787,"Santee, CA",geonames,5393429
Sarasota,FL,-82.5307,27.3364,57738,"Sarasota, FL",curated,
Dublin,CA,-121.93579,37.70215,57721,"Dublin, CA",geonames,5344157
St. Albert,AB,-113.63533,53.63344,57719,"St. Albert, AB",geonames,6155033
Casa Grande,AZ,-111.7574,32.8795,57575,"Casa Grande, AZ",curated,
Palm Harbor,FL,-82.76371,28.07807,57439,"Palm Harbor, FL",geonames,4167545
Medford,MA,-71.10616,42.41843,57403,"Medford, MA",geonames,4943629
Barnstable,MA,-70.3036,41.7017,57385,"Barnstable, MA",curated,
Midwest City,OK,-97.3967,35.44951,57249,"Midwest City, OK",geonames,4542765
Margate,FL,-80.20644,26.24453,57234,"Margate, FL",geonames,4163407
South Whittier,CA,-118.03917,33.95015,57156,"South Whittier, CA",geonames,5397841
Lake Havasu City,AZ,-114.3225,34.4839,57144,"Lake Havasu City, AZ",curated,
Tinley Park,IL,-87.78449,41.57337,57143,"Tinley Park, IL",geonames,4913723
Pflugerville,TX,-97.62,30.43937,57122,"Pflugerville, TX",geonames,4718711
Queen Anne's,MD,-76.0617,39.0273,57049,"Queen Anne's, MD",curated,
New Brunswick,NJ,-74.45182,40.48622,57035,"New Brunswick, NJ",geonames,5101717
Fountain Valley,CA,-117.95367,33.70918,56987,"Fountain Valley, CA",geonames,5350207
Diamond Bar,CA,-117.81034,34.02862,56897,"Diamond Bar, CA",geonames,5342992
Taunton,MA,-71.08977,41.9001,56789,"Taunton, MA",geonames,4952629
Oak Lawn,IL,-87.75811,41.71087,56781,"Oak Lawn, IL",geonames,4904365
Union,NJ,-74.2632,40.6976,56771,"Union, NJ",geonames,5105608
Ankeny,IA,-93.60577,41.72971,56764,"Ankeny, IA",geonames,4846960
Chicopee,MA,-72.60787,42.1487,56741,"Chicopee, MA",geonames,4933002
Aylmer,QC,-75.80644,45.4002,56542,"Aylmer, QC",geonames,6354934
Valdosta,GA,-83.2785,30.8327,56457,"Valdosta, GA",curated,
Saint-Michel,QC,-73.62168,45.56758,56420,"Saint-Michel, QC",geonames,6138791
Alexandra,LA,-92.4454,31.3119,56400,"Alexandra, LA",curated,
Mon Repos,TT,-61.4459,10.27979,56380,Mon Repos,geonames,3574116
Berwyn,IL,-87.79367,41.85059,56368,"Berwyn, IL",geonames,4884597
Huauchinango,PU,-98.05491,20.17376,56206,"Huauchinango, PU",geonames,3526992
Kendale Lakes,FL,-80.407,25.70816,56148,"Kendale Lakes, FL",geonames,4160705
Smyrna,GA,-84.51438,33.88399,56146,"Smyrna, GA",geonames,4223379
Dearborn Heights,MI,-83.27326,42.33698,56145,"Dearborn Heights, MI",geonames,4990512
Pocatello,ID,-112.4455,42.8713,56143,"Pocatello, ID",curated,
Porterville,CA,-119.01677,36.06523,56058,"Porterville, CA",geonames,5384471
Piscataway,NJ,-74.39904,40.49927,56044,"Piscataway, NJ",geonames,5102713
Hendersonville,TN,-86.62,36.30477,56018,"Hendersonville, TN",geonames,4628735
Rocky Mount,NC,-77.79053,35.93821,55806,"Rocky Mount, NC",geonames,4488762
Coeur d'Alene,ID,-116.7805,47.6777,55731,"Coeur d'Alene, ID",curated,
Hanford,CA,-119.64568,36.32745,55659,"Hanford, CA",geonames,5355180
Olympia,WA,-122.9007,47.0379,55605,"Olympia, WA",curated,
Castle Rock,CO,-104.85609,39.37221,55591,"Castle Rock, CO",geonames,5416329
Greenwood,IN,-86.10665,39.61366,55586,"Greenwood, IN",geonames,4258313
Nuevo Casas Grandes,CH,-107.91166,30.41552,55553,"Nuevo Casas Grandes, CH",geonames,3994616
Novato,CA,-122.5697,38.10742,55530,"Novato, CA",geonames,5378044
Kettering,OH,-84.16883,39.6895,55525,"Kettering, OH",geonames,4515843
Aurora,ON,-79.46632,44.00011,55445,"Aurora, ON",geonames,5888377
Kingsport,TN,-82.5618,36.5484,55442,"Kingsport, TN",curated,
Shoreline,WA,-122.34152,47.75565,55439,"Shoreline, WA",geonames,5810301
San Fernando,TT,-61.46835,10.27969,55419,San Fernando,geonames,3573738
Paramount,CA,-118.15979,33.88946,55412,"Paramount, CA",geonames,5381110
Placetas,CU,-79.65384,22.31377,55408,Placetas,geonames,3543961
Port Arthur,TX,-93.94233,29.88519,55340,"Port Arthur, TX",geonames,4720039
Abington,PA,-75.11795,40.12067,55310,"Abington, PA",geonames,5177773
Anderson,IN,-85.68025,40.10532,55305,"Anderson, IN",geonames,4917592
Patzcuaro,MI,-101.60995,19.5132,55298,"Patzcuaro, MI",geonames,3993179
Tamiami,FL,-80.39839,25.75871,55271,"Tamiami, FL",geonames,4174744
Towson,MD,-76.60191,39.4015,55197,"Towson, MD",geonames,4371582
North Chicopee,MA,-72.59953,42.18343,55179,"North Chicopee, MA",geonames,4945588
Jinotega,NI,-86.00234,13.09103,55000,"Jinotega, NI",geonames,3618929
Saint-Jerome,QC,-74.00365,45.78036,54948,"Saint-Jerome, QC",geonames,6138501
West Haven,CT,-72.94705,41.27065,54927,"West Haven, CT",geonames,4845419
Rosemead,CA,-118.07285,34.08057,54908,"Rosemead, CA",geonames,5388867
Sabinas,CO,-101.11738,27.85591,54905,"Sabinas, CO",geonames,3988333
Jackson,NJ,-74.86238,39.7765,54856,"Jackson, NJ",geonames,4502434
Highland,CA,-117.20865,34.12834,54854,"Highland, CA",geonames,5356868
San Jose de las Lajas,CU,-82.15151,22.96121,54847,San Jose de las Lajas,geonames,3539560
Mount Prospect,IL,-87.93729,42.06642,54747,"Mount Prospect, IL",geonames,4903024
Colton,CA,-117.31365,34.0739,54621,"Colton, CA",geonames,5338783
San Marcos,SV,-89.18252,13.66108,54615,"San Marcos, SV",geonames,3583480
San Bernardino Tlaxcalancingo,PU,-98.27698,19.02867,54517,"San Bernardino Tlaxcalancingo, PU",geonames,3515358
Bradenton,FL,-82.57482,27.49893,54437,"Bradenton, FL",geonames,4148708
Weymouth,MA,-70.93977,42.22093,54395,"Weymouth, MA",geonames,4955336
Port Charlotte,FL,-82.09064,26.97617,54392,"Port Charlotte, FL",geonames,4169130
Normal,IL,-88.99063,40.5142,54373,"Normal, IL",geonames,4903780
Jagueey Grande,CU,-81.12855,22.52629,54363,Jagueey Grande,geonames,3556437
Pensacola,FL,-87.2169,30.4213,54312,"Pensacola, FL",curated,
Spring,TX,-95.41716,30.07994,54298,"Spring, TX",geonames,4733624
Allapattah,FL,-80.22394,25.81454,54289,"Allapattah, FL",geonames,4145805
Richland,WA,-119.28446,46.28569,54248,"Richland, WA",geonames,5808276
Zinacantepec,EM,-99.73394,19.28428,54220,"Zinacantepec, EM",geonames,3518221
Euless,TX,-97.08195,32.83707,54219,"Euless, TX",geonames,4689550
Blue Springs,MO,-94.28161,39.01695,54148,"Blue Springs, MO",geonames,4377664
East Pensacola Heights,FL,-87.17997,30.42881,54104,"East Pensacola Heights, FL",geonames,4154047
Manhattan,KS,-96.5717,39.1836,54100,"Manhattan, KS",curated,
Hacienda Heights,CA,-117.96868,33.99307,54038,"Hacienda Heights, CA",geonames,5354819
Nuevitas,CU,-77.26489,21.54446,54022,Nuevitas,geonames,3545841
Elkhart,IN,-85.9767,41.682,53923,"Elkhart, IN",curated,
Beaufort,NC,-76.8928,35.4693,53898,"Beaufort, NC",curated,
Jacona de Plancarte,MI,-102.30557,19.95625,53860,"Jacona de Plancarte, MI",geonames,4004198
Cathedral City,CA,-116.46529,33.77974,53826,"Cathedral City, CA",geonames,5335006
Lakewood,NJ,-74.21764,40.09789,53805,"Lakewood, NJ",geonames,5100280
Elyria,OH,-82.10765,41.36838,53775,"Elyria, OH",geonames,5153207
Jardines de la Silla,NL,-100.18778,25.62944,53742,"Jardines de la Silla, NL",geonames,8858088
Wheaton,IL,-88.10701,41.86614,53715,"Wheaton, IL",geonames,4916288
Commerce City,CO,-104.93387,39.80832,53696,"Commerce City, CO",geonames,5417737
Santiago Teyahualco,EM,-99.12493,19.65985,53684,"Santiago Teyahualco, EM",geonames,3827596
Hoboken,NJ,-74.03236,40.74399,53635,"Hoboken, NJ",geonames,5099133
Watsonville,CA,-121.75689,36.91023,53628,"Watsonville, CA",geonames,5407529
Coatepec,VE,-96.96148,19.45229,53621,"Coatepec, VE",geonames,3530531
Papantla de Olarte,VE,-97.32494,20.44655,53546,"Papantla de Olarte, VE",geonames,3521922
Les Abymes,GP,-61.50507,16.273,53514,Les Abymes,geonames,3578959
El Viejo,NI,-87.16663,12.66348,53504,"El Viejo, NI",geonames,3619267
Little Havana,FL,-80.23306,25.76806,53430,"Little Havana, FL",geonames,6332582
Revere,MA,-71.01199,42.40843,53422,"Revere, MA",geonames,4832294
West New York,NJ,-74.01431,40.78788,53366,"West New York, NJ",geonames,5106292
Yucaipa,CA,-117.04309,34.03363,53328,"Yucaipa, CA",geonames,5411046
Bozeman,MT,-111.0429,45.677,53293,"Bozeman, MT",curated,
Gilroy,CA,-121.56828,37.00578,53231,"Gilroy, CA",geonames,5352214
Galveston,TX,-94.7977,29.3013,53219,"Galveston, TX",curated,
Poinciana,FL,-81.45841,28.14029,53193,"Poinciana, FL",geonames,4168930
Grand Island,NE,-98.342,40.9264,53131,"Grand Island, NE",curated,
Rioverde,SL,-99.99488,21.93115,53128,"Rioverde, SL",geonames,3520235
Banes,CU,-75.72306,20.96134,53104,Banes,geonames,3567869
Ciudad de Huajuapan de Leon,OA,-97.77956,17.80787,53043,"Ciudad de Huajuapan de Leon, OA",geonames,3527023
Bartolome Maso,CU,-76.94395,20.16657,53024,Bartolome Maso,geonames,3567669
Levittown,PA,-74.82877,40.15511,52983,"Levittown, PA",geonames,5197796
Nueva Guinea,NI,-84.45616,11.68758,52929,"Nueva Guinea, NI",geonames,3617459
Palm Beach Gardens,FL,-80.13865,26.82339,52923,"Palm Beach Gardens, FL",geonames,4167519
McKean,PA,-78.577,41.802,52800,"McKean, PA",curated,
Logan,UT,-111.8338,41.737,52778,"Logan, UT",curated,
Milford,CT,-73.0565,41.22232,52759,"Milford, CT",geonames,4838652
Delano,CA,-119.24705,35.76884,52733,"Delano, CA",geonames,5342485
West Sacramento,CA,-121.53023,38.58046,52721,"West Sacramento, CA",geonames,5408211
Huntersville,NC,-80.84285,35.41069,52704,"Huntersville, NC",geonames,4472370
Perth Amboy,NJ,-74.26542,40.50677,52682,"Perth Amboy, NJ",geonames,5102578
La Crosse,WI,-91.2396,43.8014,52680,"La Crosse, WI",curated,
Southaven,MS,-90.01259,34.98898,52589,"Southaven, MS",geonames,4446675
Saint Peters,MO,-90.62651,38.80033,52575,"Saint Peters, MO",geonames,4407237
Downtown DC,DC,-77.01991,38.8935,52560,Washington D.C.,geonames,13526890
Peabody,MA,-70.92866,42.52787,52504,"Peabody, MA",geonames,4946863
Placentia,CA,-117.87034,33.87224,52495,"Placentia, CA",geonames,5383527
Lenexa,KS,-94.73357,38.95362,52490,"Lenexa, KS",geonames,4274356
DeSoto,TX,-96.85695,32.58986,52486,"DeSoto, TX",geonames,4685524
Burlington,NC,-79.4378,36.09569,52472,"Burlington, NC",geonames,4458228
South Hill,WA,-122.27012,47.14121,52431,"South Hill, WA",geonames,5811456
Autauga,AL,-86.4753,32.46,52405,"Autauga, AL",curated,
Welland,ON,-79.24958,42.98342,52293,"Welland, ON",geonames,6177869
Oak Park,IL,-87.7845,41.88503,52287,"Oak Park, IL",geonames,4904381
Florissant,MO,-90.32261,38.78922,52268,"Florissant, MO",geonames,4386802
Sammamish,WA,-122.0804,47.64177,52253,"Sammamish, WA",geonames,5809402
Matamoros,CO,-103.2285,25.52699,52233,"Matamoros, CO",geonames,3996426
Albany,OR,-123.10593,44.63651,52175,"Albany, OR",geonames,5710756
Arandas,JA,-102.34514,20.70551,52175,"Arandas, JA",geonames,4018348
Hoffman Estates,IL,-88.0798,42.04281,52138,"Hoffman Estates, IL",geonames,4896075
Methuen,MA,-71.19089,42.7262,52044,"Methuen, MA",geonames,4943828
Thomazeau,HT,-72.09391,18.65297,52017,Thomazeau,geonames,3716667
Glendora,CA,-117.86534,34.13612,52009,"Glendora, CA",geonames,5352439
Huamantla,TL,-97.9252,19.31451,51996,"Huamantla, TL",geonames,3815324
Brookhaven,GA,-84.3402,33.85844,51910,"Brookhaven, GA",geonames,4184530
Usulutan,SV,-88.43994,13.34467,51910,"Usulutan, SV",geonames,3582883
Corralillo,CU,-80.58532,22.98213,51881,Corralillo,geonames,3563317
Levittown,NY,-73.51429,40.72593,51881,"Levittown, NY",geonames,5124276
Palm Desert,CA,-116.37697,33.72255,51869,"Palm Desert, CA",geonames,5380626
Ostuncalco,GUA,-91.62137,14.86899,51828,Ostuncalco,geonames,3591997
Joplin,MO,-94.51328,37.08423,51818,"Joplin, MO",geonames,4392768
Harrisonburg,VA,-78.8689,38.4496,51814,"Harrisonburg, VA",curated,
Twin Falls,ID,-114.4609,42.563,51807,"Twin Falls, ID",curated,
Conway,AR,-92.4398,35.0892,51800,"Conway, AR",curated,
Lower Sackville,NS,-63.67865,44.77599,51749,"Lower Sackville, NS",geonames,10287505
Saint John's,AG,-61.84329,17.12096,51737,Saint John's,geonames,3576022
Bonita Springs,FL,-81.7787,26.33981,51704,"Bonita Springs, FL",geonames,4148533
Irondequoit,NY,-77.57972,43.2134,51692,"Irondequoit, NY",geonames,5122331
Caldwell,ID,-116.68736,43.66294,51686,"Caldwell, ID",geonames,5587698
Delaware,NY,-74.916,42.2781,51684,"Delaware, NY",curated,
Minnetonka,MN,-93.50329,44.9133,51669,"Minnetonka, MN",geonames,5037784
Pinellas Park,FL,-82.69954,27.8428,51617,"Pinellas Park, FL",geonames,4168630
Battle Creek,MI,-85.17816,42.3173,51589,"Battle Creek, MI",geonames,4985153
The Villages,FL,-81.95994,28.93408,51442,"The Villages, FL",geonames,4175179
Grapevine,TX,-97.07807,32.93429,51404,"Grapevine, TX",geonames,4694568
Stratford,CT,-73.13317,41.18454,51384,"Stratford, CT",geonames,4843811
Uriangato,GT,-101.17875,20.14162,51382,"Uriangato, GT",geonames,3980777
Kentwood,MI,-85.64475,42.86947,51357,"Kentwood, MI",geonames,4998018
Brandon,MB,-99.9501,49.8485,51313,"Brandon, MB",curated,
Enid,OK,-97.8784,36.3956,51308,"Enid, OK",curated,
City of Milford (balance),CT,-73.06164,41.22374,51271,"City of Milford (balance), CT",geonames,7160204
Teoloyucan,EM,-99.18113,19.74423,51255,"Teoloyucan, EM",geonames,3515942
Tigard,OR,-122.77149,45.43123,51253,"Tigard, OR",geonames,5756758
East Hartford,CT,-72.61203,41.78232,51252,"East Hartford, CT",geonames,4833403
Apple Valley,MN,-93.21772,44.73191,51221,"Apple Valley, MN",geonames,5016494
Plainfield,NJ,-74.40737,40.63371,51217,"Plainfield, NJ",geonames,5102720
Leesburg,VA,-77.5636,39.11566,51209,"Leesburg, VA",geonames,4769125
Parsippany,NJ,-74.42599,40.85788,51144,"Parsippany, NJ",geonames,5102427
Coral Gables,FL,-80.26838,25.72149,51117,"Coral Gables, FL",geonames,4151871
The Trails of Frisco,TX,-96.87182,33.16087,51059,"The Trails of Frisco, TX",geonames,13561794
The Hammocks,FL,-80.4445,25.67149,51003,"The Hammocks, FL",geonames,4175117
Jesus Menendez,CU,-76.4777,21.16153,51002,Jesus Menendez,geonames,3556268
Marana,AZ,-111.2254,32.4364,51000,"Marana, AZ",curated,
Acayucan,VE,-94.91386,17.94979,50934,"Acayucan, VE",geonames,3533426
Buckeye,AZ,-112.58378,33.37032,50876,"Buckeye, AZ",geonames,5287262
Tocumen,PA,-79.3831,9.08939,50844,"Tocumen, PA",geonames,3700563
Wise,VA,-82.6104,37.0171,50840,"Wise, VA",curated,
Flagami,FL,-80.31616,25.76232,50834,"Flagami, FL",geonames,4155529
Catalina Foothills,AZ,-110.9187,32.29785,50796,"Catalina Foothills, AZ",geonames,5288786
Belleville,ON,-77.38277,44.16682,50716,"Belleville, ON",geonames,5897884
Lakewood,OH,-81.79819,41.48199,50656,"Lakewood, OH",geonames,5160315
Belleville,IL,-89.9842,38.5136,50569,"Belleville, IL",curated,
El Negrito,HN,-87.7,15.31667,50550,"El Negrito, HN",geonames,3611150
North La Crosse,WI,-91.24819,43.84635,50470,"North La Crosse, WI",geonames,5264870
Burien,WA,-122.34679,47.47038,50467,"Burien, WA",geonames,5788516
Havertown,PA,-75.30852,39.98095,50430,"Havertown, PA",geonames,4558523
Taxco de Alarcon,GR,-99.60592,18.55462,50399,"Taxco de Alarcon, GR",geonames,3516225
North Bay,ON,-79.46633,46.3168,50396,"North Bay, ON",geonames,6089426
Saint-Hyacinthe,QC,-72.95699,45.63076,50326,"Saint-Hyacinthe, QC",geonames,6138374
Stillwater,OK,-97.0584,36.1156,50299,"Stillwater, OK",curated,
South Peabody,MA,-70.94949,42.50982,50293,"South Peabody, MA",geonames,4951473
Aliso Viejo,CA,-117.72712,33.56504,50195,"Aliso Viejo, CA",geonames,5323163
Poway,CA,-117.03586,32.96282,50157,"Poway, CA",geonames,5384690
Edina,MN,-93.34995,44.88969,50138,"Edina, MN",geonames,5025264
Minnetonka Mills,MN,-93.4419,44.94107,50117,"Minnetonka Mills, MN",geonames,5037790
Zacapu,MI,-101.79198,19.81523,50112,"Zacapu, MI",geonames,3979846
Harrisburg,PA,-76.8867,40.2732,50099,"Harrisburg, PA",curated,
Pijijiapan,CS,-93.20938,15.68618,50079,"Pijijiapan, CS",geonames,3521476
Ciudad Sandino,NI,-86.34417,12.15889,50000,"Ciudad Sandino, NI",geonames,3828262
Juigalpa,NI,-85.36549,12.10591,50000,"Juigalpa, NI",geonames,3618908
Stonecrest,GA,-84.13485,33.70849,50000,"Stonecrest, GA",geonames,11748973
Tipitapa,NI,-86.09706,12.19732,50000,"Tipitapa, NI",geonames,3616035
Cerritos,CA,-118.06479,33.85835,49975,"Cerritos, CA",geonames,5335663
Redford,MI,-83.2966,42.38337,49936,"Redford, MI",geonames,5006917
East Honolulu,HI,-157.71734,21.28906,49914,"East Honolulu, HI",geonames,7315245
San Luis de la Paz,GT,-100.51485,21.29845,49914,"San Luis de la Paz, GT",geonames,3985621
Troy,NY,-73.69179,42.72841,49906,"Troy, NY",geonames,5141502
Whitchurch-Stouffville,ON,-79.3163,44.00012,49864,"Whitchurch-Stouffville, ON",geonames,6180176
Lincoln,CA,-121.29301,38.89156,49757,"Lincoln, CA",geonames,5366375
Downers Grove,IL,-88.01117,41.80892,49732,"Downers Grove, IL",geonames,4890119
Azusa,CA,-117.90756,34.13362,49690,"Azusa, CA",geonames,5325423
Wilson,NC,-77.91554,35.72127,49643,"Wilson, NC",geonames,4499389
Parker,CO,-104.76136,39.5186,49550,"Parker, CO",geonames,5434006
La Mirada,CA,-118.01201,33.91724,49520,"La Mirada, CA",geonames,5364007
Apizaco,TL,-98.14358,19.41333,49506,"Apizaco, TL",geonames,3532792
Biloxi,MS,-88.8853,30.396,49449,"Biloxi, MS",curated,
Aloha,OR,-122.86705,45.49428,49425,"Aloha, OR",geonames,5711099
Jobabo,CU,-77.28454,20.90981,49403,Jobabo,geonames,3556078
Bedford,TX,-97.14307,32.84402,49337,"Bedford, TX",geonames,4673094
Rancho Santa Margarita,CA,-117.6031,33.64086,49324,"Rancho Santa Margarita, CA",geonames,5386082
Cypress,CA,-118.03729,33.81696,49290,"Cypress, CA",geonames,5341256
Grangwav,HT,-72.76995,18.4259,49288,Grangwav,geonames,3724337
Murray,UT,-111.88799,40.66689,49250,"Murray, UT",geonames,5778755
Emiliano Zapata,MO,-99.18463,18.84065,49193,"Emiliano Zapata, MO",geonames,3527879
Cuyahoga Falls,OH,-81.48456,41.13394,49146,"Cuyahoga Falls, OH",geonames,5151613
Bloomfield,NJ,-74.18542,40.80677,49120,"Bloomfield, NJ",geonames,5095779
Soloma,GUA,-91.42994,15.65841,49030,Soloma,geonames,3588694
Rowland Heights,CA,-117.90534,33.97612,48993,"Rowland Heights, CA",geonames,5389126
Covina,CA,-117.89034,34.09001,48984,"Covina, CA",geonames,5340175
Valladolid,YU,-88.19936,20.68812,48973,"Valladolid, YU",geonames,3514876
Dollard-Des Ormeaux,QC,-73.82419,45.49452,48930,"Dollard-Des Ormeaux, QC",geonames,5940956
Valle Hermoso,TM,-97.81272,25.67317,48918,"Valle Hermoso, TM",geonames,3514868
Charleston,WV,-81.6326,38.3498,48864,"Charleston, WV",curated,
Collierville,TN,-89.66453,35.04204,48863,"Collierville, TN",geonames,4614748
Summerville,SC,-80.17565,33.0185,48848,"Summerville, SC",geonames,4597919
Cornwall,ON,-74.72815,45.01809,48821,"Cornwall, ON",geonames,5928065
Sheboygan,WI,-87.71453,43.75083,48797,"Sheboygan, WI",geonames,5272893
Middletown,OH,-84.39828,39.51506,48760,"Middletown, OH",geonames,4518264
Aspen Hill,MD,-77.07303,39.07955,48759,"Aspen Hill, MD",geonames,4347553
San Pedro,CO,-102.98385,25.75602,48746,"San Pedro, CO",geonames,3985035
Dunwoody,GA,-84.33465,33.94621,48733,"Dunwoody, GA",geonames,4192375
Hattiesburg,MS,-89.2903,31.3271,48730,"Hattiesburg, MS",curated,
Verrettes,HT,-72.46585,19.0505,48724,Verrettes,geonames,3716044
San Juan de los Lagos,JA,-102.33036,21.24893,48684,"San Juan de los Lagos, JA",geonames,3985865
Niagara Falls,NY,-79.0377,43.0962,48671,"Niagara Falls, NY",curated,
Maricopa,AZ,-112.04764,33.05811,48602,"Maricopa, AZ",geonames,5303752
Cedar Hill,TX,-96.95612,32.58847,48507,"Cedar Hill, TX",geonames,4679803
East Brunswick,NJ,-74.41598,40.42788,48495,"East Brunswick, NJ",geonames,5097402
East Lansing,MI,-84.48387,42.73698,48471,"East Lansing, MI",geonames,4991640
Cojutepeque,SV,-88.93309,13.71971,48411,"Cojutepeque, SV",geonames,3586977
Roswell,NM,-104.523,33.3943,48411,"Roswell, NM",curated,
Apopka,FL,-81.51186,28.67617,48382,"Apopka, FL",geonames,4146166
Minot,ND,-101.2963,48.233,48377,"Minot, ND",curated,
Baracoa,CU,-74.49714,20.34801,48362,Baracoa,geonames,3567834
Asuncion Mita,GUA,-89.71094,14.33365,48297,Asuncion Mita,geonames,3599639
Mao,DO,-71.07808,19.54908,48297,Mao,geonames,3496831
Wheaton,MD,-77.05526,39.03983,48284,"Wheaton, MD",geonames,4373349
Mishawaka,IN,-86.15862,41.66199,48261,"Mishawaka, IN",geonames,4923670
Portage,MI,-85.58,42.20115,48177,"Portage, MI",geonames,5006250
West Orange,NJ,-74.23904,40.79871,48131,"West Orange, NJ",geonames,5106298
McLean,VA,-77.17748,38.93428,48115,"McLean, VA",geonames,4772354
Sonaguera,HN,-86.33333,15.63333,48087,"Sonaguera, HN",geonames,3601211
Colonia del Sol,BS,-109.92655,22.91273,48032,Colonia del Sol,geonames,11121204
Santa Ana Chiautempan,TL,-98.18773,19.30661,48030,"Santa Ana Chiautempan, TL",geonames,3517742
Great North Woods,NH,-71.4964,44.8943,48000,"Great North Woods, NH",curated,
ile Bizardl,QC,-73.8949,45.4944,48000,"ile Bizardl, QC",curated,
Quimistan,HN,-88.4052,15.34752,47993,"Quimistan, HN",geonames,3602952
Newark,OH,-82.40126,40.05812,47986,"Newark, OH",geonames,5164466
Binghamton,NY,-75.918,42.0987,47969,"Binghamton, NY",curated,
Ceres,CA,-120.95771,37.59493,47963,"Ceres, CA",geonames,5335650
Chesterfield,MO,-90.57707,38.66311,47864,"Chesterfield, MO",geonames,4381072
Tierra Blanca,VE,-96.35912,18.44771,47824,"Tierra Blanca, VE",geonames,3801276
Lawrence,IN,-86.02526,39.83865,47809,"Lawrence, IN",geonames,4260210
Bel Air South,MD,-76.31977,39.50506,47709,"Bel Air South, MD",geonames,7257992
Monroe,LA,-92.1193,32.5093,47702,"Monroe, LA",curated,
Pearl City,HI,-157.97516,21.39734,47698,"Pearl City, HI",geonames,5852275
Euclid,OH,-81.52679,41.5931,47676,"Euclid, OH",geonames,5153420
Roseville,MI,-82.93714,42.49726,47637,"Roseville, MI",geonames,5007655
Texas City,TX,-94.9027,29.38385,47618,"Texas City, TX",geonames,4736134
Wauwatosa,WI,-88.00759,43.04946,47614,"Wauwatosa, WI",geonames,5278159
Colomba,GUA,-91.73167,14.7073,47544,Colomba,geonames,3598073
Florin,CA,-121.40884,38.49602,47513,"Florin, CA",geonames,5349613
Alajuela,CR,-84.21275,10.01723,47494,"Alajuela, CR",geonames,3624955
Glenview,IL,-87.78784,42.06975,47446,"Glenview, IL",geonames,4893886
East Providence,RI,-71.37005,41.81371,47408,"East Providence, RI",geonames,5221931
Muskegon,MI,-86.2484,43.2342,47196,"Muskegon, MI",curated,
Jovellanos,CU,-81.19177,22.80454,47164,Jovellanos,geonames,3555907
Mandeville,JM,-77.50714,18.04168,47115,Mandeville,geonames,3489577
Country Club,FL,-80.317,25.94815,47105,"Country Club, FL",geonames,4152093
Barberena,GUA,-90.36156,14.30739,47093,Barberena,geonames,3599582
Gwynn Oak,MD,-76.69275,39.33261,47092,"Gwynn Oak, MD",geonames,4357116
San Luis Obispo,CA,-120.6596,35.2828,47063,"San Luis Obispo, CA",curated,
San Marcos,GUA,-91.79486,14.96437,47063,San Marcos,geonames,3589805
Tlapa de Comonfort,GR,-98.57599,17.54528,46975,"Tlapa de Comonfort, GR",geonames,3515384
Tizimin,YU,-88.15188,21.14304,46971,"Tizimin, YU",geonames,3515504
Madison,AL,-86.74833,34.69926,46962,"Madison, AL",geonames,4074267
Jeffersonville,IN,-85.73718,38.27757,46960,"Jeffersonville, IN",geonames,4259671
San Jacinto,CA,-116.95864,33.78391,46951,"San Jacinto, CA",geonames,5392090
Mentor,OH,-81.33955,41.66616,46901,"Mentor, OH",geonames,5162645
Huntington,WV,-82.4452,38.4192,46842,"Huntington, WV",curated,
Mansfield,OH,-82.51545,40.75839,46830,"Mansfield, OH",geonames,5161723
Draper,UT,-111.86382,40.52467,46774,"Draper, UT",geonames,5774001
Middletown,CT,-72.65065,41.56232,46756,"Middletown, CT",geonames,4838633
Wylie,TX,-96.53888,33.01512,46708,"Wylie, TX",geonames,4743275
Columbus,IN,-85.92138,39.20144,46690,"Columbus, IN",geonames,4256038
Farmington,NM,-108.2187,36.7281,46624,"Farmington, NM",curated,
Smyrna,TN,-86.5186,35.98284,46607,"Smyrna, TN",geonames,4658590
Langford,BC,-123.50261,48.44963,46584,"Langford, BC",geonames,6049388
Charlottesville,VA,-78.4767,38.0293,46553,"Charlottesville, VA",curated,
Salina,KS,-97.6114,38.8403,46550,"Salina, KS",curated,
Lucaya,BS,-78.66667,26.53333,46525,Lucaya,geonames,3571971
Blainville,QC,-73.88249,45.66678,46493,"Blainville, QC",geonames,5903510
Lacey,WA,-122.82319,47.03426,46409,"Lacey, WA",geonames,5800112
Makakilo / Kapolei / Honokai Hale,HI,-158.09676,21.3374,46389,"Makakilo / Kapolei / Honokai Hale, HI",geonames,13100439
Littleton,CO,-105.01665,39.61332,46368,"Littleton, CO",geonames,5429032
Boca Chica,DO,-69.6,18.45,46300,Boca Chica,geonames,3511336
Beavercreek,OH,-84.06327,39.70923,46277,"Beavercreek, OH",geonames,4506008
Kannapolis,NC,-80.62173,35.48736,46144,"Kannapolis, NC",geonames,4474040
Antigua Guatemala,GUA,-90.7332,14.55636,46054,Antigua Guatemala,geonames,3599699
Everett,MA,-71.05366,42.40843,46050,"Everett, MA",geonames,4936008
Brighton,MA,-71.15644,42.3501,45977,"Brighton, MA",geonames,4931353
Accomack,VA,-75.6744,37.7422,45966,"Accomack, VA",curated,
Elmhurst,IL,-87.94034,41.89947,45957,"Elmhurst, IL",geonames,4891010
La Lima,HN,-87.91667,15.43333,45955,"La Lima, HN",geonames,3607511
Freeport,BS,-78.6966,26.5333,45945,Freeport,curated,
Prescott,AZ,-112.4685,34.54,45827,"Prescott, AZ",curated,
City of Sammamish,WA,-122.03768,47.60444,45780,"City of Sammamish, WA",geonames,7174365
Antelope,CA,-121.32995,38.70824,45770,"Antelope, CA",geonames,5324105
Bauta,CU,-82.54764,22.9821,45768,Bauta,geonames,3567612
Keller,TX,-97.25168,32.93457,45758,"Keller, TX",geonames,4702828
Apex,NC,-78.85029,35.73265,45585,"Apex, NC",geonames,4452808
West Lafayette,IN,-86.90807,40.42587,45550,"West Lafayette, IN",geonames,4928096
West Vancouver,BC,-123.16019,49.3286,45487,"West Vancouver, BC",geonames,8533869
Santo Domingo,CU,-80.24259,22.5867,45476,Santo Domingo,geonames,3536640
Cutler Bay,FL,-80.3377,25.5783,45425,"Cutler Bay, FL",geonames,6332309
Titusville,FL,-80.80755,28.61222,45393,"Titusville, FL",geonames,4175437
Autlan de Navarro,JA,-104.36644,19.77189,45382,"Autlan de Navarro, JA",geonames,4017957
Liberia,CR,-85.43779,10.63517,45380,"Liberia, CR",geonames,3623076
Solola,GUA,-91.18344,14.7707,45373,Solola,geonames,3588698
Santiago de Veraguas,PA,-80.98333,8.1,45355,"Santiago de Veraguas, PA",geonames,3701117
Newark,CA,-122.04024,37.52966,45336,"Newark, CA",geonames,5376803
Masagua,GUA,-90.84806,14.20306,45323,Masagua,geonames,3592642
Sierra Vista,AZ,-110.3037,31.5545,45308,"Sierra Vista, AZ",curated,
Oro Valley,AZ,-110.96649,32.39091,45303,"Oro Valley, AZ",geonames,5307540
Salcedo,DO,-70.41719,19.37766,45299,Salcedo,geonames,3493283
Alexandria,LA,-92.4451,31.3113,45275,"Alexandria, LA",curated,
Saint Louis Park,MN,-93.34801,44.9483,45250,"Saint Louis Park, MN",geonames,5045021
Enfield,CT,-72.59176,41.97621,45212,"Enfield, CT",geonames,4834040
Dublin,OH,-83.11408,40.09923,45098,"Dublin, OH",geonames,5152333
Chiapa de Corzo,CS,-93.01216,16.7075,45077,"Chiapa de Corzo, CS",geonames,3531013
Tuckahoe,VA,-77.55638,37.59015,44990,"Tuckahoe, VA",geonames,4790207
Potomac,MD,-77.20859,39.01817,44965,"Potomac, MD",geonames,4366001
Cleveland Heights,OH,-81.55624,41.52005,44962,"Cleveland Heights, OH",geonames,4833320
Sayreville,NJ,-74.36098,40.45927,44920,"Sayreville, NJ",geonames,5104404
Palm Springs,CA,-116.5453,33.8303,44892,"Palm Springs, CA",curated,
Burlington,VT,-73.2121,44.4759,44843,"Burlington, VT",curated,
Hackensack,NJ,-74.04347,40.88593,44834,"Hackensack, NJ",geonames,5098706
Blacksburg,VA,-80.4139,37.2296,44826,"Blacksburg, VA",curated,
York,PA,-76.7277,39.9626,44800,"York, PA",curated,
San Buenaventura,EM,-98.86306,19.3025,44761,"San Buenaventura, EM",geonames,8858089
May Pen,JM,-77.24515,17.96454,44755,May Pen,geonames,3489523
West Seneca,NY,-78.79975,42.85006,44711,"West Seneca, NY",geonames,5143992
Strongsville,OH,-81.83569,41.3145,44668,"Strongsville, OH",geonames,5173237
Coachella,CA,-116.17389,33.6803,44635,"Coachella, CA",geonames,5338166
Cabaiguan,CU,-79.49626,22.0784,44515,Cabaiguan,geonames,3566603
Moorhead,MN,-96.767,46.8738,44505,"Moorhead, MN",curated,
Bentonville,AR,-94.20882,36.37285,44499,"Bentonville, AR",geonames,4101260
Mankato,MN,-93.9994,44.1636,44488,"Mankato, MN",curated,
Fort Pierce,FL,-80.32561,27.44671,44484,"Fort Pierce, FL",geonames,4156018
Bridgewater,NJ,-74.64815,40.60079,44464,"Bridgewater, NJ",geonames,8299576
Regla,CU,-82.33058,23.12576,44431,Regla,geonames,3542502
Danville,CA,-121.99996,37.82159,44400,"Danville, CA",geonames,5341531
El Centro,CA,-115.5631,32.792,44378,"El Centro, CA",curated,
Bluefields,NI,-83.76449,12.01292,44373,"Bluefields, NI",geonames,3620680
Cuscatancingo,SV,-89.18161,13.72702,44369,"Cuscatancingo, SV",geonames,3586833
Williams,OH,-84.5924,41.5018,44347,"Williams, OH",curated,
Wilkes-Barre,PA,-75.8813,41.2459,44328,"Wilkes-Barre, PA",curated,
Oakland Park,FL,-80.13199,26.17231,44319,"Oakland Park, FL",geonames,4166638
Attleboro,MA,-71.28561,41.94454,44284,"Attleboro, MA",geonames,4929399
Severn,MD,-76.6983,39.13705,44231,"Severn, MD",geonames,4369190
Haltom City,TX,-97.26918,32.79957,44206,"Haltom City, TX",geonames,4695912
Saginaw,MI,-83.9508,43.4195,44202,"Saginaw, MI",curated,
Lompoc,CA,-120.45794,34.63915,44164,"Lompoc, CA",geonames,5367788
Wesley Chapel,FL,-82.32787,28.23973,44092,"Wesley Chapel, FL",geonames,4177727
Urbandale,IA,-93.71217,41.62666,44062,"Urbandale, IA",geonames,4879890
Georgetown,ON,-79.91634,43.65011,44058,"Georgetown, ON",geonames,5960533
Concord,NH,-71.5376,43.2081,43976,"Concord, NH",curated,
North Miami Beach,FL,-80.16255,25.93315,43971,"North Miami Beach, FL",geonames,4166233
Altoona,PA,-78.3947,40.5187,43963,"Altoona, PA",curated,
Pittsfield,MA,-73.2454,42.4501,43927,"Pittsfield, MA",curated,
North Brunswick,NJ,-74.482,40.454,43905,"North Brunswick, NJ",geonames,6946944
Cleveland,TN,-84.87661,35.15952,43898,"Cleveland, TN",geonames,4614088
San German,CU,-76.1347,20.59971,43892,San German,geonames,3534749
North Bethesda,MD,-77.11887,39.04455,43828,"North Bethesda, MD",geonames,4363843
Beaumont,CA,-116.97725,33.92946,43811,"Beaumont, CA",geonames,5327098
Lombard,IL,-88.00784,41.88003,43797,"Lombard, IL",geonames,4900373
Bountiful,UT,-111.88077,40.88939,43784,"Bountiful, UT",geonames,5771826
North Lauderdale,FL,-80.22588,26.2173,43703,"North Lauderdale, FL",geonames,4166222
Ranchuelo,CU,-80.15046,22.37266,43695,Ranchuelo,geonames,3542744
Sherman,TX,-96.6089,33.6357,43645,"Sherman, TX",curated,
Burleson,TX,-97.32085,32.54208,43625,"Burleson, TX",geonames,4677551
Ocoee,FL,-81.54396,28.56917,43608,"Ocoee, FL",geonames,4166776
Quinte West,ON,-77.56618,44.18342,43577,"Quinte West, ON",geonames,6115355
Chatham,ON,-82.18494,42.41224,43550,"Chatham, ON",geonames,5920457
Hagerstown,MD,-77.72,39.6418,43527,"Hagerstown, MD",curated,
Purisima de Bustos,GT,-101.87777,21.02969,43512,"Purisima de Bustos, GT",geonames,3991226
Ashburn,VA,-77.48749,39.04372,43511,"Ashburn, VA",geonames,4744870
Southington,CT,-72.8776,41.59649,43501,"Southington, CT",geonames,4843378
Hickory,NC,-81.3412,35.733,43490,"Hickory, NC",curated,
Teupasenti,HN,-86.7,14.21667,43477,"Teupasenti, HN",geonames,3600841
Freeport,NY,-73.58318,40.6576,43334,"Freeport, NY",geonames,5117949
Innisfil,ON,-79.64964,44.30011,43326,"Innisfil, ON",geonames,5983433
Hilo,HI,-155.09073,19.72991,43263,"Hilo, HI",geonames,5855927
Tizayuca,HG,-98.97607,19.83721,43250,"Tizayuca, HG",geonames,3515505
West Babylon,NY,-73.35429,40.71816,43213,"West Babylon, NY",geonames,5143630
DeKalb,IL,-88.75036,41.92947,43211,"DeKalb, IL",geonames,4889553
Moroleon,GT,-101.1908,20.13027,43200,"Moroleon, GT",geonames,3995343
San Bruno,CA,-122.41108,37.63049,43185,"San Bruno, CA",geonames,5391749
Altamonte Springs,FL,-81.36562,28.66111,43159,"Altamonte Springs, FL",geonames,4145941
Bell Gardens,CA,-118.15146,33.96529,43106,"Bell Gardens, CA",geonames,5327319
Schertz,TX,-98.26973,29.55217,43091,"Schertz, TX",geonames,4727326
Jefferson City,MO,-92.1735,38.5767,43079,"Jefferson City, MO",curated,
East Boston,MA,-71.03922,42.3751,43066,"East Boston, MA",geonames,4935304
Jerez de Garcia Salinas,ZA,-102.98979,22.6497,43064,"Jerez de Garcia Salinas, ZA",geonames,4004024
Jesus Maria,AG,-102.34333,21.96111,43012,Jesus Maria,geonames,4003995
Moline,IL,-90.5151,41.5067,42985,"Moline, IL",curated,
Morgan Hill,CA,-121.65439,37.1305,42948,"Morgan Hill, CA",geonames,5374764
Palenque,CS,-91.98125,17.50914,42947,"Palenque, CS",geonames,3522164
Bothell,WA,-122.2054,47.76232,42939,"Bothell, WA",geonames,5787829
Izucar de Matamoros,PU,-98.46152,18.60157,42936,"Izucar de Matamoros, PU",geonames,3526657
Fond du Lac,WI,-88.43883,43.775,42933,"Fond du Lac, WI",geonames,5253352
Sicklerville,NJ,-74.96933,39.71734,42891,"Sicklerville, NJ",geonames,4504118
Sayreville Junction,NJ,-74.33043,40.46538,42890,"Sayreville Junction, NJ",geonames,5104405
Salem,MA,-70.89552,42.51977,42869,"Salem, MA",geonames,4950065
Arlington,MA,-71.15644,42.41537,42844,"Arlington, MA",geonames,4929180
Salaberry-de-Valleyfield,QC,-74.13253,45.25008,42787,"Salaberry-de-Valleyfield, QC",geonames,6139289
Chateauguay,QC,-73.74919,45.38338,42786,"Chateauguay, QC",geonames,5920433
Altadena,CA,-118.13118,34.18973,42777,"Altadena, CA",geonames,5323525
Fairfield,OH,-84.5605,39.34589,42767,"Fairfield, OH",geonames,4511283
Rancho Palos Verdes,CA,-118.38702,33.74446,42732,"Rancho Palos Verdes, CA",geonames,5386035
San Antonio de los Banos,CU,-82.5059,22.889,42724,San Antonio de los Banos,geonames,3540885
North Highlands,CA,-121.37217,38.68574,42694,"North Highlands, CA",geonames,5377640
Las Choapas,VE,-94.09646,17.91177,42693,"Las Choapas, VE",geonames,3524903
Cacocum,CU,-76.32622,20.73682,42623,Cacocum,geonames,3566429
East Concord,NH,-71.53813,43.24202,42605,"East Concord, NH",geonames,5085688
Henrietta,NY,-77.61222,43.05923,42581,"Henrietta, NY",geonames,5120521
Rockwall,TX,-96.45971,32.93123,42566,"Rockwall, TX",geonames,4723406
Plainfield,IL,-88.20395,41.62697,42527,"Plainfield, IL",geonames,4906125
Empalme,SO,-110.81411,27.96166,42516,"Empalme, SO",geonames,4006806
Cintalapa de Figueroa,CS,-93.71814,16.68393,42467,"Cintalapa de Figueroa, CS",geonames,3530617
Rohnert Park,CA,-122.7011,38.33964,42407,"Rohnert Park, CA",geonames,5388564
Urbana,IL,-88.20727,40.11059,42311,"Urbana, IL",geonames,4914570
Juventino Rosas,GT,-100.9952,20.6435,42264,"Juventino Rosas, GT",geonames,4003662
Rimouski,QC,-68.52396,48.44879,42240,"Rimouski, QC",geonames,6354895
Yaguajay,CU,-79.23687,22.32693,42218,Yaguajay,geonames,3533826
Midland,MI,-84.24721,43.61558,42200,"Midland, MI",geonames,5001929
Prescott Valley,AZ,-112.31572,34.61002,42197,"Prescott Valley, AZ",geonames,5309858
Joint Base Pearl Harbor Hickam,HI,-157.94713,21.34906,42184,"Joint Base Pearl Harbor Hickam, HI",geonames,10173805
Kenscoff,HT,-72.28398,18.44773,42175,Kenscoff,geonames,3723440
Esperanza,DO,-70.98489,19.58469,42169,Esperanza,geonames,3505855
Prince George,VA,-77.2153,37.1815,42152,"Prince George, VA",curated,
Zacatelco,TL,-98.23972,19.21583,42150,"Zacatelco, TL",geonames,3815392
Cantel,GUA,-91.45536,14.81154,42142,Cantel,geonames,3599069
Kearny,NJ,-74.14542,40.76843,42137,"Kearny, NJ",geonames,5099967
El Dorado Hills,CA,-121.08217,38.68574,42108,"El Dorado Hills, CA",geonames,5345679
Saint-Eustache,QC,-73.90554,45.565,42062,"Saint-Eustache, QC",geonames,6138175
Linden,NJ,-74.24459,40.62205,42021,"Linden, NJ",geonames,5100506
Eastern Okanogan Highlands,WA,-118.7378,48.6482,42000,"Eastern Okanogan Highlands, WA",curated,
Western Okanogan Highlands,WA,-119.5276,48.411,42000,"Western Okanogan Highlands, WA",curated,
Brea,CA,-117.90006,33.91668,41944,"Brea, CA",geonames,5330582
Riverton,UT,-111.9391,40.52189,41900,"Riverton, UT",geonames,5780557
Ocosingo,CS,-92.09349,16.90634,41878,"Ocosingo, CS",geonames,3522484
Mount Laurel,NJ,-74.891,39.934,41864,"Mount Laurel, NJ",geonames,4503136
Timmins,ON,-81.33312,48.46686,41788,"Timmins, ON",geonames,6166739
The Colony,TX,-96.88639,33.08901,41779,"The Colony, TX",geonames,4736388
Manassas,VA,-77.47527,38.75095,41764,"Manassas, VA",geonames,4771401
Brentwood,TN,-86.78278,36.03312,41763,"Brentwood, TN",geonames,4608408
Westfield,MA,-72.74954,42.12509,41690,"Westfield, MA",geonames,4955190
Cotui,DO,-70.15116,19.05385,41641,Cotui,geonames,3509207
Greenbrier,WV,-80.4509,37.9612,41631,"Greenbrier, WV",curated,
Sorel-Tracy,QC,-73.11358,46.04178,41629,"Sorel-Tracy, QC",geonames,6151350
Hutchinson,KS,-97.92977,38.06084,41569,"Hutchinson, KS",geonames,4273299
Leominster,MA,-71.75979,42.52509,41569,"Leominster, MA",geonames,4941873
Catonsville,MD,-76.73192,39.27205,41567,"Catonsville, MD",geonames,4350635
Hicksville,NY,-73.52513,40.76843,41547,"Hicksville, NY",geonames,5120656
Bartlett,IL,-88.18563,41.99503,41545,"Bartlett, IL",geonames,4884141
Manicaragua,CU,-79.97867,22.15021,41532,Manicaragua,geonames,3547976
Amancio,CU,-77.5786,20.82876,41523,Amancio,geonames,3569024
Mission,BC,-122.30258,49.13298,41519,"Mission, BC",geonames,6075292
San Vicente,SV,-88.78459,13.64114,41504,"San Vicente, SV",geonames,3583178
Buffalo Grove,IL,-87.95979,42.15141,41496,"Buffalo Grove, IL",geonames,4885955
Woonsocket,RI,-71.51478,42.00288,41475,"Woonsocket, RI",geonames,5225809
Comalcalco,TB,-93.22432,18.26496,41458,"Comalcalco, TB",geonames,3530385
Edmonds,WA,-122.37736,47.81065,41375,"Edmonds, WA",geonames,5793427
Cuilapa,GUA,-90.29865,14.27537,41359,Cuilapa,geonames,3597804
Shelton,CT,-73.09316,41.31649,41296,"Shelton, CT",geonames,4842898
Cedar Falls,IA,-92.44547,42.52776,41255,"Cedar Falls, IA",geonames,4850699
Pine Bluff,AR,-92.0032,34.2284,41253,"Pine Bluff, AR",curated,
Adams,MS,-91.3298,31.4904,41208,"Adams, MS",curated,
Beverly,MA,-70.88005,42.55843,41186,"Beverly, MA",geonames,4930505
University,FL,-82.43902,28.07389,41163,"University, FL",geonames,7260219
Coppell,TX,-97.01501,32.95457,41159,"Coppell, TX",geonames,4683217
Findlay,OH,-83.64993,41.04422,41149,"Findlay, OH",geonames,5153924
Campbell,CA,-121.94996,37.28717,41117,"Campbell, CA",geonames,5333689
Jiguani,CU,-76.42905,20.36839,41106,Jiguani,geonames,3556168
Lake Ridge,VA,-77.29776,38.68789,41058,"Lake Ridge, VA",geonames,4768351
Burke,VA,-77.27165,38.79345,41055,"Burke, VA",geonames,4749950
Annandale,VA,-77.19637,38.83039,41008,"Annandale, VA",geonames,4744468
Bullhead City,AZ,-114.5683,35.1478,41000,"Bullhead City, AZ",curated,
Strawberry Hill,BC,-122.88333,49.13333,41000,"Strawberry Hill, BC",geonames,6158070
Peachtree Corners,GA,-84.22159,33.9701,40978,"Peachtree Corners, GA",geonames,4215114
South Valley,NM,-106.67808,35.01005,40976,"South Valley, NM",geonames,5492450
Val-des-Arbres,QC,-73.67542,45.59837,40974,"Val-des-Arbres, QC",geonames,6173004
Ormond Beach,FL,-81.05589,29.28581,40970,"Ormond Beach, FL",geonames,4167178
Covington,KY,-84.5089,39.0837,40961,Covington,curated,
Carrollwood Village,FL,-82.52093,28.06752,40949,"Carrollwood Village, FL",geonames,4150118
Huntsville,TX,-95.55078,30.72353,40938,"Huntsville, TX",geonames,4699540
Ciudad Constitucion,BS,-111.66256,25.0321,40935,Ciudad Constitucion,geonames,4013723
Loma Bonita,OA,-95.88053,18.10766,40934,"Loma Bonita, OA",geonames,3824996
Stittsville,ON,-75.91606,45.2501,40889,"Stittsville, ON",geonames,6156855
Sumter,SC,-80.34147,33.92044,40816,"Sumter, SC",geonames,4597948
Annapolis,MD,-76.49184,38.97859,40812,"Annapolis, MD",geonames,4347242
ile Perrot,QC,-73.9652,45.3961,40800,"ile Perrot, QC",curated,
Panuco,VE,-98.18192,22.05378,40754,"Panuco, VE",geonames,3521941
La Puente,CA,-117.94951,34.02001,40745,"La Puente, CA",geonames,5364066
Holyoke,MA,-72.6162,42.20426,40684,"Holyoke, MA",geonames,4939783
Patulul,GUA,-91.16049,14.42321,40683,Patulul,geonames,3591541
Goose Creek,SC,-80.03259,32.98101,40633,"Goose Creek, SC",geonames,4580098
Rio Blanco,VE,-97.156,18.83036,40611,"Rio Blanco, VE",geonames,3520274
Le Lamentin,MQ,-60.99964,14.61341,40581,Le Lamentin,geonames,3570428
Maplewood,MN,-92.99522,44.95302,40567,"Maplewood, MN",geonames,5036588
Ancaster,ON,-79.98716,43.21806,40557,"Ancaster, ON",geonames,8285452
Streamwood,IL,-88.17841,42.02558,40554,"Streamwood, IL",geonames,4912691
Fitchburg,MA,-71.8023,42.58342,40545,"Fitchburg, MA",geonames,4936812
Hilton Head Island,SC,-80.73816,32.19382,40512,"Hilton Head Island, SC",geonames,4581832
State College,PA,-77.86,40.7934,40501,"State College, PA",curated,
La Quinta,CA,-116.31001,33.66336,40476,"La Quinta, CA",geonames,5364079
Crystal Lake,IL,-88.3162,42.24113,40448,"Crystal Lake, IL",geonames,4889229
San Gabriel,CA,-118.10583,34.09611,40424,"San Gabriel, CA",geonames,5392034
Woodstock,ON,-80.7497,43.13339,40404,"Woodstock, ON",geonames,6184365
Beverly Cove,MA,-70.85366,42.55343,40365,"Beverly Cove, MA",geonames,4930511
Carol Stream,IL,-88.13479,41.91253,40356,"Carol Stream, IL",geonames,4886662
Winter Garden,FL,-81.58618,28.56528,40356,"Winter Garden, FL",geonames,4178550
Warren,OH,-80.81842,41.23756,40245,"Warren, OH",geonames,5175865
Santa Rosalia de Camargo,CH,-105.17158,27.67891,40221,"Santa Rosalia de Camargo, CH",geonames,4013724
Marlboro,NJ,-74.24626,40.31539,40191,"Marlboro, NJ",geonames,5100886
Florence,AL,-87.677,34.7998,40184,"Florence, AL",curated,
Hobbs,NM,-103.136,32.7026,40159,"Hobbs, NM",curated,
Cifuentes,CU,-80.04935,22.6493,40142,Cifuentes,geonames,3564114
Cihuatlan,JA,-104.56512,19.2366,40139,"Cihuatlan, JA",geonames,3976999
Vernon,BC,-119.27337,50.26729,40116,"Vernon, BC",geonames,6173864
Teaneck,NJ,-74.01597,40.8976,40078,"Teaneck, NJ",geonames,5105262
Penjamo,GT,-101.72403,20.43134,40070,"Penjamo, GT",geonames,3992986
Calexico,CA,-115.49888,32.67895,40053,"Calexico, CA",geonames,5332698
Villa Altagracia,DO,-70.17095,18.67297,40027,Villa Altagracia,geonames,3491952
San Pedro Sacatepequez,GUA,-91.76172,14.96807,40021,San Pedro Sacatepequez,geonames,3589626
Huejutla de Reyes,HG,-98.41944,21.14,40015,"Huejutla de Reyes, HG",geonames,3526952
George Town,GC,-81.3764,19.2869,40000,"George Town, GC",curated,
Wausau,WI,-89.6301,44.9591,39994,"Wausau, WI",curated,
Shakopee,MN,-93.5269,44.79802,39981,"Shakopee, MN",geonames,5046997
San Andres Cholula,PU,-98.29526,19.05144,39964,"San Andres Cholula, PU",geonames,3818742
Billerica,MA,-71.26895,42.55843,39904,"Billerica, MA",geonames,4930577
Norwich,CT,-72.07591,41.52426,39899,"Norwich, CT",geonames,4839843
Amherst,MA,-72.51852,42.36723,39833,"Amherst, MA",geonames,4929022
Duncanville,TX,-96.90834,32.6518,39826,"Duncanville, TX",geonames,4687331
New Berlin,WI,-88.10842,42.9764,39825,"New Berlin, WI",geonames,5264381
Marlborough,MA,-71.55229,42.34593,39818,"Marlborough, MA",geonames,4943170
Oakley,CA,-121.71245,37.99742,39813,"Oakley, CA",geonames,5378566
Xicotepec de Juarez,PU,-97.96111,20.27605,39803,"Xicotepec de Juarez, PU",geonames,3514510
Lancaster,OH,-82.59933,39.71368,39766,"Lancaster, OH",geonames,4516233
Romeoville,IL,-88.08951,41.64753,39719,"Romeoville, IL",geonames,4908068
Paraiso,CR,-83.86655,9.83847,39702,"Paraiso, CR",geonames,3622547
Montclair,NJ,-74.20903,40.82593,39701,"Montclair, NJ",geonames,5101334
Puyallup,WA,-122.2929,47.18538,39659,"Puyallup, WA",geonames,5807575
Zacatecoluca,SV,-88.87017,13.50872,39613,"Zacatecoluca, SV",geonames,3582805
Uman,YU,-89.74798,20.88149,39611,"Uman, YU",geonames,3514929
Nuevo San Carlos,GUA,-91.6939,14.593,39565,Nuevo San Carlos,geonames,3592105
Woburn,MA,-71.15228,42.47926,39555,"Woburn, MA",geonames,4956032
Cape Girardeau,MO,-89.5181,37.3059,39540,"Cape Girardeau, MO",curated,
Bremerton,WA,-122.63264,47.56732,39520,"Bremerton, WA",geonames,5788054
Hallandale Beach,FL,-80.14838,25.9812,39488,"Hallandale Beach, FL",geonames,4157898
Weslaco,TX,-97.99084,26.15952,39474,"Weslaco, TX",geonames,4740629
Quincy,IL,-91.4099,39.9356,39463,"Quincy, IL",curated,
North Fort Myers,FL,-81.88009,26.66729,39407,"North Fort Myers, FL",geonames,4166195
Chelsea,MA,-71.03283,42.39176,39398,"Chelsea, MA",geonames,4932879
Grove City,OH,-83.09296,39.88145,39388,"Grove City, OH",geonames,4513409
Bowmanville,ON,-78.68286,43.91682,39371,"Bowmanville, ON",geonames,5906831
San Martin,SV,-88.91667,13.78333,39361,"San Martin, SV",geonames,3583471
Guaimaro,CU,-77.3494,21.05383,39358,Guaimaro,geonames,3557923
Princeton,FL,-80.40894,25.53844,39308,"Princeton, FL",geonames,4169345
Essex,MD,-76.47496,39.30927,39262,"Essex, MD",geonames,4354428
Pacifica,CA,-122.48692,37.61383,39260,"Pacifica, CA",geonames,5380420
San Jose del Castillo,JA,-103.23689,20.51167,39246,"San Jose del Castillo, JA",geonames,3986165
Germantown,TN,-89.81009,35.08676,39240,"Germantown, TN",geonames,4624601
Los Reyes de Salgado,MI,-102.47333,19.58854,39209,"Los Reyes de Salgado, MI",geonames,3997211
Northglenn,CO,-104.9872,39.88554,39197,"Northglenn, CO",geonames,5433124
Ocozocoautla de Espinosa,CS,-93.37426,16.7612,39180,"Ocozocoautla de Espinosa, CS",geonames,3522444
Caibarien,CU,-79.46601,22.51992,39140,Caibarien,geonames,3566356
Coram,NY,-73.00149,40.86871,39113,"Coram, NY",geonames,5113694
Boucherville,QC,-73.43605,45.59104,39062,"Boucherville, QC",geonames,5906267
Hurst,TX,-97.17057,32.82346,39016,"Hurst, TX",geonames,4699575
Spruce Grove,AB,-113.91874,53.53344,38985,"Spruce Grove, AB",geonames,6154383
Esperanza,SO,-109.93119,27.58046,38969,"Esperanza, SO",geonames,4011668
Hot Springs,AR,-93.0552,34.5038,38954,"Hot Springs, AR",curated,
Charlottetown,PE,-63.1311,46.2382,38909,"Charlottetown, PE",curated,
St. Thomas,ON,-81.18038,42.77361,38909,"St. Thomas, ON",geonames,6158357
Ilopango,SV,-89.10944,13.70167,38890,"Ilopango, SV",geonames,3585484
Stanton,CA,-117.99312,33.80252,38872,"Stanton, CA",geonames,5398630
Aliamanu / Salt Lakes / Foster Village,HI,-157.91838,21.36022,38833,"Aliamanu / Salt Lakes / Foster Village, HI",geonames,13100433
Lancaster,TX,-96.75611,32.59208,38801,"Lancaster, TX",geonames,4705191
Friendswood,TX,-95.20104,29.5294,38800,"Friendswood, TX",geonames,4692521
Spartanburg,SC,-81.932,34.9496,38732,"Spartanburg, SC",curated,
Gainesville,GA,-83.82407,34.29788,38712,"Gainesville, GA",geonames,4196586
The Acreage,FL,-80.26749,26.79404,38704,"The Acreage, FL",geonames,8096113
Montclair,CA,-117.68978,34.07751,38690,"Montclair, CA",geonames,5374232
Cumanayagua,CU,-80.20354,22.15247,38687,Cumanayagua,geonames,3562827
Clovis,NM,-103.2052,34.4048,38656,"Clovis, NM",curated,
Kailua,HI,-157.74054,21.40241,38635,"Kailua, HI",geonames,5847486
Rock Island,IL,-90.57875,41.50948,38620,"Rock Island, IL",geonames,4907907
Melchor Ocampo,EM,-99.14485,19.70186,38599,"Melchor Ocampo, EM",geonames,3827586
Whitney,NV,-115.0363,36.09831,38585,"Whitney, NV",geonames,5515110
Oviedo,FL,-81.20812,28.67,38551,"Oviedo, FL",geonames,4167348
Carpentersville,IL,-88.25786,42.12114,38512,"Carpentersville, IL",geonames,4886676
Atlantic City,NJ,-74.4229,39.3643,38497,"Atlantic City, NJ",curated,
Lake Oswego,OR,-122.67065,45.42067,38496,"Lake Oswego, OR",geonames,5735724
Florence,SC,-79.7626,34.1954,38477,"Florence, SC",curated,
Westerville,OH,-82.92907,40.12617,38384,"Westerville, OH",geonames,5176472
Little Elm,TX,-96.93751,33.16262,38341,"Little Elm, TX",geonames,4706736
Hanover Park,IL,-88.14507,41.99947,38333,"Hanover Park, IL",geonames,4895066
Hillsborough,NJ,-74.62682,40.4776,38303,"Hillsborough, NJ",geonames,5099079
Channelview,TX,-95.11465,29.77606,38289,"Channelview, TX",geonames,4680388
Condado,CU,-79.84008,21.87596,38248,Condado,geonames,3563609
Waipahu,HI,-158.00917,21.38667,38216,"Waipahu, HI",geonames,5854686
Shawinigan,QC,-72.74913,46.56675,38211,"Shawinigan, QC",geonames,6145489
Wake Forest,NC,-78.50972,35.97987,38199,"Wake Forest, NC",geonames,4497290
Huber Heights,OH,-84.12466,39.84395,38176,"Huber Heights, OH",geonames,4514746
Nueva Rosita,CO,-101.21746,27.93712,38158,"Nueva Rosita, CO",geonames,3994667
Martinez,CA,-122.13413,38.01937,38137,"Martinez, CA",geonames,5370868
East Meadow,NY,-73.55902,40.71399,38132,"East Meadow, NY",geonames,5115960
Tepotzotlan,EM,-99.22391,19.72116,38119,"Tepotzotlan, EM",geonames,3515827
Tupelo,MS,-88.7034,34.2576,38114,"Tupelo, MS",curated,
Hanover,MD,-76.72414,39.19289,38088,"Hanover, MD",geonames,4357340
Dover,DE,-75.5244,39.1582,38079,"Dover, DE",curated,
Wheeling,IL,-87.92896,42.13919,38079,"Wheeling, IL",geonames,4916311
Apache Junction,AZ,-111.54958,33.41505,38074,"Apache Junction, AZ",geonames,5551535
Pleasant Grove,UT,-111.73854,40.36412,38052,"Pleasant Grove, UT",geonames,5779816
Brookfield,WI,-88.10648,43.06057,38025,"Brookfield, WI",geonames,5246835
Columbia Heights,DC,-77.02942,38.92567,38000,Washington D.C.,geonames,4138102
Delaware,OH,-83.06797,40.29867,37995,"Delaware, OH",geonames,5151891
Las Guacamayas,MI,-102.21011,18.01913,37980,"Las Guacamayas, MI",geonames,4026075
Roy,UT,-112.02633,41.16161,37964,"Roy, UT",geonames,5780802
Valley Stream,NY,-73.70846,40.66427,37962,"Valley Stream, NY",geonames,5142109
Spanish Fork,UT,-111.65492,40.11496,37935,"Spanish Fork, UT",geonames,5781860
Keizer,OR,-123.02621,44.99012,37895,"Keizer, OR",geonames,5734711
Woodlawn,MD,-76.72803,39.32288,37879,"Woodlawn, MD",geonames,4374054
Lepaera,HN,-88.5902,14.77876,37876,"Lepaera, HN",geonames,3606048
Hermitage,TN,-86.6225,36.19617,37814,"Hermitage, TN",geonames,4628929
Park Ridge,IL,-87.84062,42.01114,37757,"Park Ridge, IL",geonames,4905367
Saint-Raphael,HT,-72.1991,19.43877,37739,Saint-Raphael,geonames,3717546
Rome,GA,-85.1647,34.257,37713,"Rome, GA",curated,
Winter Haven,FL,-81.73286,28.02224,37689,"Winter Haven, FL",geonames,4178552
Aventura,FL,-80.13921,25.95648,37649,"Aventura, FL",geonames,4146429
Adams,NE,-98.5149,40.5126,37636,"Adams, NE",curated,
Severna Park,MD,-76.54524,39.07039,37634,"Severna Park, MD",geonames,4369224
Royal Palm Beach,FL,-80.2306,26.7084,37633,"Royal Palm Beach, FL",geonames,4170617
Brighton,CO,-104.82053,39.98526,37585,"Brighton, CO",geonames,5414941
Alpena,MI,-83.667,45.0176,37576,"Alpena, MI",curated,
Phenix City,AL,-85.00077,32.47098,37570,"Phenix City, AL",geonames,4082866
Milton,GA,-84.30067,34.13216,37547,"Milton, GA",geonames,6331908
Neufchatel-Est-Lebourgneuf,QC,-71.34191,46.85436,37540,"Neufchatel-Est-Lebourgneuf, QC",geonames,11838437
Perote,VE,-97.24235,19.56233,37516,"Perote, VE",geonames,3521628
Sun City,AZ,-112.27182,33.59754,37499,"Sun City, AZ",geonames,5316201
Lake Worth Beach,FL,-80.07231,26.61708,37498,"Lake Worth Beach, FL",geonames,4161422
Paracho de Verduzco,MI,-102.04765,19.64757,37464,"Paracho de Verduzco, MI",geonames,3993457
Monrovia,CA,-117.99895,34.14806,37463,"Monrovia, CA",geonames,5374175
Hollister,CA,-121.4016,36.85245,37462,"Hollister, CA",geonames,5357499
Los Banos,CA,-120.84992,37.05828,37457,"Los Banos, CA",geonames,5368453
Sewell,NJ,-75.14434,39.7665,37433,"Sewell, NJ",geonames,4504048
Plant City,FL,-82.11469,28.01888,37406,"Plant City, FL",geonames,4168773
Progreso,YU,-89.66289,21.28217,37369,"Progreso, YU",geonames,3521108
Greenfield,WI,-88.01259,42.9614,37349,"Greenfield, WI",geonames,5255068
Marion,IA,-91.59768,42.03417,37330,"Marion, IA",geonames,4866263
Braintree,MA,-71.00215,42.20384,37297,"Braintree, MA",geonames,7257540
Newnan,GA,-84.79966,33.38067,37291,"Newnan, GA",geonames,4212684
Villaflores,CS,-93.27006,16.23377,37237,"Villaflores, CS",geonames,3514677
Addison,IL,-87.98896,41.9317,37208,"Addison, IL",geonames,4882920
Salvatierra,GT,-100.88208,20.21615,37203,"Salvatierra, GT",geonames,3988050
Jacaltenango,GUA,-91.71177,15.66662,37171,Jacaltenango,geonames,3595248
Reynoldsburg,OH,-82.81212,39.95479,37158,"Reynoldsburg, OH",geonames,4522411
Odenton,MD,-76.70025,39.084,37132,"Odenton, MD",geonames,4364362
Lewiston,ME,-70.2148,44.1004,37121,"Lewiston, ME",curated,
Mableton,GA,-84.58243,33.81872,37115,"Mableton, GA",geonames,4207226
Hilton Head,SC,-80.75261,32.21632,37099,"Hilton Head, SC",geonames,4581833
Grants Pass,OR,-123.33067,42.43933,37088,"Grants Pass, OR",geonames,5729080
Indian Trail,NC,-80.66924,35.07681,37073,"Indian Trail, NC",geonames,4472687
Calumet City,IL,-87.52949,41.61559,37031,"Calumet City, IL",geonames,4886255
Lincoln Park,MI,-83.17854,42.25059,37012,"Lincoln Park, MI",geonames,4999311
Lynnwood,WA,-122.31513,47.82093,36997,"Lynnwood, WA",geonames,5802049
Laval-des-Rapides,QC,-73.70007,45.55642,36933,"Laval-des-Rapides, QC",geonames,6050619
Beloit,WI,-89.03178,42.50835,36891,"Beloit, WI",geonames,5245387
Belleville,NJ,-74.15014,40.79371,36878,"Belleville, NJ",geonames,5095549
Muskogee,OK,-95.3697,35.7479,36878,"Muskogee, OK",curated,
Panama City,FL,-85.6602,30.1588,36877,"Panama City, FL",curated,
Longview,WA,-122.93817,46.13817,36848,"Longview, WA",geonames,5801617
Santa Teresa,EM,-99.23333,19.845,36845,"Santa Teresa, EM",geonames,8858090
Santiago,NL,-100.15399,25.42596,36840,"Santiago, NL",geonames,3983671
Columbia,TN,-87.03528,35.61507,36800,"Columbia, TN",geonames,4614867
San Jeronimo Cuatro Vientos,EM,-98.84167,19.29306,36778,"San Jeronimo Cuatro Vientos, EM",geonames,8858091
South Miami Heights,FL,-80.38061,25.59761,36770,"South Miami Heights, FL",geonames,4173497
Stouffville,ON,-79.2496,43.96682,36753,"Stouffville, ON",geonames,6157718
Portage,IN,-87.17615,41.57587,36738,"Portage, IN",geonames,4925006
Westfield,IN,-86.12749,40.04282,36738,"Westfield, IN",geonames,4928118
New Albany,IN,-85.82413,38.28562,36732,"New Albany, IN",geonames,4262045
Clifton Park,NY,-73.77095,42.86563,36705,"Clifton Park, NY",geonames,5112961
Fort Lee,NJ,-73.97014,40.85093,36672,"Fort Lee, NJ",geonames,5098135
Brighton,NY,-77.55055,43.14756,36609,"Brighton, NY",geonames,5110159
Bartlesville,OK,-95.98082,36.74731,36595,"Bartlesville, OK",geonames,4529987
Ewing,NJ,-74.79988,40.26983,36559,"Ewing, NJ",geonames,5097751
San Juan,TX,-98.15529,26.18924,36556,"San Juan, TX",geonames,4726440
Mission Bend,TX,-95.66495,29.69384,36501,"Mission Bend, TX",geonames,4711729
San Juan Capistrano,CA,-117.66255,33.50169,36454,"San Juan Capistrano, CA",geonames,5392229
Pahrump,NV,-115.98391,36.20829,36441,"Pahrump, NV",geonames,5509851
Saint Charles,MD,-76.93858,38.60317,36376,"Saint Charles, MD",geonames,4367734
Temple City,CA,-118.05785,34.10723,36365,"Temple City, CA",geonames,5401469
Marion,OH,-83.12852,40.58867,36363,"Marion, OH",geonames,5161902
Mechanicsville,VA,-77.37331,37.60876,36348,"Mechanicsville, VA",geonames,4772566
Lufkin,TX,-94.7291,31.33824,36333,"Lufkin, TX",geonames,4708308
Pennsauken,NJ,-75.05795,39.95622,36332,"Pennsauken, NJ",geonames,4503548
Mattapan,MA,-71.087,42.27232,36299,"Mattapan, MA",geonames,4943426
Claremont,CA,-117.71978,34.09668,36283,"Claremont, CA",geonames,5337696
Franklin,WI,-88.03842,42.88863,36222,"Franklin, WI",geonames,5253710
Richfield,MN,-93.283,44.8833,36216,"Richfield, MN",geonames,5043193
Bell,CA,-118.18702,33.97751,36205,"Bell, CA",geonames,5327298
Texarkana,TX,-94.0477,33.4251,36193,"Texarkana, TX",curated,
Dunedin,FL,-82.77323,28.0199,36164,"Dunedin, FL",geonames,4153759
Ameca,JA,-104.0461,20.54783,36156,"Ameca, JA",geonames,4018582
Kendall West,FL,-80.4388,25.7065,36154,"Kendall West, FL",geonames,7260327
Oakville,MO,-90.30456,38.47005,36143,"Oakville, MO",geonames,4401618
Commack,NY,-73.29289,40.84288,36124,"Commack, NY",geonames,5113412
Menomonee Falls,WI,-88.11731,43.1789,36119,"Menomonee Falls, WI",geonames,5262630
Moorpark,CA,-118.88204,34.28556,36104,"Moorpark, CA",geonames,5374648
Issaquah,WA,-122.03262,47.5301,36081,"Issaquah, WA",geonames,5798487
Agua Dulce,VE,-94.14527,18.13909,36079,"Agua Dulce, VE",geonames,3533269
Spring Hill,TN,-86.93,35.75118,36055,"Spring Hill, TN",geonames,4659446
Trumbull,CT,-73.20067,41.24287,36018,"Trumbull, CT",geonames,4844459
Olive Branch,MS,-89.82953,34.96176,36010,"Olive Branch, MS",geonames,4439869
Mooresville,NC,-80.81007,35.58486,36009,"Mooresville, NC",geonames,4480125
Axtla de Terrazas,SL,-98.8781,21.4242,36000,"Axtla de Terrazas, SL",curated,
Land Between The Lakes,TN,-88.2345,37.0031,36000,"Land Between The Lakes, TN",curated,
West Torrington,CT,-73.14372,41.81843,36000,"West Torrington, CT",geonames,4845519
Hato Mayor del Rey,DO,-69.25579,18.76575,35999,Hato Mayor del Rey,geonames,3504765
Willowbrook,CA,-118.25507,33.91696,35983,"Willowbrook, CA",geonames,5409768
Leavenworth,KS,-94.92246,39.31111,35980,"Leavenworth, KS",geonames,4274305
Clinton,MD,-76.89831,38.76511,35970,"Clinton, MD",geonames,4351871
Prince Albert,SK,-105.7531,53.2034,35926,"Prince Albert, SK",curated,
Cottage Grove,MN,-92.94382,44.82774,35918,"Cottage Grove, MN",geonames,5022134
Wildwood,MO,-90.6629,38.58283,35899,"Wildwood, MO",geonames,4414749
Richmond West,FL,-80.42971,25.6105,35884,"Richmond West, FL",geonames,4170005
Richmond,IN,-84.89024,39.82894,35854,"Richmond, IN",geonames,4263681
Mount Pleasant,DC,-77.04081,38.93067,35842,Washington D.C.,geonames,4139673
Oregon City,OR,-122.60676,45.35734,35831,"Oregon City, OR",geonames,5744253
'Ewa Gentry-West Loch,HI,-158.02836,21.35335,35828,"'Ewa Gentry-West Loch, HI",geonames,13645934
Goldsboro,NC,-77.99277,35.38488,35826,"Goldsboro, NC",geonames,4468261
Manhattan Beach,CA,-118.41091,33.88474,35818,"Manhattan Beach, CA",geonames,5370082
Parkland,WA,-122.43401,47.15538,35803,"Parkland, WA",geonames,5806253
Martinez,GA,-82.07567,33.51736,35795,"Martinez, GA",geonames,4207981
East Florence,AL,-87.64947,34.80953,35733,"East Florence, AL",geonames,4059870
Kyle,TX,-97.87723,29.98911,35733,"Kyle, TX",geonames,4703811
Kearns,UT,-111.99633,40.65995,35731,"Kearns, UT",geonames,5776727
Leamington,ON,-82.59981,42.05009,35730,"Leamington, ON",geonames,6051122
Linton Hall,VA,-77.57499,38.75984,35725,"Linton Hall, VA",geonames,4769667
Xalisco,NA,-104.8998,21.44465,35702,"Xalisco, NA",geonames,4004159
Myrtle Beach,SC,-78.8867,33.6891,35682,"Myrtle Beach, SC",curated,
Coyotepec,EM,-99.21295,19.77722,35677,"Coyotepec, EM",geonames,3530123
Puntarenas,CR,-84.8379,9.97691,35650,"Puntarenas, CR",geonames,3622228
Rio Claro,TT,-61.17556,10.30594,35650,Rio Claro,geonames,3573840
Ciudad Mendoza,VE,-97.1787,18.80645,35641,"Ciudad Mendoza, VE",geonames,3530592
Wildomar,CA,-117.28004,33.59891,35632,"Wildomar, CA",geonames,5409260
Wentzville,MO,-90.85291,38.81144,35603,"Wentzville, MO",geonames,4414001
Roseville,MN,-93.15661,45.00608,35580,"Roseville, MN",geonames,5043799
Lima,OH,-84.1052,40.7426,35579,"Lima, OH",curated,
Valrico,FL,-82.23644,27.93789,35545,"Valrico, FL",geonames,4176318
Coventry,RI,-71.68284,41.7001,35525,"Coventry, RI",geonames,5221637
Camajuani,CU,-79.75,22.48333,35515,Camajuani,geonames,3566054
Rosenberg,TX,-95.80856,29.55718,35510,"Rosenberg, TX",geonames,4723914
Wenatchee,WA,-120.3103,47.4235,35508,"Wenatchee, WA",curated,
Bettendorf,IA,-90.51569,41.52448,35505,"Bettendorf, IA",geonames,4848489
East Point,GA,-84.43937,33.67955,35467,"East Point, GA",geonames,4192674
Prattville,AL,-86.4597,32.46402,35420,"Prattville, AL",geonames,4084796
Ponte Vedra Beach,FL,-81.38564,30.23969,35400,"Ponte Vedra Beach, FL",geonames,4169060
Tala,JA,-103.70148,20.65267,35396,"Tala, JA",geonames,3982616
San Martin Azcatepec,EM,-98.97278,19.68667,35390,"San Martin Azcatepec, EM",geonames,8858092
Boardman,OH,-80.66285,41.02423,35376,"Boardman, OH",geonames,5147784
Cooper City,FL,-80.27172,26.05731,35364,"Cooper City, FL",geonames,4151824
Oxon Hill-Glassmanor,MD,-76.97499,38.79615,35355,"Oxon Hill-Glassmanor, MD",geonames,7258432
Tlapacoyan,VE,-97.21141,19.96268,35338,"Tlapacoyan, VE",geonames,3515386
Tonala,CS,-93.7546,16.09007,35322,"Tonala, CS",geonames,3816721
Egypt Lake-Leto,FL,-82.50619,28.01769,35282,"Egypt Lake-Leto, FL",geonames,4154280
Oak Creek,WI,-87.86314,42.88585,35243,"Oak Creek, WI",geonames,5265228
Santiago de las Vegas,CU,-82.38694,22.97,35241,Santiago de las Vegas,geonames,3536724
Peachtree City,GA,-84.59576,33.39678,35240,"Peachtree City, GA",geonames,4215110
Cedar City,UT,-113.0619,37.6775,35235,"Cedar City, UT",curated,
Merrillville,IN,-87.33281,41.48281,35224,"Merrillville, IN",geonames,4923482
La Barca,JA,-102.54198,20.28988,35219,"La Barca, JA",geonames,4003526
Saint Cloud,FL,-81.28118,28.2489,35183,"Saint Cloud, FL",geonames,4170965
La Porte,TX,-95.01937,29.66578,35148,"La Porte, TX",geonames,4704108
San Pablo Autopan,EM,-99.65724,19.35638,35141,"San Pablo Autopan, EM",geonames,3518138
Ciudad Melchor Muzquiz,CO,-101.51615,27.87933,35060,"Ciudad Melchor Muzquiz, CO",geonames,3996271
University City,MO,-90.30928,38.65588,35058,"University City, MO",geonames,4412697
Meridian,MS,-88.7034,32.3643,35052,"Meridian, MS",curated,
Diriamba,NI,-86.23922,11.85812,35008,"Diriamba, NI",geonames,3620170
Arima,TT,-61.28228,10.63737,35000,Arima,geonames,3575051
Oildale,CA,-119.0195,35.4197,35000,"Oildale, CA",curated,
Yepocapa,GUA,-90.95396,14.50195,34948,Yepocapa,geonames,3587636
Upper Arlington,OH,-83.06241,39.99451,34907,"Upper Arlington, OH",geonames,4526993
Torrington,CT,-73.12122,41.80065,34906,"Torrington, CT",geonames,4844309
San Isidro,CR,-83.69713,9.3674,34877,"San Isidro, CR",geonames,3621889
Inver Grove Heights,MN,-93.04272,44.84802,34857,"Inver Grove Heights, MN",geonames,5031412
Cumberland,RI,-71.43284,41.96677,34843,"Cumberland, RI",geonames,5221703
Cookeville,TN,-85.5016,36.1628,34842,"Cookeville, TN",curated,
Bayview-Hunters Point,CA,-122.38107,37.72855,34835,"Bayview-Hunters Point, CA",geonames,12217929
Ixmiquilpan,HG,-99.21697,20.47841,34814,"Ixmiquilpan, HG",geonames,3526708
Pleasant Hill,CA,-122.0608,37.94798,34810,"Pleasant Hill, CA",geonames,5383720
Stow,OH,-81.44039,41.1595,34797,"Stow, OH",geonames,5173171
Lauderdale Lakes,FL,-80.20838,26.16647,34796,"Lauderdale Lakes, FL",geonames,4161616
La Vergne,TN,-86.58194,36.01562,34794,"La Vergne, TN",geonames,4635031
Winter Springs,FL,-81.30812,28.69889,34789,"Winter Springs, FL",geonames,4178573
Joliette,QC,-73.4236,46.0164,34772,"Joliette, QC",geonames,5987650
Merritt Island,FL,-80.69,28.359,34743,"Merritt Island, FL",geonames,4164092
West Little River,FL,-80.23699,25.85704,34699,"West Little River, FL",geonames,4177865
Brunswick,OH,-81.8418,41.23811,34689,"Brunswick, OH",geonames,5148480
Del Rio,TX,-100.8968,29.3709,34673,"Del Rio, TX",curated,
Cartierville,QC,-73.70358,45.53118,34667,"Cartierville, QC",geonames,5917781
Ti Port-de-Paix,HT,-72.83333,19.93333,34657,Ti Port-de-Paix,geonames,3740016
Fraccionamiento Real Palmas,NL,-100.15972,25.90417,34636,"Fraccionamiento Real Palmas, NL",geonames,8858093
San Dimas,CA,-117.80673,34.10668,34630,"San Dimas, CA",geonames,5391891
Mascouche,QC,-73.59956,45.74965,34626,"Mascouche, QC",geonames,6067494
Mirabel,QC,-74.08251,45.65008,34626,"Mirabel, QC",geonames,6075061
Monroe,NC,-80.54951,34.98543,34623,"Monroe, NC",geonames,4479946
Queen Creek,AZ,-111.6343,33.24866,34614,"Queen Creek, AZ",geonames,5310193
San Miguel Topilejo,DF,-99.14193,19.20264,34603,"San Miguel Topilejo, DF",geonames,3515259
Santa Cruz del Sur,CU,-77.99551,20.71549,34601,Santa Cruz del Sur,geonames,3537840
Kaneohe,HI,-157.79895,21.39994,34597,"Kaneohe, HI",geonames,5848189
Gahanna,OH,-82.87934,40.01923,34590,"Gahanna, OH",geonames,5155393
Curridabat,CR,-84.03595,9.9139,34586,"Curridabat, CR",geonames,3623977
Leawood,KS,-94.6169,38.96667,34579,"Leawood, KS",geonames,4274317
Owasso,OK,-95.85471,36.26954,34542,"Owasso, OK",geonames,4547407
Derry Village,NH,-71.31201,42.89175,34539,"Derry Village, NH",geonames,5085382
Tecpan Guatemala,GUA,-90.99247,14.76181,34519,Tecpan Guatemala,geonames,3588476
Butte,MT,-112.5348,46.0038,34494,"Butte, MT",curated,
Ottumwa,IA,-92.4117,41.0196,34474,"Ottumwa, IA",curated,
Orange,NJ,-74.23265,40.77066,34457,"Orange, NJ",geonames,5102213
Central Islip,NY,-73.20178,40.79065,34450,"Central Islip, NY",geonames,5112078
San Vicente,CR,-84.0494,9.96194,34447,"San Vicente, CR",geonames,3621505
San Vicente de Moravia,CR,-84.0488,9.96164,34447,"San Vicente de Moravia, CR",geonames,6612154
Victoriaville,QC,-71.96579,46.05007,34426,"Victoriaville, QC",geonames,6174151
Minas de Matahambre,CU,-83.94567,22.58692,34419,Minas de Matahambre,geonames,3546882
Brant,ON,-80.34967,43.1334,34415,"Brant, ON",geonames,5907983
Norristown,PA,-75.3399,40.1215,34412,"Norristown, PA",geonames,5203506
Macuelizo,HN,-88.54113,15.31276,34401,"Macuelizo, HN",geonames,3605186
Maravatio de Ocampo,MI,-100.44192,19.8919,34381,"Maravatio de Ocampo, MI",geonames,3996626
Cottonwood Heights,UT,-111.81021,40.61967,34343,"Cottonwood Heights, UT",geonames,5773304
Gallatin,TN,-86.44666,36.38838,34334,"Gallatin, TN",geonames,4624180
Jasper,IN,-87.1067,41.0322,34322,"Jasper, IN",curated,
Rubidoux,CA,-117.4056,33.99613,34280,"Rubidoux, CA",geonames,5389213
Porticos de San Antonio,BC,-117.03417,32.4425,34234,"Porticos de San Antonio, BC",geonames,8858094
Collinwood,OH,-81.56929,41.55838,34220,"Collinwood, OH",geonames,5150792
Victoria,HN,-87.39354,14.93761,34215,"Victoria, HN",geonames,3600358
Glendale Heights,IL,-88.06486,41.9146,34208,"Glendale Heights, IL",geonames,4832038
Lewiston,ID,-117.0177,46.4165,34203,"Lewiston, ID",curated,
Dana Point,CA,-117.69811,33.46697,34181,"Dana Point, CA",geonames,5341483
Benton,AR,-92.58683,34.56454,34177,"Benton, AR",geonames,4101241
Vestavia Hills,AL,-86.78777,33.44872,34174,"Vestavia Hills, AL",geonames,4095415
La Presa,CA,-116.99725,32.70811,34169,"La Presa, CA",geonames,5364059
Oakton,VA,-77.30082,38.88095,34166,"Oakton, VA",geonames,4776970
Remedios,CU,-79.54536,22.49493,34108,Remedios,geonames,3542455
Ahuachapan,SV,-89.84344,13.92403,34102,"Ahuachapan, SV",geonames,3587426
Chester,PA,-75.35785,39.84753,34092,"Chester, PA",geonames,4557137
Walla Walla,WA,-118.343,46.0646,34060,"Walla Walla, WA",curated,
Mount Vernon,WA,-122.33405,48.42122,34053,"Mount Vernon, WA",geonames,5804127
Coatzintla,VE,-97.46823,20.48699,34036,"Coatzintla, VE",geonames,3530513
Salisbury,NC,-80.47423,35.67097,34017,"Salisbury, NC",geonames,4489985
Riviera Beach,FL,-80.0581,26.77534,34005,"Riviera Beach, FL",geonames,4170174
Orangevale,CA,-121.22578,38.67851,33960,"Orangevale, CA",geonames,5379566
Oswego,IL,-88.35146,41.68281,33955,"Oswego, IL",geonames,4904996
Gadsden,AL,-86.0066,34.0143,33945,"Gadsden, AL",curated,
El Mirage,AZ,-112.3246,33.61309,33935,"El Mirage, AZ",geonames,5293996
West Lake Sammamish,WA,-122.10123,47.5776,33929,"West Lake Sammamish, WA",geonames,5815538
Ocotal,NI,-86.47399,13.63222,33928,"Ocotal, NI",geonames,3617448
Chelmsford,MA,-71.36728,42.59981,33925,"Chelmsford, MA",geonames,4932869
Bay City,MI,-83.88886,43.59447,33917,"Bay City, MI",geonames,4985180
Nacogdoches,TX,-94.65549,31.60351,33894,"Nacogdoches, TX",geonames,4713735
Shrewsbury,MA,-71.71285,42.29593,33893,"Shrewsbury, MA",geonames,4950898
Dakota Ridge,CO,-105.13934,39.61638,33892,"Dakota Ridge, CO",geonames,13607888
McMinnville,OR,-123.19872,45.21012,33892,"McMinnville, OR",geonames,5739936
Moose Jaw,SK,-105.5378,50.3934,33890,"Moose Jaw, SK",curated,
Saba,HN,-86.25,15.46667,33879,"Saba, HN",geonames,3601403
Nagua,DO,-69.8474,19.3832,33862,Nagua,geonames,3496021
Dalton,GA,-84.97022,34.7698,33853,"Dalton, GA",geonames,4190581
Olney,MD,-77.06692,39.15316,33844,"Olney, MD",geonames,4364537
North Providence,RI,-71.46617,41.8501,33835,"North Providence, RI",geonames,5223681
Parras de la Fuente,CO,-102.17808,25.44185,33817,"Parras de la Fuente, CO",geonames,3993335
Oak Hill,VA,-77.40156,38.9258,33811,"Oak Hill, VA",geonames,8097131
Deer Park,TX,-95.12382,29.70523,33806,"Deer Park, TX",geonames,4685737
Madruga,CU,-81.85663,22.90977,33798,Madruga,geonames,3548529
Kearney,NE,-99.0817,40.6995,33790,"Kearney, NE",curated,
Antiguo Cuscatlan,SV,-89.25319,13.66492,33767,"Antiguo Cuscatlan, SV",geonames,3587362
Penticton,BC,-119.58584,49.48062,33761,"Penticton, BC",geonames,6101141
Holland,MI,-86.10893,42.78752,33742,"Holland, MI",geonames,4996248
San Isidro,EM,-98.95056,19.33972,33737,"San Isidro, EM",geonames,8858095
Zacatlan,PU,-97.96125,19.9355,33736,"Zacatlan, PU",geonames,3514148
Juticalpa,HN,-86.22246,14.66438,33686,"Juticalpa, HN",geonames,3608503
Northbrook,IL,-87.82895,42.12753,33663,"Northbrook, IL",geonames,4904056
Hilliard,OH,-83.15825,40.0334,33649,"Hilliard, OH",geonames,5157588
Union de Reyes,CU,-81.53685,22.79528,33646,Union de Reyes,geonames,3534761
Puerto Cabezas,NI,-83.38882,14.03507,33635,"Puerto Cabezas, NI",geonames,3617154
Fair Lawn,NJ,-74.13181,40.94038,33597,"Fair Lawn, NJ",geonames,5097773
West Fargo,ND,-96.90036,46.87497,33597,"West Fargo, ND",geonames,5062458
Kennesaw,GA,-84.61549,34.02343,33584,"Kennesaw, GA",geonames,4203696
New City,NY,-73.98931,41.1476,33559,"New City, NY",geonames,5128481
Long Beach,NY,-73.65791,40.58844,33550,"Long Beach, NY",geonames,5125086
Chilibre,PA,-79.62019,9.15403,33536,"Chilibre, PA",geonames,3712455
Richmond,KY,-84.29465,37.74786,33533,Richmond,geonames,4305974
Suitland-Silver Hill,MD,-76.92591,38.84685,33515,"Suitland-Silver Hill, MD",geonames,7259061
Chillum,MD,-76.99081,38.96372,33513,"Chillum, MD",geonames,4351383
Clarke,AL,-87.7779,31.7088,33513,"Clarke, AL",curated,
Foster City,CA,-122.27108,37.55855,33477,"Foster City, CA",geonames,5350159
Fairborn,OH,-84.01938,39.82089,33452,"Fairborn, OH",geonames,4511263
Menlo Park,CA,-122.18219,37.45383,33449,"Menlo Park, CA",geonames,5372223
Cibolo,TX,-98.22696,29.56162,33433,"Cibolo, TX",geonames,4681462
Campbell River,BC,-125.24459,50.01634,33430,"Campbell River, BC",geonames,5914132
Lawndale,CA,-118.35257,33.88724,33430,"Lawndale, CA",geonames,5365603
Sandusky,OH,-83.1555,41.2952,33412,"Sandusky, OH",curated,
Gillette,WY,-105.5022,44.2911,33407,"Gillette, WY",curated,
Houma,LA,-90.7195,29.5958,33406,"Houma, LA",curated,
Ciudad Vieja,GUA,-90.76308,14.52396,33405,Ciudad Vieja,geonames,3598128
Hinesville,GA,-81.59595,31.84688,33398,"Hinesville, GA",geonames,4200671
Waxahachie,TX,-96.84833,32.38653,33384,"Waxahachie, TX",geonames,4740328
St. Charles,MD,-76.92478,38.60728,33379,"St. Charles, MD",geonames,7259034
Woodridge,IL,-88.05034,41.74697,33370,"Woodridge, IL",geonames,4917089
Carrollwood,FL,-82.49287,28.05002,33365,"Carrollwood, FL",geonames,4150115
Santiago Atitlan,GUA,-91.22901,14.63823,33309,Santiago Atitlan,geonames,3589105
Calpulalpan,TL,-98.56972,19.58867,33263,"Calpulalpan, TL",geonames,3531784
Elk Grove Village,IL,-87.97035,42.00392,33238,"Elk Grove Village, IL",geonames,4890925
Pekin,IL,-89.64066,40.56754,33223,"Pekin, IL",geonames,4905599
Socorro,TX,-106.30331,31.65456,33222,"Socorro, TX",geonames,5530932
Elmont,NY,-73.71291,40.70094,33198,"Elmont, NY",geonames,5116508
Adelanto,CA,-117.40922,34.58277,33166,"Adelanto, CA",geonames,5322400
Tooele,UT,-112.29828,40.53078,33157,"Tooele, UT",geonames,5783695
Golden Glades,FL,-80.20033,25.91176,33145,"Golden Glades, FL",geonames,4156931
Marrero,LA,-90.10035,29.89937,33141,"Marrero, LA",geonames,4332628
Chichigalpa,NI,-87.02802,12.57039,33137,"Chichigalpa, NI",geonames,3620390
Villa Bisono,DO,-70.87582,19.56378,33137,Villa Bisono,geonames,3491948
Jackson,MI,-84.40135,42.24587,33133,"Jackson, MI",geonames,4997384
Foothill Farms,CA,-121.35114,38.67877,33121,"Foothill Farms, CA",geonames,5349803
Englewood,CO,-104.98776,39.64777,33082,"Englewood, CO",geonames,5421250
Copperas Cove,TX,-97.90308,31.12406,33081,"Copperas Cove, TX",geonames,4683244
Ciudad Sabinas Hidalgo,NL,-100.18121,26.50193,33068,"Ciudad Sabinas Hidalgo, NL",geonames,3988327
Salisbury,MD,-75.5994,38.3607,33050,"Salisbury, MD",curated,
Huntington Station,NY,-73.41151,40.85343,33029,"Huntington Station, NY",geonames,5121650
Seaside,CA,-121.85162,36.61107,33025,"Seaside, CA",geonames,5394136
Redan,GA,-84.13158,33.74538,33015,"Redan, GA",geonames,4218165
Manitowoc,WI,-87.65758,44.08861,33010,"Manitowoc, WI",geonames,5261585
Goshen,IN,-85.83444,41.58227,32983,"Goshen, IN",geonames,4920808
St. Charles,IL,-88.30869,41.91419,32974,"St. Charles, IL",geonames,4908737
Greenacres City,FL,-80.12532,26.62368,32963,"Greenacres City, FL",geonames,4157467
Kiryas Joel,NY,-74.16792,41.34204,32954,"Kiryas Joel, NY",geonames,5123533
Rio Grande,ZA,-103.03408,23.82733,32944,"Rio Grande, ZA",geonames,3988594
Douglasville,GA,-84.74771,33.7515,32897,"Douglasville, GA",geonames,4191955
Security-Widefield,CO,-104.71439,38.74728,32882,"Security-Widefield, CO",geonames,7262349
University Place,WA,-122.5504,47.23565,32842,"University Place, WA",geonames,5814450
Pullman,WA,-117.17962,46.73127,32816,"Pullman, WA",geonames,5807540
Ticul,YU,-89.53493,20.39875,32796,"Ticul, YU",geonames,3515665
Jaltipan de Morelos,VE,-94.71396,17.96542,32778,"Jaltipan de Morelos, VE",geonames,3526593
Dover,NH,-70.8737,43.1979,32741,"Dover, NH",curated,
Mount Lebanon,PA,-80.0495,40.35535,32730,"Mount Lebanon, PA",geonames,5202215
LaSalle,ON,-83.06095,42.24481,32721,"LaSalle, ON",geonames,6050177
Victor Rosales,ZA,-102.70222,22.94889,32721,"Victor Rosales, ZA",geonames,4016132
Windsor,CO,-104.90136,40.47748,32716,"Windsor, CO",geonames,5583509
Alabaster,AL,-86.81638,33.24428,32707,"Alabaster, AL",geonames,4829762
Farmers Branch,TX,-96.89612,32.92651,32689,"Farmers Branch, TX",geonames,4690198
La Verne,CA,-117.76784,34.10084,32681,"La Verne, CA",geonames,5364134
Mason,OH,-84.30994,39.36006,32662,"Mason, OH",geonames,4517698
Eastpointe,MI,-82.95547,42.46837,32657,"Eastpointe, MI",geonames,4991735
Cibola,NM,-107.9398,34.8723,32655,"Cibola, NM",curated,
Lenbe,HT,-72.40336,19.70603,32645,Lenbe,geonames,3722124
Valparaiso,IN,-87.06114,41.47309,32626,"Valparaiso, IN",geonames,4927537
Midvale,UT,-111.89994,40.61106,32613,"Midvale, UT",geonames,5778244
Spring Valley,NY,-74.04375,41.11315,32598,"Spring Valley, NY",geonames,5139301
Tenosique,TB,-91.4236,17.4729,32579,"Tenosique, TB",geonames,3515956
Rome,NY,-75.45573,43.21285,32573,"Rome, NY",geonames,5134295
Fairbanks,AK,-147.7164,64.8378,32515,"Fairbanks, AK",curated,
Mineral,WV,-78.9417,39.384,32493,"Mineral, WV",curated,
North Ridgeville,OH,-82.01903,41.38949,32483,"North Ridgeville, OH",geonames,5164903
Petersburg,VA,-77.40193,37.22793,32477,"Petersburg, VA",geonames,4778626
Nueva Italia de Ruiz,MI,-102.09314,19.02473,32467,"Nueva Italia de Ruiz, MI",geonames,3994674
Santa Rosa Beach,FL,-86.22883,30.39603,32459,"Santa Rosa Beach, FL",geonames,4172094
Ken Caryl,CO,-105.11221,39.57582,32438,"Ken Caryl, CO",geonames,5427207
Randallstown,MD,-76.79525,39.36733,32430,"Randallstown, MD",geonames,4366476
Westlake,OH,-81.91792,41.45532,32428,"Westlake, OH",geonames,5176517
Villa de San Antonio,HN,-87.61351,14.32594,32419,"Villa de San Antonio, HN",geonames,3600340
Clermont,FL,-81.77285,28.54944,32390,"Clermont, FL",geonames,4151352
Zapotlanejo,JA,-103.06813,20.62268,32376,"Zapotlanejo, JA",geonames,3979717
Sun Prairie,WI,-89.21373,43.1836,32365,"Sun Prairie, WI",geonames,5275020
Georgetown,KY,-84.55883,38.2098,32356,Georgetown,geonames,4292686
Helena,MT,-112.0361,46.5891,32315,"Helena, MT",curated,
Comalapa,GUA,-90.88761,14.74086,32312,Comalapa,geonames,3598034
College Park,MD,-76.93692,38.98067,32301,"College Park, MD",geonames,4351977
Springville,UT,-111.61075,40.16523,32286,"Springville, UT",geonames,5781993
Chalchuapa,SV,-89.68111,13.98667,32282,"Chalchuapa, SV",geonames,3587086
Actopan,HG,-98.94377,20.26961,32276,"Actopan, HG",geonames,3533389
Natick,MA,-71.3495,42.28343,32276,"Natick, MA",geonames,4944994
Chestermere,AB,-113.81867,51.03341,32255,"Chestermere, AB",geonames,5921060
Massillon,OH,-81.52151,40.79672,32252,"Massillon, OH",geonames,5162097
Carlsbad,NM,-104.2288,32.4207,32238,"Carlsbad, NM",curated,
Florence,KY,-84.62661,38.99895,32227,Florence,geonames,4291945
Macuspana,TB,-92.59539,17.76052,32225,"Macuspana, TB",geonames,3523791
Andover,MN,-93.29134,45.2333,32213,"Andover, MN",geonames,5016374
Hopkinsville,KY,-87.49117,36.86561,32205,Hopkinsville,geonames,4295251
Cochrane,AB,-114.46871,51.18341,32199,"Cochrane, AB",geonames,5924618
Centro Familiar la Soledad,GT,-101.74972,21.135,32159,"Centro Familiar la Soledad, GT",geonames,8858096
Laramie,WY,-105.5911,41.3114,32158,"Laramie, WY",curated,
Bethel Park,PA,-80.0395,40.32757,32118,"Bethel Park, PA",geonames,5180199
Emporia,KS,-96.1816,38.404,32112,"Emporia, KS",curated,
Randolph,MA,-71.04116,42.1626,32112,"Randolph, MA",geonames,4948403
Oceanside,NY,-73.64013,40.63871,32109,"Oceanside, NY",geonames,5129603
Danville,IL,-87.63002,40.12448,32108,"Danville, IL",geonames,4889426
Ithaca,NY,-76.5019,42.443,32108,"Ithaca, NY",curated,
Huixtla,CS,-92.4634,15.13924,32033,"Huixtla, CS",geonames,3526855
Montgomery Village,MD,-77.19526,39.17677,32032,"Montgomery Village, MD",geonames,4362743
Ciudad Fernandez,SL,-100.01153,21.94045,32006,"Ciudad Fernandez, SL",geonames,3530596
North Olmsted,OH,-81.92347,41.4156,32004,"North Olmsted, OH",geonames,5164862
Goleta,CA,-119.8276,34.4358,32000,"Goleta, CA",curated,
Paso Robles,CA,-120.6906,35.6266,32000,"Paso Robles, CA",curated,
Land O' Lakes,FL,-82.45759,28.2189,31996,"Land O' Lakes, FL",geonames,4161534
Watertown,MA,-71.18283,42.37093,31915,"Watertown, MA",geonames,4954611
Glastonbury,CT,-72.60815,41.71232,31876,"Glastonbury, CT",geonames,4835003
Westmont,CA,-118.3023,33.9414,31853,"Westmont, CA",geonames,5408431
Hyde Park,MA,-71.1245,42.25565,31845,"Hyde Park, MA",geonames,4940202
Garfield,NJ,-74.1132,40.88149,31802,"Garfield, NJ",geonames,5098343
Bangor,ME,-68.7778,44.8012,31753,"Bangor, ME",curated,
Laguna Hills,CA,-117.71283,33.61252,31748,"Laguna Hills, CA",geonames,5364306
Momostenango,GUA,-91.40864,15.04437,31739,Momostenango,geonames,3592483
Phillips,AR,-90.5863,34.5267,31734,"Phillips, AR",curated,
West Bend,WI,-88.18343,43.42528,31695,"West Bend, WI",geonames,5278422
Amecameca,EM,-98.76649,19.12384,31687,"Amecameca, EM",geonames,3532899
Willingboro,NJ,-74.86905,40.02789,31668,"Willingboro, NJ",geonames,5106453
Cicero,NY,-76.11937,43.17562,31632,"Cicero, NY",geonames,5112710
Lloydminster,AB,-110.02256,53.27237,31582,"Lloydminster, AB",geonames,6058024
Mundelein,IL,-88.00397,42.26308,31582,"Mundelein, IL",geonames,4903184
Centereach,NY,-73.09955,40.85843,31578,"Centereach, NY",geonames,5112035
Poughkeepsie,NY,-73.921,41.7004,31577,"Poughkeepsie, NY",curated,
Villanueva,HN,-87.99383,15.31476,31571,"Villanueva, HN",geonames,3600327
Cananea,SO,-110.29758,30.98352,31560,"Cananea, SO",geonames,4015700
Juneau,AK,-134.41972,58.30194,31555,"Juneau, AK",geonames,5554072
Mount Juliet,TN,-86.51861,36.20005,31540,"Mount Juliet, TN",geonames,4643336
Naugatuck,CT,-73.05066,41.48593,31538,"Naugatuck, CT",geonames,4839222
San Luis,AZ,-114.78218,32.487,31520,"San Luis, AZ",geonames,5312913
Stratford,ON,-80.94972,43.36679,31465,"Stratford, ON",geonames,6157977
Michigan City,IN,-86.89503,41.70754,31459,"Michigan City, IN",geonames,4923531
Newark,DE,-75.7497,39.6837,31454,"Newark, DE",curated,
Dania Beach,FL,-80.14393,26.05231,31446,"Dania Beach, FL",geonames,4152772
Makiki / Lower Punchbowl / Tantalus,HI,-157.83122,21.31756,31434,"Makiki / Lower Punchbowl / Tantalus, HI",geonames,9409823
Lewiston Orchards,ID,-116.97543,46.38044,31422,"Lewiston Orchards, ID",geonames,5598542
Cote-Saint-Luc,QC,-73.66585,45.46536,31395,"Cote-Saint-Luc, QC",geonames,5928488
Lexington,MA,-71.2245,42.44732,31394,"Lexington, MA",geonames,4941935
Alamogordo,NM,-105.9603,32.8995,31384,"Alamogordo, NM",curated,
Navarre,FL,-86.86357,30.40159,31378,"Navarre, FL",geonames,4165637
Holly Springs,NC,-78.83362,35.65127,31377,"Holly Springs, NC",geonames,4471641
Huatusco,VE,-96.9676,19.14876,31305,"Huatusco, VE",geonames,3526993
San Jose Guadalupe Otzacatipan,EM,-99.59194,19.34472,31299,"San Jose Guadalupe Otzacatipan, EM",geonames,8858097
Shawnee,OK,-96.9253,35.32729,31286,"Shawnee, OK",geonames,4551177
Galesburg,IL,-90.37124,40.94782,31273,"Galesburg, IL",geonames,4893392
Bowling Green,OH,-83.65132,41.37477,31246,"Bowling Green, OH",geonames,5147968
Des Moines,WA,-122.32429,47.40177,31221,"Des Moines, WA",geonames,5792244
Wheat Ridge,CO,-105.07721,39.7661,31192,"Wheat Ridge, CO",geonames,5443948
Saint-Georges,QC,-70.66526,46.11353,31173,"Saint-Georges, QC",geonames,6620953
Orillia,ON,-79.42068,44.60868,31166,"Orillia, ON",geonames,6094325
Chilapa de Alvarez,GR,-99.17389,17.59917,31157,"Chilapa de Alvarez, GR",geonames,3530886
Florence,AZ,-111.38734,33.03145,31110,"Florence, AZ",geonames,5294902
Victoria-Fraserview,BC,-123.06667,49.21667,31065,"Victoria-Fraserview, BC",geonames,6174068
Gurnee,IL,-87.90202,42.3703,31056,"Gurnee, IL",geonames,4894861
Miami Lakes,FL,-80.30866,25.90871,30972,"Miami Lakes, FL",geonames,4164186
Saratoga,CA,-122.02301,37.26383,30968,"Saratoga, CA",geonames,5393485
East Lake,FL,-82.69482,28.11085,30962,"East Lake, FL",geonames,4154008
Banning,CA,-116.87641,33.92557,30945,"Banning, CA",geonames,5326032
Lakeside,FL,-81.76815,30.12996,30943,"Lakeside, FL",geonames,4161461
Long Branch,NJ,-73.99236,40.30428,30941,"Long Branch, NJ",geonames,5100619
Fair Oaks,CA,-121.27217,38.64463,30912,"Fair Oaks, CA",geonames,5347287
Wayne,PA,-75.38769,40.044,30892,"Wayne, PA",geonames,5218270
Lake Stevens,WA,-122.06374,48.0151,30886,"Lake Stevens, WA",geonames,5800317
Champoton,CM,-90.72039,19.34745,30881,"Champoton, CM",geonames,3531177
Radnor,PA,-75.35991,40.04622,30878,"Radnor, PA",geonames,5207490
Miguel Aleman (La Doce),SO,-111.4775,28.84028,30869,"Miguel Aleman (La Doce), SO",geonames,3970972
Holladay,UT,-111.82466,40.66884,30864,"Holladay, UT",geonames,5776008
Baie-Mahault,GP,-61.58543,16.26738,30837,Baie-Mahault,geonames,3579767
Herriman,UT,-112.03299,40.51411,30835,"Herriman, UT",geonames,5775782
South Kingstown,RI,-71.52494,41.44718,30826,"South Kingstown, RI",geonames,8436572
Estero,FL,-81.80675,26.43814,30799,"Estero, FL",geonames,4154568
Escuinapa de Hidalgo,SI,-105.77766,22.83474,30790,"Escuinapa de Hidalgo, SI",geonames,4006622
North Tonawanda,NY,-78.8642,43.03867,30785,"North Tonawanda, NY",geonames,5129245
Brooklyn Center,MN,-93.33273,45.07608,30770,"Brooklyn Center, MN",geonames,5019330
Pikesville,MD,-76.72247,39.37427,30764,"Pikesville, MD",geonames,4365387
San Benito,GUA,-89.91898,16.91675,30764,San Benito,geonames,3590389
New Iberia,LA,-91.81873,30.00354,30754,"New Iberia, LA",geonames,4334971
Orangeville,ON,-80.09967,43.9168,30734,"Orangeville, ON",geonames,6094201
Parkville,MD,-76.53969,39.37733,30734,"Parkville, MD",geonames,4364946
Statesboro,GA,-81.78317,32.44879,30721,"Statesboro, GA",geonames,4224413
Fort Erie,ON,-78.93286,42.90012,30710,"Fort Erie, ON",geonames,5955815
Los Gatos,CA,-121.97468,37.22661,30705,"Los Gatos, CA",geonames,5368518
Matthews,NC,-80.72368,35.11681,30678,"Matthews, NC",geonames,4478334
Los Altos,CA,-122.11413,37.38522,30671,"Los Altos, CA",geonames,5368335
Clearfield,UT,-112.02605,41.11078,30653,"Clearfield, UT",geonames,5772959
Franklin,MA,-71.39673,42.08343,30636,"Franklin, MA",geonames,4937276
Owings Mills,MD,-76.78025,39.41955,30622,"Owings Mills, MD",geonames,4364727
Plainfield,IN,-86.39944,39.70421,30590,"Plainfield, IN",geonames,4263108
Tantoyuca,VE,-98.2257,21.35064,30587,"Tantoyuca, VE",geonames,3516271
Ballwin,MO,-90.54623,38.59505,30577,"Ballwin, MO",geonames,4375663
Cosamaloapan,VE,-95.79857,18.36759,30577,"Cosamaloapan, VE",geonames,3530177
Manchester,CT,-72.52148,41.77593,30577,"Manchester, CT",geonames,4838174
Algonquin,IL,-88.29425,42.16558,30571,"Algonquin, IL",geonames,4883078
Puruandiro,MI,-101.5156,20.08879,30571,"Puruandiro, MI",geonames,3991219
Bel Air North,MD,-76.37309,39.55429,30568,"Bel Air North, MD",geonames,7257991
Newington,CT,-72.72371,41.69788,30562,"Newington, CT",geonames,4839497
Westfield,NJ,-74.34737,40.65899,30548,"Westfield, NJ",geonames,5106331
Santa Paula,CA,-119.05927,34.35417,30546,"Santa Paula, CA",geonames,5393245
Dulce Nombre de Culmi,HN,-85.53333,15.1,30543,"Dulce Nombre de Culmi, HN",geonames,3612810
Fallbrook,CA,-117.25115,33.37642,30534,"Fallbrook, CA",geonames,5347578
Eldersburg,MD,-76.95026,39.40371,30531,"Eldersburg, MD",geonames,4354163
Sherwood,AR,-92.22432,34.81509,30517,"Sherwood, AR",geonames,4828193
Lawrenceville,GA,-83.98796,33.95621,30493,"Lawrenceville, GA",geonames,4205196
Springfield,VA,-77.1872,38.78928,30484,"Springfield, VA",geonames,4787117
Huatabampo,SO,-109.64206,26.82649,30475,"Huatabampo, SO",geonames,4004647
Kaysville,UT,-111.93855,41.03522,30472,"Kaysville, UT",geonames,5776715
Granger,IN,-86.11084,41.75338,30465,"Granger, IN",geonames,4920869
Burlingame,CA,-122.36608,37.5841,30459,"Burlingame, CA",geonames,5331920
Post Falls,ID,-116.95159,47.71796,30453,"Post Falls, ID",geonames,5604353
Liberty,MO,-94.41912,39.24611,30450,"Liberty, MO",geonames,4395052
West Roxbury,MA,-71.1495,42.27926,30442,"West Roxbury, MA",geonames,4955128
San Pablo,CA,-122.34553,37.96215,30407,"San Pablo, CA",geonames,5392508
Savage,MN,-93.33634,44.77913,30391,"Savage, MN",geonames,5046063
Morgantown,WV,-79.9559,39.6295,30347,"Morgantown, WV",curated,
North Royalton,OH,-81.72457,41.31366,30311,"North Royalton, OH",geonames,5164916
Aiken,SC,-81.7196,33.5604,30296,"Aiken, SC",curated,
Chicago Heights,IL,-87.6356,41.50615,30284,"Chicago Heights, IL",geonames,4887442
Tlajomulco de Zuniga,JA,-103.44654,20.47421,30273,"Tlajomulco de Zuniga, JA",geonames,3981467
Lebanon,TN,-86.2911,36.20811,30262,"Lebanon, TN",geonames,4636045
Walnut,CA,-117.86534,34.02029,30237,"Walnut, CA",geonames,5406976
Okotoks,AB,-113.98281,50.72885,30214,"Okotoks, AB",geonames,6093010
Madison Heights,MI,-83.1052,42.48587,30198,"Madison Heights, MI",geonames,5000500
DeLand,FL,-81.30312,29.02832,30195,"DeLand, FL",geonames,4152890
Parkland,FL,-80.23727,26.31008,30177,"Parkland, FL",geonames,4167829
Pointe-Claire,QC,-73.81669,45.44868,30161,"Pointe-Claire, QC",geonames,6107325
Monterey,CA,-121.8947,36.6002,30152,"Monterey, CA",curated,
West Warwick,RI,-71.52194,41.69689,30146,"West Warwick, RI",geonames,5225627
Jamestown,NY,-79.23533,42.097,30075,"Jamestown, NY",geonames,5122534
New Bern,NC,-77.04411,35.10849,30070,"New Bern, NC",geonames,4481682
El Rosario,HN,-87.72677,14.57909,30042,"El Rosario, HN",geonames,3610380
Rochester,NH,-70.97562,43.30453,30038,"Rochester, NH",geonames,5091872
Purral,CR,-84.03209,9.95689,30034,"Purral, CR",geonames,3622217
Cleburne,TX,-97.38668,32.34764,30020,"Cleburne, TX",geonames,4681976
Ashmont,MA,-71.06894,42.28343,30000,"Ashmont, MA",geonames,4929314
East Bozeman,MT,-111.044,45.6794,30000,"East Bozeman, MT",curated,
Mount Pleasant,MI,-84.7668,43.5976,30000,"Mount Pleasant, MI",curated,
Rivas,NI,-85.82749,11.43977,30000,"Rivas, NI",geonames,3617052
Tecuala,NA,-105.4572,22.3979,30000,"Tecuala, NA",curated,
Oranjestad,AW,-70.02703,12.52398,29998,Oranjestad,geonames,3577154
Jarabacoa,DO,-70.63595,19.11683,29983,Jarabacoa,geonames,3504158
Winter Park,FL,-81.33924,28.6,29943,"Winter Park, FL",geonames,4178560
Carney,MD,-76.52358,39.39427,29941,"Carney, MD",geonames,4350413
Southlake,TX,-97.13418,32.94124,29941,"Southlake, TX",geonames,4733313
San Carlos,CA,-122.26052,37.50716,29931,"San Carlos, CA",geonames,5391760
Sydney,NS,-60.1939,46.1368,29904,"Sydney, NS",curated,
Puerto Escondido,OA,-97.06835,15.86275,29903,"Puerto Escondido, OA",geonames,3520994
Woodstock,GA,-84.51938,34.10149,29898,"Woodstock, GA",geonames,4231874
East Hill-Meridian,WA,-122.17369,47.41052,29878,"East Hill-Meridian, WA",geonames,7261759
Niles,IL,-87.80284,42.01892,29876,"Niles, IL",geonames,4903730
Laplace,LA,-90.48147,30.06698,29872,"Laplace, LA",geonames,4330525
Westchester,FL,-80.32727,25.75482,29862,"Westchester, FL",geonames,4177965
San Rafael del Sur,NI,-86.43839,11.84854,29836,"San Rafael del Sur, NI",geonames,3616594
Atascadero,CA,-120.67073,35.48942,29819,"Atascadero, CA",geonames,5325111
Kent,OH,-81.35789,41.15367,29810,"Kent, OH",geonames,5159537
Tequisquiapan,QT,-99.89167,20.5225,29799,"Tequisquiapan, QT",geonames,3515796
Gloucester,MA,-70.66313,42.61405,29781,"Gloucester, MA",geonames,4937829
San Miguel Ajusco,DF,-99.20242,19.22201,29781,"San Miguel Ajusco, DF",geonames,3518293
Nicholasville,KY,-84.573,37.88063,29754,Nicholasville,geonames,4302561
Oak Park,MI,-83.18271,42.45948,29752,"Oak Park, MI",geonames,5004188
Highland Park,IL,-87.80034,42.18169,29743,"Highland Park, IL",geonames,4895876
Parkersburg,WV,-81.5615,39.2667,29738,"Parkersburg, WV",curated,
Vertientes,CU,-78.14932,21.25892,29704,Vertientes,geonames,3534363
Elizabethtown,KY,-85.85913,37.69395,29678,Elizabethtown,geonames,4290988
Austintown,OH,-80.76452,41.10172,29677,"Austintown, OH",geonames,5146256
North Cowichan,BC,-123.68596,48.84133,29676,"North Cowichan, BC",geonames,6089661
Coyula,JA,-103.22846,20.6614,29674,"Coyula, JA",geonames,4012605
East Palo Alto,CA,-122.14108,37.46883,29662,"East Palo Alto, CA",geonames,5345032
South Gate,MD,-76.6258,39.129,29658,"South Gate, MD",geonames,4369964
Pueblo West,CO,-104.72275,38.35,29637,"Pueblo West, CO",geonames,5435477
Port Chester,NY,-73.66568,41.00176,29620,"Port Chester, NY",geonames,5132002
Cativa,PA,-79.83232,9.36218,29607,"Cativa, PA",geonames,3712884
Pinotepa Nacional,OA,-98.05297,16.34014,29604,"Pinotepa Nacional, OA",geonames,3516926
Princeton,NJ,-74.65905,40.34872,29603,"Princeton, NJ",geonames,5102922
Fort Cavazos,TX,-97.77561,31.13489,29589,"Fort Cavazos, TX",geonames,7261291
LaGrange,GA,-85.03133,33.03929,29588,"LaGrange, GA",geonames,4204230
Ciro Redondo,CU,-78.70365,22.01921,29560,Ciro Redondo,geonames,3564084
Salem,NH,-71.20089,42.78842,29549,"Salem, NH",geonames,5092268
Opelika,AL,-85.37828,32.64541,29527,"Opelika, AL",geonames,4081644
Alma,QC,-71.6491,48.55009,29526,"Alma, QC",geonames,5884083
Rahway,NJ,-74.27765,40.60816,29508,"Rahway, NJ",geonames,5103055
Jinotepe,NI,-86.19916,11.84828,29507,"Jinotepe, NI",geonames,3618926
North Chicago,IL,-87.84118,42.32558,29491,"North Chicago, IL",geonames,4903862
Constanza,DO,-70.74499,18.90919,29481,Constanza,geonames,3509363
Morristown,TN,-83.29489,36.21398,29478,"Morristown, TN",geonames,4642938
Escarcega,CM,-90.74544,18.60891,29477,"Escarcega, CM",geonames,3527795
Cheshire,CT,-72.90066,41.49899,29443,"Cheshire, CT",geonames,5283837
Branford,CT,-72.8151,41.27954,29438,"Branford, CT",geonames,5283054
Raytown,MO,-94.46356,39.00862,29401,"Raytown, MO",geonames,4405188
Texarkana,AR,-94.0377,33.4418,29387,"Texarkana, AR",curated,
Marfil,GT,-101.2855,20.99753,29375,"Marfil, GT",geonames,3996595
George Town,KY,-81.37436,19.2866,29370,George Town,geonames,3580661
Fruit Cove,FL,-81.64176,30.11107,29362,"Fruit Cove, FL",geonames,4156331
Port Huron,MI,-82.42491,42.97086,29330,"Port Huron, MI",geonames,5006233
Glenville,NY,-74.05207,42.92924,29326,"Glenville, NY",geonames,5118701
Tewksbury,MA,-71.23422,42.61065,29326,"Tewksbury, MA",geonames,4952762
Tela,HN,-87.46731,15.77425,29325,"Tela, HN",geonames,3600931
Franklin Square,NY,-73.67596,40.70732,29320,"Franklin Square, NY",geonames,5117891
Santa Isabel,BC,-115.57039,32.63075,29311,"Santa Isabel, BC",geonames,3979442
Oak Ridge,TN,-84.26964,36.01036,29302,"Oak Ridge, TN",geonames,4646571
Longfellow Community,MN,-93.22557,44.94256,29295,"Longfellow Community, MN",geonames,13562032
Southgate,MI,-83.19381,42.21393,29293,"Southgate, MI",geonames,5010646
Cocula,JA,-103.82215,20.36517,29267,"Cocula, JA",geonames,4013579
East Haven,CT,-72.86843,41.27621,29257,"East Haven, CT",geonames,4833425
Upper Alton,IL,-90.15066,38.91144,29251,"Upper Alton, IL",geonames,4251841
Johnston,RI,-71.50675,41.82186,29247,"Johnston, RI",geonames,8604682
Santiago Sacatepequez,GUA,-90.67654,14.6351,29238,Santiago Sacatepequez,geonames,3589101
Atwater,CA,-120.60908,37.34772,29237,"Atwater, CA",geonames,5325187
West Falls Church,VA,-77.18787,38.86484,29207,"West Falls Church, VA",geonames,7258780
Tequila,JA,-103.83599,20.88205,29203,"Tequila, JA",geonames,3981885
Duluth,GA,-84.14464,34.00288,29193,"Duluth, GA",geonames,4192289
Fort Bragg,NC,-79.00603,35.139,29183,"Fort Bragg, NC",geonames,6941080
San Fernando,TM,-98.14885,24.84713,29171,"San Fernando, TM",geonames,3483197
San Sebastian,GUA,-91.64865,14.56177,29167,San Sebastian,geonames,3589548
Russellville,AR,-93.13379,35.27842,29166,"Russellville, AR",geonames,4129397
Williston,ND,-103.6171,48.147,29160,"Williston, ND",curated,
Navolato,SI,-107.69768,24.7668,29153,"Navolato, SI",geonames,3995017
Sanford,NC,-79.1803,35.47988,29144,"Sanford, NC",geonames,4490329
Harker Heights,TX,-97.65974,31.08351,29142,"Harker Heights, TX",geonames,4696202
Burbank,IL,-87.7795,41.73392,29128,"Burbank, IL",geonames,4885983
Marion,IN,-85.65914,40.55837,29081,"Marion, IN",geonames,4923210
Granite City,IL,-90.14872,38.70144,29054,"Granite City, IL",geonames,4239714
Boaco,NI,-85.65956,12.47255,29046,"Boaco, NI",geonames,3620674
Milford Mill,MD,-76.76997,39.34788,29042,"Milford Mill, MD",geonames,4362438
Ixtapa,JA,-105.20508,20.71598,29036,"Ixtapa, JA",geonames,4004293
Lake in the Hills,IL,-88.33036,42.18169,29024,"Lake in the Hills, IL",geonames,4899184
Sainte-Julie,QC,-73.33246,45.58338,29019,"Sainte-Julie, QC",geonames,6137941
Evans,GA,-82.13067,33.53375,29011,"Evans, GA",geonames,4193699
O'Fallon,IL,-89.91121,38.59227,29002,"O'Fallon, IL",geonames,4245926
Mariel,CU,-82.75422,22.98976,28987,Mariel,geonames,3547600
Turrialba,CR,-83.68361,9.90371,28955,"Turrialba, CR",geonames,3621184
Yara,CU,-76.95227,20.27417,28944,Yara,geonames,3533753
Ferry Pass,FL,-87.21247,30.5102,28921,"Ferry Pass, FL",geonames,4155017
Kingman,AZ,-114.05301,35.18944,28912,"Kingman, AZ",geonames,5301067
Orcutt,CA,-120.436,34.86526,28905,"Orcutt, CA",geonames,5379609
Henderson,KY,-87.59001,37.83615,28890,Henderson,geonames,4294494
Needham,MA,-71.23283,42.28343,28886,"Needham, MA",geonames,4945055
Quezaltepeque,SV,-89.27221,13.83124,28886,"Quezaltepeque, SV",geonames,3583981
Crown Point,IN,-87.36531,41.41698,28879,"Crown Point, IN",geonames,4919451
Big Spring,TX,-101.47874,32.2504,28862,"Big Spring, TX",geonames,5517061
Jalpatagua,GUA,-90.00908,14.1369,28832,Jalpatagua,geonames,3595232
Dracut,MA,-71.30201,42.67037,28831,"Dracut, MA",geonames,4935038
San Miguel,CR,-84.06084,9.87121,28827,"San Miguel, CR",geonames,3621753
Allston,MA,-71.12589,42.35843,28821,"Allston, MA",geonames,4928934
La Salud,CU,-82.41989,22.87369,28796,La Salud,geonames,3551608
West Kelowna,BC,-119.58333,49.8625,28793,"West Kelowna, BC",geonames,7281936
Schererville,IN,-87.45476,41.47892,28791,"Schererville, IN",geonames,4926170
Burton,MI,-83.61634,42.99947,28788,"Burton, MI",geonames,4987482
Ridgecrest,CA,-117.6709,35.62246,28780,"Ridgecrest, CA",geonames,5387494
Windsor,CT,-72.6437,41.8526,28778,"Windsor, CT",geonames,4845920
Eagle Pass,TX,-100.49952,28.70914,28765,"Eagle Pass, TX",geonames,5520677
Agawam,MA,-72.61481,42.06954,28761,"Agawam, MA",geonames,4928788
Pilon,CU,-77.32152,19.90553,28752,Pilon,geonames,3544171
Weatherford,TX,-97.79725,32.7593,28742,"Weatherford, TX",geonames,4740364
West Elkridge,MD,-76.72692,39.20705,28734,"West Elkridge, MD",geonames,4373104
East Chicago,IN,-87.45476,41.6392,28699,"East Chicago, IN",geonames,4919857
Le Gosier,GP,-61.49306,16.20618,28698,Le Gosier,geonames,3578978
Tecamachalco,PU,-97.73344,18.88352,28679,"Tecamachalco, PU",geonames,3516188
Redmond,OR,-121.17392,44.27262,28654,"Redmond, OR",geonames,5747882
Jacksonville,AR,-92.11015,34.8662,28643,"Jacksonville, AR",geonames,4116315
Socorro Mission Number 1 Colonia,TX,-106.29054,31.63622,28637,"Socorro Mission Number 1 Colonia, TX",geonames,5530937
Pabellon de Arteaga,AG,-102.27905,22.1475,28633,Pabellon de Arteaga,geonames,3993985
Ciudad Sahagun,HG,-98.57471,19.77557,28609,"Ciudad Sahagun, HG",geonames,3530587
Norwood,MA,-71.1995,42.19454,28602,"Norwood, MA",geonames,4945952
Tula de Allende,HG,-99.34397,20.05161,28577,"Tula de Allende, HG",geonames,3515064
Northampton,MA,-72.6412,42.32509,28540,"Northampton, MA",geonames,4945819
Englewood,NJ,-73.97264,40.89288,28539,"Englewood, NJ",geonames,5097672
Sept-Iles,QC,-66.38208,50.20011,28534,"Sept-Iles, QC",geonames,6144312
Lake Magdalene,FL,-82.47176,28.07418,28509,"Lake Magdalene, FL",geonames,4161313
Sumpango,GUA,-90.73427,14.64623,28488,Sumpango,geonames,3588653
Perry Hall,MD,-76.46357,39.41261,28474,"Perry Hall, MD",geonames,4365227
Maryville,TN,-83.97046,35.75647,28464,"Maryville, TN",geonames,4639848
San Felipe,GT,-101.21581,21.47882,28452,"San Felipe, GT",geonames,3987246
Courtenay,BC,-124.9936,49.68657,28420,"Courtenay, BC",geonames,5930890
Hobart,IN,-87.25504,41.53226,28404,"Hobart, IN",geonames,4921476
Frankfort,KY,-84.87328,38.20091,28391,Frankfort,geonames,4292188
Mehlville,MO,-90.32289,38.50839,28380,"Mehlville, MO",geonames,4397962
Greer,SC,-82.22706,34.93873,28365,"Greer, SC",geonames,4580599
Lansing,IL,-87.53893,41.56476,28349,"Lansing, IL",geonames,4899340
Harrison,NY,-73.71263,40.96899,28348,"Harrison, NY",geonames,5120095
Desert Hot Springs,CA,-116.50353,33.96173,28335,"Desert Hot Springs, CA",geonames,5342710
West Islip,NY,-73.30623,40.70621,28335,"West Islip, NY",geonames,5143866
American Fork,UT,-111.79576,40.3769,28326,"American Fork, UT",geonames,5844096
Aberdeen,SD,-98.4865,45.4647,28325,"Aberdeen, SD",curated,
Central,LA,-91.03677,30.55435,28295,"Central, LA",geonames,4319435
Newburgh,NY,-74.01042,41.50343,28290,"Newburgh, NY",geonames,5128654
Maisi,CU,-74.15181,20.24673,28276,Maisi,geonames,3548441
Chamblee,GA,-84.29881,33.89205,28244,"Chamblee, GA",geonames,4187204
Millville,NJ,-75.03934,39.40206,28230,"Millville, NJ",geonames,4503078
North Andover,MA,-71.13506,42.6987,28222,"North Andover, MA",geonames,4832272
SeaTac,WA,-122.29217,47.44846,28215,"SeaTac, WA",geonames,5809805
Metepec,EM,-99.60175,19.25934,28205,"Metepec, EM",geonames,3523303
Spring Valley,CA,-116.99892,32.74477,28205,"Spring Valley, CA",geonames,5398277
Stockbridge,GA,-84.23381,33.54428,28202,"Stockbridge, GA",geonames,4224681
Glen Ellyn,IL,-88.06701,41.87753,28201,"Glen Ellyn, IL",geonames,4893811
Whitehorse,YT,-135.053,60.7212,28201,"Whitehorse, YT",curated,
Monroeville,PA,-79.7881,40.42118,28176,"Monroeville, PA",geonames,5201734
Benicia,CA,-122.15858,38.04937,28167,"Benicia, CA",geonames,5327550
Garden City,KS,-100.8727,37.9717,28151,"Garden City, KS",curated,
Nuevo Mexico,JA,-103.44297,20.7565,28135,"Nuevo Mexico, JA",geonames,3994604
Berriozabal,CS,-93.27219,16.79944,28128,"Berriozabal, CS",geonames,3532254
Fredericksburg,VA,-77.46054,38.30318,28118,"Fredericksburg, VA",geonames,4760059
Suisun,CA,-122.04024,38.23825,28111,"Suisun, CA",geonames,5399629
Greenville,MS,-91.0618,33.4101,28100,"Greenville, MS",curated,
Cranberry Township,PA,-80.10714,40.68496,28098,"Cranberry Township, PA",geonames,8643098
Garfield Heights,OH,-81.60596,41.417,28097,"Garfield Heights, OH",geonames,5155499
Cornelius,NC,-80.86007,35.4868,28092,"Cornelius, NC",geonames,4461941
Oakdale,MN,-92.96494,44.96302,28080,"Oakdale, MN",geonames,5039978
Oak Forest,IL,-87.74394,41.60281,28074,"Oak Forest, IL",geonames,4904286
Garner,NC,-78.61417,35.71126,28053,"Garner, NC",geonames,4467657
Drexel Hill,PA,-75.29213,39.94706,28043,"Drexel Hill, PA",geonames,4557606
Vestal,NY,-76.05381,42.08507,28043,"Vestal, NY",geonames,5142296
North Kingstown,RI,-71.46617,41.5501,28042,"North Kingstown, RI",geonames,5223672
Ojinaga,CH,-104.54487,29.56689,28040,"Ojinaga, CH",geonames,3994469
Ajalpan,PU,-97.25867,18.37908,28031,"Ajalpan, PU",geonames,3533126
Tultitlan de Mariano Escobedo,EM,-99.16787,19.64655,28017,"Tultitlan de Mariano Escobedo, EM",geonames,3515042
Twentynine Palms,CA,-116.0542,34.1356,28000,"Twentynine Palms, CA",curated,
Bella Vista,AR,-94.27134,36.4807,27999,"Bella Vista, AR",geonames,4101114
Melrose,MA,-71.06616,42.45843,27997,"Melrose, MA",geonames,4943677
Fitchburg,WI,-89.46984,42.96083,27996,"Fitchburg, WI",geonames,5253219
Apaseo el Alto,GT,-100.62125,20.45632,27991,"Apaseo el Alto, GT",geonames,4018404
Rincon de Romos,AG,-102.32245,22.22923,27988,Rincon de Romos,geonames,3988651
Wellesley,MA,-71.29256,42.29649,27982,"Wellesley, MA",geonames,4954738
Enterprise,AL,-85.85522,31.31517,27978,"Enterprise, AL",geonames,4060791
Winchester,NV,-115.11889,36.12997,27978,"Winchester, NV",geonames,5515345
San Francisco Acuautla,EM,-98.86034,19.34564,27960,"San Francisco Acuautla, EM",geonames,3519290
Slidell,LA,-89.78117,30.27519,27942,"Slidell, LA",geonames,4341727
Sanctorum,PU,-98.25417,19.09917,27936,"Sanctorum, PU",geonames,3519531
West Springfield,MA,-72.62037,42.10704,27912,"West Springfield, MA",geonames,4955089
Paragould,AR,-90.49733,36.0584,27900,"Paragould, AR",geonames,4125388
Maywood,CA,-118.18535,33.98668,27888,"Maywood, CA",geonames,5371261
Seguin,TX,-97.96473,29.56884,27864,"Seguin, TX",geonames,4727756
Shirley,NY,-72.8676,40.80149,27854,"Shirley, NY",geonames,5138022
Livingston,NJ,-74.31487,40.79593,27853,"Livingston, NJ",geonames,5100572
Round Lake Beach,IL,-88.09008,42.37169,27852,"Round Lake Beach, IL",geonames,4908237
Sterling,VA,-77.4286,39.00622,27822,"Sterling, VA",geonames,4787534
Middletown,NY,-74.42293,41.44593,27812,"Middletown, NY",geonames,5126842
Dodge City,KS,-100.0171,37.7528,27788,"Dodge City, KS",curated,
Fountain,CO,-104.70081,38.68222,27767,"Fountain, CO",geonames,5422191
Saratoga Springs,NY,-73.78457,43.08313,27765,"Saratoga Springs, NY",geonames,5136334
Williamsport,PA,-77.0011,41.2412,27754,"Williamsport, PA",curated,
Santa Rosa de Copan,HN,-88.7756,14.77388,27753,"Santa Rosa de Copan, HN",geonames,3601494
Kirkwood,MO,-90.40678,38.58339,27750,"Kirkwood, MO",geonames,4393739
Drexel Heights,AZ,-111.02843,32.14119,27749,"Drexel Heights, AZ",geonames,5293183
Deer Park,NY,-73.32929,40.76177,27745,"Deer Park, NY",geonames,5114731
Lafayette,CO,-105.08971,39.9936,27729,"Lafayette, CO",geonames,5427771
Fridley,MN,-93.26328,45.08608,27713,"Fridley, MN",geonames,5027482
West Scarborough,ME,-70.38783,43.57036,27706,"West Scarborough, ME",geonames,4982720
Queensbury,NY,-73.61317,43.37729,27703,"Queensbury, NY",geonames,5133279
Nahuala,GUA,-91.31799,14.8429,27690,Nahuala,geonames,3592286
Roslindale,MA,-71.1245,42.29121,27683,"Roslindale, MA",geonames,4949068
Rexburg,ID,-111.78969,43.82602,27663,"Rexburg, ID",geonames,5605242
Shaker Heights,OH,-81.53707,41.47394,27646,"Shaker Heights, OH",geonames,5171728
Mililani Town,HI,-158.01503,21.4504,27629,"Mililani Town, HI",geonames,5851030
Bergenfield,NJ,-73.99736,40.9276,27621,"Bergenfield, NJ",geonames,5095611
Marshalltown,IA,-92.90798,42.04943,27620,"Marshalltown, IA",geonames,4866371
Catemaco,VE,-95.11398,18.42131,27615,"Catemaco, VE",geonames,3531416
Contla,TL,-98.1664,19.32932,27610,"Contla, TL",geonames,3530276
Gibara,CU,-76.13031,21.10982,27603,Gibara,geonames,3558315
Aransas,TX,-96.9477,28.1988,27600,"Aransas, TX",curated,
Tucker,GA,-84.21714,33.85455,27581,"Tucker, GA",geonames,4227213
Nutley,NJ,-74.15987,40.82232,27572,"Nutley, NJ",geonames,5102076
Gabriel Leyva Solano,SI,-108.63657,25.66157,27536,"Gabriel Leyva Solano, SI",geonames,3976775
Lake Jackson,TX,-95.43439,29.03386,27533,"Lake Jackson, TX",geonames,4704628
Tuxpan,JA,-103.37587,19.55555,27523,"Tuxpan, JA",geonames,3980844
Port Moody,BC,-122.82457,49.28124,27512,"Port Moody, BC",geonames,6111962
Plum,PA,-79.74949,40.50035,27505,"Plum, PA",geonames,5206606
San Pedro,CR,-84.05074,9.92829,27477,"San Pedro, CR",geonames,3621717
Windsor,CA,-122.81638,38.54713,27464,"Windsor, CA",geonames,5410004
Tepeaca,PU,-97.8998,18.96688,27449,"Tepeaca, PU",geonames,3515904
West Chicago,IL,-88.20396,41.88475,27447,"West Chicago, IL",geonames,4915963
Allen Park,MI,-83.21104,42.25754,27425,"Allen Park, MI",geonames,4984016
San Rafael Abajo,CR,-84.29008,9.831,27419,"San Rafael Abajo, CR",geonames,3621659
Wilmette,IL,-87.72284,42.07225,27413,"Wilmette, IL",geonames,4916732
Imperial Beach,CA,-117.11308,32.58394,27408,"Imperial Beach, CA",geonames,5359054
Glen Cove,NY,-73.63374,40.86232,27400,"Glen Cove, NY",geonames,5118626
Syracuse,UT,-112.06467,41.08939,27395,"Syracuse, UT",geonames,5782391
Abasolo,GT,-101.53011,20.45031,27389,"Abasolo, GT",geonames,4019869
Maryland Heights,MO,-90.42984,38.71311,27389,"Maryland Heights, MO",geonames,4397340
New London,CT,-72.1006,41.3557,27367,"New London, CT",curated,
Saint-Constant,QC,-73.56588,45.36678,27359,"Saint-Constant, QC",geonames,6137633
Crofton,MD,-76.68747,39.00178,27348,"Crofton, MD",geonames,4352539
Huimanguillo,TB,-93.38902,17.83498,27344,"Huimanguillo, TB",geonames,3526908
Mason City,IA,-93.201,43.1536,27338,"Mason City, IA",curated,
Anderson,SC,-82.65013,34.50344,27335,"Anderson, SC",geonames,4569298
Eagle Mountain,UT,-112.00688,40.31412,27332,"Eagle Mountain, UT",geonames,5774215
Grimsby,ON,-79.56631,43.20011,27314,"Grimsby, ON",geonames,5967149
Quesada,CR,-84.432,10.3266,27310,"Quesada, CR",geonames,3622190
Dieppe,NB,-64.68735,46.07844,27304,"Dieppe, NB",geonames,5939219
Winchester,VA,-78.16333,39.18566,27284,"Winchester, VA",geonames,4794120
Lindenhurst,NY,-73.37345,40.68677,27277,"Lindenhurst, NY",geonames,5124497
Spanaway,WA,-122.43457,47.10399,27227,"Spanaway, WA",geonames,5811581
Belmont,CA,-122.2758,37.52021,27218,"Belmont, CA",geonames,5327455
Holbrook,NY,-73.07844,40.81232,27195,"Holbrook, NY",geonames,5120987
Conception Bay South,NL,-52.99806,47.49989,27168,"Conception Bay South, NL",geonames,5926511
Tualatin,OR,-122.76399,45.38401,27154,"Tualatin, OR",geonames,5757506
Moyotzingo,PU,-98.40486,19.24811,27137,"Moyotzingo, PU",geonames,3517231
Paducah,KY,-88.6,37.0834,27137,Paducah,curated,
Vinales,CU,-83.70694,22.61892,27129,Vinales,geonames,3534094
Fleming Island,FL,-81.71898,30.0933,27126,"Fleming Island, FL",geonames,4155594
Winona,MN,-91.63932,44.04996,27094,"Winona, MN",geonames,5053156
Agua Caliente,CA,-122.48804,38.32408,27090,"Agua Caliente, CA",geonames,5322571
Villagran,GT,-100.99636,20.51364,27079,"Villagran, GT",geonames,3980174
Wheeling,WV,-80.7209,40.064,27062,"Wheeling, WV",curated,
Thomasville,NC,-80.08199,35.88264,27061,"Thomasville, NC",geonames,4494942
Casselberry,FL,-81.32785,28.67778,27056,"Casselberry, FL",geonames,4150190
East Saint Louis,IL,-90.15094,38.6245,27006,"East Saint Louis, IL",geonames,4237579
Alton,IL,-90.18428,38.8906,27003,"Alton, IL",geonames,4232679
Milton,MA,-71.06616,42.24954,27003,"Milton, MA",geonames,4944193
University Park,FL,-80.36755,25.74649,26995,"University Park, FL",geonames,4176217
Auburn,NY,-76.56605,42.93173,26985,"Auburn, NY",geonames,5107505
Paramus,NJ,-74.07542,40.94454,26974,"Paramus, NJ",geonames,5102387
Back Mountain,PA,-75.99631,41.33591,26973,"Back Mountain, PA",geonames,5178800
West Milford,NJ,-74.36737,41.13121,26968,"West Milford, NJ",geonames,5106279
Potrerillos,HN,-87.96386,15.23008,26954,"Potrerillos, HN",geonames,3603330
Jeffersontown,KY,-85.5644,38.19424,26946,Jeffersontown,geonames,4296218
Garden City,MI,-83.33104,42.32559,26920,"Garden City, MI",geonames,4993659
Easton,PA,-75.22073,40.68843,26915,"Easton, PA",geonames,5188140
Horn Lake,MS,-90.03481,34.95537,26915,"Horn Lake, MS",geonames,4430400
Stoughton,MA,-71.10227,42.1251,26915,"Stoughton, MA",geonames,4952206
Prairieville,LA,-90.97205,30.30297,26895,"Prairieville, LA",geonames,4338012
Dix Hills,NY,-73.33623,40.80482,26892,"Dix Hills, NY",geonames,5115107
Atotonilco el Alto,JA,-102.50822,20.55084,26874,"Atotonilco el Alto, JA",geonames,4017992
Gladstone,MO,-94.55468,39.20389,26861,"Gladstone, MO",geonames,4387990
La Joya,BC,-117.00371,32.44363,26860,"La Joya, BC",geonames,3990040
Cutler Ridge,FL,-80.34672,25.58066,26831,"Cutler Ridge, FL",geonames,4152574
Misantla,VE,-96.85194,19.92992,26827,"Misantla, VE",geonames,3523141
Independence,KY,-84.54411,38.94312,26819,Independence,geonames,4295776
La Union,SV,-87.84328,13.33915,26807,"La Union, SV",geonames,3584772
La Iguala,HN,-88.46667,14.61667,26805,"La Iguala, HN",geonames,3607728
Bolton,ON,-79.73791,43.87952,26795,"Bolton, ON",geonames,5905308
Sayula,JA,-103.60073,19.88372,26789,"Sayula, JA",geonames,3983216
Pedro Betancourt,CU,-81.28872,22.72778,26761,Pedro Betancourt,geonames,3544607
Superior,WI,-92.1041,46.7208,26751,"Superior, WI",curated,
Wooster,OH,-81.93646,40.80517,26749,"Wooster, OH",geonames,5177358
Bessemer,AL,-86.95444,33.40178,26730,"Bessemer, AL",geonames,4048023
Merrimack,NH,-71.4934,42.86509,26726,"Merrimack, NH",geonames,5089478
Lemon Grove,CA,-117.03142,32.74255,26709,"Lemon Grove, CA",geonames,5365893
Marabella,TT,-61.44671,10.30618,26700,Marabella,geonames,3574194
Kankakee,IL,-87.86115,41.12003,26676,"Kankakee, IL",geonames,4898182
Wethersfield,CT,-72.65259,41.71427,26668,"Wethersfield, CT",geonames,4845612
Bristol,TN,-82.18874,36.59511,26666,"Bristol, TN",geonames,4608657
McHenry,IL,-88.26675,42.33335,26657,"McHenry, IL",geonames,4901663
Apan,HG,-98.45086,19.71128,26642,"Apan, HG",geonames,3532815
Francisco I. Madero,CO,-103.27127,25.773,26632,"Francisco I. Madero, CO",geonames,4006194
Saugus,MA,-71.01005,42.46482,26628,"Saugus, MA",geonames,4950267
Magdalena de Kino,SO,-110.96151,30.62681,26605,"Magdalena de Kino, SO",geonames,3996893
Stevens Point,WI,-89.57456,44.52358,26604,"Stevens Point, WI",geonames,5274644
Cartago,CR,-83.9195,9.86371,26594,"Cartago, CR",geonames,3624370
West Linn,OR,-122.61231,45.36568,26593,"West Linn, OR",geonames,5760009
Teapa,TB,-92.94788,17.55602,26548,"Teapa, TB",geonames,3516210
Cueto,CU,-75.92967,20.64855,26527,Cueto,geonames,3562895
Elmira,NY,-76.8077,42.0898,26523,"Elmira, NY",curated,
Greenville,TX,-96.11081,33.13845,26515,"Greenville, TX",geonames,4695066
Eureka,CA,-124.1637,40.8021,26512,"Eureka, CA",curated,
Magna,UT,-112.10161,40.70911,26505,"Magna, UT",geonames,5777793
Ocho Rios,JM,-77.10312,18.4076,26503,Ocho Rios,geonames,3489239
Las Pintitas,JA,-103.30222,20.56444,26500,"Las Pintitas, JA",geonames,8858098
Rio de Teapa,TB,-92.90217,17.77473,26500,"Rio de Teapa, TB",geonames,3802739
Batavia,IL,-88.31257,41.85003,26495,"Batavia, IL",geonames,4884192
Danvers,MA,-70.93005,42.57509,26493,"Danvers, MA",geonames,4934500
Boisbriand,QC,-73.83249,45.61678,26483,"Boisbriand, QC",geonames,5905132
Shoreview,MN,-93.14717,45.07913,26477,"Shoreview, MN",geonames,5047234
Paradise,CA,-121.62192,39.75961,26476,"Paradise, CA",geonames,5381002
Fremont,NE,-96.49808,41.43333,26474,"Fremont, NE",geonames,5068725
Smithtown,NY,-73.20067,40.85593,26470,"Smithtown, NY",geonames,5138539
Pearl,MS,-90.13203,32.27459,26462,"Pearl, MS",geonames,4440559
Key West,FL,-81.78,24.5551,26444,"Key West, FL",curated,
Mansfield City,CT,-72.23369,41.76593,26439,"Mansfield City, CT",geonames,4838204
Mercerville-Hamilton Square,NJ,-74.67223,40.23126,26419,"Mercerville-Hamilton Square, NJ",geonames,7258271
North Creek,WA,-122.17624,47.81954,26410,"North Creek, WA",geonames,5804953
Westport,CT,-73.3579,41.14149,26391,"Westport, CT",geonames,4845585
Chacarita,CR,-84.77892,9.98424,26354,"Chacarita, CR",geonames,3624288
Medina,OH,-81.86375,41.13839,26339,"Medina, OH",geonames,5162512
Bay Shore,NY,-73.24539,40.7251,26337,"Bay Shore, NY",geonames,5108169
Kahului,HI,-156.47293,20.88933,26337,"Kahului, HI",geonames,5847411
Leisure City,FL,-80.42922,25.49539,26324,"Leisure City, FL",geonames,4161797
Vernon Hills,IL,-87.97952,42.21947,26314,"Vernon Hills, IL",geonames,4914738
Zionsville,IN,-86.26194,39.95087,26296,"Zionsville, IN",geonames,4267336
Norco,CA,-117.54866,33.93113,26289,"Norco, CA",geonames,5377199
Isla,VE,-95.52946,18.0278,26287,"Isla, VE",geonames,3825011
Wasco,CA,-119.34095,35.59412,26279,"Wasco, CA",geonames,5550368
Mount Pleasant,WI,-87.85577,42.69743,26272,"Mount Pleasant, WI",geonames,8478941
Nagarote,NI,-86.56474,12.26593,26270,"Nagarote, NI",geonames,3617522
Fortuna Foothills,AZ,-114.41189,32.65783,26265,"Fortuna Foothills, AZ",geonames,5295143
Reforma,CS,-93.15381,17.85904,26257,"Reforma, CS",geonames,3520407
Barberton,OH,-81.60512,41.01283,26234,"Barberton, OH",geonames,5146491
Kingsville,TX,-97.85611,27.51587,26225,"Kingsville, TX",geonames,4703384
Statesville,NC,-80.8873,35.78264,26221,"Statesville, NC",geonames,4493316
Plainview,NY,-73.46735,40.77649,26217,"Plainview, NY",geonames,5131638
Laurel,MD,-76.84831,39.09928,26215,"Laurel, MD",geonames,4360369
Carrollton,GA,-85.07661,33.58011,26203,"Carrollton, GA",geonames,4186416
Ixtaczoquitlan,VE,-97.06229,18.85364,26187,"Ixtaczoquitlan, VE",geonames,3526696
Encrucijada,CU,-79.86495,22.61775,26155,Encrucijada,geonames,3559416
South Pasadena,CA,-118.15035,34.11612,26151,"South Pasadena, CA",geonames,5397717
Apaseo el Grande,GT,-100.68787,20.54555,26121,"Apaseo el Grande, GT",geonames,4018403
Santiago Papasquiaro,DG,-105.41917,25.04389,26121,"Santiago Papasquiaro, DG",geonames,3983631
Four Corners,FL,-81.64738,28.33287,26116,"Four Corners, FL",geonames,7259780
South Laurel,MD,-76.85025,39.06983,26112,"South Laurel, MD",geonames,4369978
Asheboro,NC,-79.81364,35.70791,26103,"Asheboro, NC",geonames,4453035
Buenaventura Lakes,FL,-81.35313,28.33584,26079,"Buenaventura Lakes, FL",geonames,4149269
Ciudad de Allende,NL,-100.01928,25.28123,26065,"Ciudad de Allende, NL",geonames,4018762
Clinton,IA,-90.18874,41.84447,26064,"Clinton, IA",geonames,4852022
San Juan,CR,-84.07876,9.96188,26047,"San Juan, CR",geonames,3621819
Old Harbour,JM,-77.10898,17.94144,26024,Old Harbour,geonames,3489227
Ocoyoacac,EM,-99.45787,19.27127,26015,"Ocoyoacac, EM",geonames,3522445
Guadalupe,CR,-84.05665,9.94805,26005,"Guadalupe, CR",geonames,3623593
Huntley,IL,-88.42814,42.16808,26005,"Huntley, IL",geonames,4896691
Soledad,CA,-121.3263,36.4247,26000,"Soledad, CA",curated,
Xenia,OH,-83.92965,39.68478,25976,"Xenia, OH",geonames,4528810
Reisterstown,MD,-76.8319,39.46976,25968,"Reisterstown, MD",geonames,4366647
Gressier,HT,-72.52679,18.54091,25947,Gressier,geonames,3724233
Central 14th Street / Spring Road,DC,-77.03265,38.93707,25899,Washington D.C.,geonames,13526888
Green,OH,-81.48317,40.94589,25898,"Green, OH",geonames,5156371
Brawley,CA,-115.53027,32.97866,25897,"Brawley, CA",geonames,5330567
Yukon,OK,-97.76254,35.50672,25892,"Yukon, OK",geonames,4556165
Ellendale,TN,-89.82592,35.23064,25882,"Ellendale, TN",geonames,4620732
Aserri,CR,-84.09266,9.86142,25874,"Aserri, CR",geonames,3624848
Forest Hills,MI,-85.48975,42.95947,25867,"Forest Hills, MI",geonames,4993125
Lafayette,CA,-122.11802,37.88576,25843,"Lafayette, CA",geonames,5364226
Ramsey,MN,-93.45,45.2611,25828,"Ramsey, MN",geonames,5042561
Suitland,MD,-76.92386,38.84872,25825,"Suitland, MD",geonames,4370616
Acatzingo,PU,-97.78363,18.98196,25811,"Acatzingo, PU",geonames,3533433
New Lenox,IL,-87.96561,41.51198,25800,"New Lenox, IL",geonames,4903535
Madison,MS,-90.11536,32.46181,25799,"Madison, MS",geonames,4434663
Neenah,WI,-88.46261,44.18582,25792,"Neenah, WI",geonames,5264223
Alvin,TX,-95.2441,29.42385,25791,"Alvin, TX",geonames,4670592
Vaudreuil-Dorion,QC,-74.03251,45.40008,25789,"Vaudreuil-Dorion, QC",geonames,6173570
Rio Guayabal de Yateras,CU,-75.01667,20.36667,25753,Rio Guayabal de Yateras,geonames,3542137
Tecax,YU,-89.28522,20.2052,25751,"Tecax, YU",geonames,3516076
Felipe Carrillo Puerto,QR,-88.04529,19.5775,25744,"Felipe Carrillo Puerto, QR",geonames,3527639
Randolph,NJ,-74.58148,40.84829,25734,"Randolph, NJ",geonames,8469295
Temple Terrace,FL,-82.38926,28.0353,25731,"Temple Terrace, FL",geonames,4174969
Owatonna,MN,-93.22604,44.08385,25725,"Owatonna, MN",geonames,5040647
Homewood,AL,-86.80082,33.47177,25708,"Homewood, AL",geonames,4067927
Sahuarita,AZ,-110.95565,31.95758,25707,"Sahuarita, AZ",geonames,5312544
Thetford-Mines,QC,-71.30539,46.09371,25704,"Thetford-Mines, QC",geonames,6943827
Los Palacios,CU,-83.24757,22.58756,25703,Los Palacios,geonames,3548993
Valente Diaz,VE,-96.21648,19.16347,25700,"Valente Diaz, VE",geonames,3761202
Maple Valley,WA,-122.04641,47.39272,25686,"Maple Valley, WA",geonames,5802340
Huejotzingo,PU,-98.40824,19.15892,25684,"Huejotzingo, PU",geonames,3526953
Walnut Grove,BC,-122.64042,49.16473,25683,"Walnut Grove, BC",geonames,7669012
Dickinson,ND,-102.7896,46.8792,25679,"Dickinson, ND",curated,
Tacambaro de Codallos,MI,-101.45803,19.23606,25665,"Tacambaro de Codallos, MI",geonames,3982693
Hazelwood,MO,-90.37095,38.77144,25661,"Hazelwood, MO",geonames,4389967
Troy,OH,-84.20328,40.0395,25659,"Troy, OH",geonames,5174358
Lemoore,CA,-119.78291,36.30078,25647,"Lemoore, CA",geonames,5365918
Tejupilco de Hidalgo,EM,-100.15275,18.90475,25631,"Tejupilco de Hidalgo, EM",geonames,3982121
Mint Hill,NC,-80.64729,35.17959,25627,"Mint Hill, NC",geonames,4479759
Ridgewood,NJ,-74.11653,40.97926,25621,"Ridgewood, NJ",geonames,5103269
Cabot,AR,-92.01653,34.97453,25587,"Cabot, AR",geonames,4103957
Reedley,CA,-119.4504,36.59634,25569,"Reedley, CA",geonames,5386984
Edgewood,MD,-76.2944,39.41872,25562,"Edgewood, MD",geonames,4354087
Meadow Woods,FL,-81.36646,28.38556,25558,"Meadow Woods, FL",geonames,4163918
South Portland,ME,-70.24088,43.64147,25556,"South Portland, ME",geonames,4979244
Valle de Bravo,EM,-100.13132,19.19501,25554,"Valle de Bravo, EM",geonames,3980621
Val-d'Or,QC,-77.79737,48.0974,25541,"Val-d'Or, QC",geonames,6173017
West Whittier-Los Nietos,CA,-118.06909,33.976,25540,"West Whittier-Los Nietos, CA",geonames,7262518
Lebanon,PA,-76.41135,40.34093,25534,"Lebanon, PA",geonames,5197517
Mixquiahuala de Juarez,HG,-99.21396,20.23031,25510,"Mixquiahuala de Juarez, HG",geonames,3523127
Zanesville,OH,-82.01319,39.94035,25498,"Zanesville, OH",geonames,4528923
Prince Edward,ON,-77.24946,44.00012,25496,"Prince Edward, ON",geonames,6113355
Colleyville,TX,-97.15501,32.88096,25487,"Colleyville, TX",geonames,4682478
Canton,GA,-84.49076,34.23676,25469,"Canton, GA",geonames,4186213
Ossining,NY,-73.86152,41.16287,25441,"Ossining, NY",geonames,5130045
Salem,VA,-80.05476,37.29347,25432,"Salem, VA",geonames,4784112
Ayutuxtepeque,SV,-89.20221,13.73538,25426,"Ayutuxtepeque, SV",geonames,3587308
Limonar,CU,-81.41113,22.95002,25421,Limonar,geonames,3549835
San Rafael,CR,-84.13537,9.92826,25410,"San Rafael, CR",geonames,3621689
Saratoga Springs,UT,-111.90466,40.34912,25407,"Saratoga Springs, UT",geonames,5781087
Ixtepec,OA,-95.10375,16.56052,25381,"Ixtepec, OA",geonames,3526674
Melrose Park,IL,-87.85673,41.90059,25379,"Melrose Park, IL",geonames,4901868
Diego Martin,TT,-61.56616,10.72081,25370,Diego Martin,geonames,3574636
Starkville,MS,-88.81961,33.45049,25366,"Starkville, MS",geonames,4447161
Lochearn,MD,-76.72219,39.34066,25333,"Lochearn, MD",geonames,4360954
Chanhassen,MN,-93.53079,44.86219,25332,"Chanhassen, MN",geonames,5020881
Arizona,HN,-87.31667,15.63333,25320,"Arizona, HN",geonames,3615069
Hercules,CA,-122.28858,38.01714,25314,"Hercules, CA",geonames,5356451
Emiliano Zapata,EM,-98.97472,19.34361,25309,"Emiliano Zapata, EM",geonames,8858099
Galt,CA,-121.29995,38.25464,25303,"Galt, CA",geonames,5351428
Nanchital de Lazaro Cardenas del Rio,VE,-94.40756,18.07117,25289,"Nanchital de Lazaro Cardenas del Rio, VE",geonames,3522845
Prior Lake,MN,-93.42273,44.7133,25282,"Prior Lake, MN",geonames,5042373
Guanajay,CU,-82.68686,22.92615,25258,Guanajay,geonames,3557801
Grandview,MO,-94.53301,38.88584,25256,"Grandview, MO",geonames,4388460
Clinton,MS,-90.32176,32.34153,25254,"Clinton, MS",geonames,4422133
Yarmouth,MA,-70.22863,41.70567,25243,"Yarmouth, MA",geonames,4956335
Sainte-Therese,QC,-73.82757,45.63922,25224,"Sainte-Therese, QC",geonames,6138121
Yuriria,GT,-101.13194,20.21075,25216,"Yuriria, GT",geonames,3979855
Balch Springs,TX,-96.62277,32.72874,25210,"Balch Springs, TX",geonames,4672059
Gros Islet,LC,-60.95,14.06667,25210,Gros Islet,geonames,3576686
White Bear Lake,MN,-93.00994,45.08469,25205,"White Bear Lake, MN",geonames,5052658
Chaska,MN,-93.60218,44.78941,25199,"Chaska, MN",geonames,5020938
Harvey,IL,-87.64671,41.61003,25194,"Harvey, IL",geonames,4895298
Middle River,MD,-76.43941,39.33427,25191,"Middle River, MD",geonames,4362344
Woodstock,IL,-88.4487,42.31474,25189,"Woodstock, IL",geonames,4917123
Lockport,IL,-88.05784,41.58948,25175,"Lockport, IL",geonames,4900292
Woodburn,OR,-122.85537,45.14373,25173,"Woodburn, OR",geonames,5761708
Ciudad Altamirano,GR,-100.66965,18.3582,25168,"Ciudad Altamirano, GR",geonames,4013727
Newport,RI,-71.3128,41.4901,25163,"Newport, RI",curated,
Alamo,VE,-97.67554,20.91154,25159,"Alamo, VE",geonames,3533107
Wyandotte,MI,-83.14992,42.21421,25156,"Wyandotte, MI",geonames,5015599
Butler,AL,-86.6178,31.8296,25136,"Butler, AL",curated,
Mauldin,SC,-82.31012,34.77873,25135,"Mauldin, SC",geonames,4586523
Belvidere,IL,-88.84427,42.26391,25132,"Belvidere, IL",geonames,4884453
Cuautlancingo,PU,-98.27319,19.08995,25104,"Cuautlancingo, PU",geonames,3529981
Campechuela,CU,-77.27949,20.23272,25069,Campechuela,geonames,3565951
Moscow,ID,-117.00017,46.73239,25060,"Moscow, ID",geonames,5601538
Milford,MA,-71.51617,42.13982,25055,"Milford, MA",geonames,4943958
West Memphis,AR,-90.18454,35.14648,25052,"West Memphis, AR",geonames,4135865
Mercer Island,WA,-122.22207,47.57065,25042,"Mercer Island, WA",geonames,5803139
Bridgeton,NJ,-75.23408,39.42734,25031,"Bridgeton, NJ",geonames,4500942
Encarnacion de Diaz,JA,-102.24024,21.52631,25010,"Encarnacion de Diaz, JA",geonames,4006783
Maplewood,NJ,-74.27348,40.73121,25008,"Maplewood, NJ",geonames,5100854
Athens,OH,-82.1013,39.3292,25000,"Athens, OH",curated,
Barstow,CA,-117.0228,34.8958,25000,"Barstow, CA",curated,
Brooklin,ON,-78.95972,43.95833,25000,"Brooklin, ON",geonames,5909483
Fallingbrook,ON,-75.48401,45.47558,25000,"Fallingbrook, ON",geonames,12070742
Farmington,CT,-72.83204,41.71982,25000,"Farmington, CT",geonames,4834272
Furnass,NE,-99.8282,40.1389,25000,"Furnass, NE",curated,
Spotslyvania,VA,-77.5861,38.2007,25000,"Spotslyvania, VA",curated,
Brownsburg,IN,-86.39777,39.84338,24996,"Brownsburg, IN",geonames,4255056
Petit-Bourg,GP,-61.5914,16.19163,24994,Petit-Bourg,geonames,3578682
Saginaw Township North,MI,-84.00674,43.46004,24994,"Saginaw Township North, MI",geonames,7259480
Edwardsville,IL,-89.95316,38.81144,24992,"Edwardsville, IL",geonames,4237717
San Andres Itzapa,GUA,-90.84314,14.62222,24992,San Andres Itzapa,geonames,3590529
San Felipe,CR,-84.1062,9.90444,24985,"San Felipe, CR",geonames,3621922
Riverside,OH,-84.1241,39.77978,24972,"Riverside, OH",geonames,4522586
Athens,AL,-86.97219,34.80243,24966,"Athens, AL",geonames,4830668
Sanger,CA,-119.55597,36.70801,24950,"Sanger, CA",geonames,5392868
Westmont,IL,-87.97562,41.79586,24941,"Westmont, IL",geonames,4916207
Wakefield,MA,-71.07283,42.50648,24932,"Wakefield, MA",geonames,4954265
Rockledge,FL,-80.72533,28.35084,24926,"Rockledge, FL",geonames,4170358
Hastings,NE,-98.38839,40.58612,24924,"Hastings, NE",geonames,5069802
Cave Spring,VA,-80.01282,37.22764,24922,"Cave Spring, VA",geonames,4751421
North Tustin,CA,-117.79394,33.76446,24917,"North Tustin, CA",geonames,5404122
East Amherst,NY,-78.6967,43.01839,24914,"East Amherst, NY",geonames,5115699
Hunucma,YU,-89.87716,21.0164,24910,"Hunucma, YU",geonames,3526838
Cruces,CU,-80.27082,22.34282,24906,Cruces,geonames,3563145
Daphne,AL,-87.9036,30.60353,24896,"Daphne, AL",geonames,4058219
Whitehall Township,PA,-75.49991,40.66676,24896,"Whitehall Township, PA",geonames,5219287
Norfolk,NE,-97.417,42.0286,24893,"Norfolk, NE",curated,
Costa Rica,SI,-107.38992,24.5907,24874,"Costa Rica, SI",geonames,4012693
Burlington,IA,-91.1121,40.8075,24868,"Burlington, IA",curated,
Cliffside Park,NJ,-73.98764,40.82149,24857,"Cliffside Park, NJ",geonames,5096686
Elmwood Park,IL,-87.80923,41.92114,24840,"Elmwood Park, IL",geonames,4891051
Vineyard,CA,-121.34692,38.46449,24836,"Vineyard, CA",geonames,7176039
Lodi,NJ,-74.0832,40.88232,24835,"Lodi, NJ",geonames,5100604
Guastatoya,GUA,-90.06991,14.85442,24831,Guastatoya,geonames,3596421
Hazleton,PA,-75.97465,40.95842,24825,"Hazleton, PA",geonames,5193011
Coronado,CA,-117.18309,32.68589,24812,"Coronado, CA",geonames,5339663
Eagle River,AK,-149.56778,61.32139,24793,"Eagle River, AK",geonames,5861187
Ardmore,OK,-97.1436,34.1743,24788,"Ardmore, OK",curated,
South Salt Lake,UT,-111.88827,40.71884,24788,"South Salt Lake, UT",geonames,5781794
Paris,TX,-95.55551,33.66094,24782,"Paris, TX",geonames,4717560
Northport,AL,-87.57723,33.22901,24772,"Northport, AL",geonames,4080555
Uniondale,NY,-73.59291,40.70038,24759,"Uniondale, NY",geonames,5141927
Ponca City,OK,-97.08559,36.70698,24758,"Ponca City, OK",geonames,4548267
Muskego,WI,-88.13898,42.90585,24755,"Muskego, WI",geonames,5264049
Collinsville,IL,-89.98455,38.67033,24754,"Collinsville, IL",geonames,4236191
Reading,MA,-71.09533,42.52565,24747,"Reading, MA",geonames,4948462
San Francisco de Yojoa,HN,-87.9716,15.01442,24740,"San Francisco de Yojoa, HN",geonames,3602272
Belmont,MA,-71.17867,42.39593,24729,"Belmont, MA",geonames,4930282
Dedham,MA,-71.16616,42.24177,24729,"Dedham, MA",geonames,4934664
Short Pump,VA,-77.61249,37.65042,24729,"Short Pump, VA",geonames,4785576
De Pere,WI,-88.06038,44.44888,24724,"De Pere, WI",geonames,5250201
Zumpango del Rio,GR,-99.52725,17.65437,24719,"Zumpango del Rio, GR",geonames,3513967
Watertown,NY,-75.9108,43.9748,24685,"Watertown, NY",curated,
Caledonia,WI,-87.92425,42.8078,24684,"Caledonia, WI",geonames,5247415
San Luis Jilotepeque,GUA,-89.72463,14.64724,24679,San Luis Jilotepeque,geonames,3589822
Inkster,MI,-83.30993,42.2942,24672,"Inkster, MI",geonames,4832554
Vincentown,NJ,-74.74849,39.934,24664,"Vincentown, NJ",geonames,4504618
Bixby,OK,-95.88332,35.94204,24657,"Bixby, OK",geonames,4530801
Walker,MI,-85.76809,43.00141,24647,"Walker, MI",geonames,5013924
Marcovia,HN,-87.30972,13.28806,24646,"Marcovia, HN",geonames,3605000
Junction City,KS,-96.8314,39.02861,24621,"Junction City, KS",geonames,4273680
Seal Beach,CA,-118.10479,33.74141,24619,"Seal Beach, CA",geonames,5394086
San Luis,HN,-88.43931,15.12692,24606,"San Luis, HN",geonames,3601932
Tarpon Springs,FL,-82.75677,28.14612,24605,"Tarpon Springs, FL",geonames,4174855
Franklin,IN,-86.05499,39.48061,24598,"Franklin, IN",geonames,4828382
Herndon,VA,-77.3861,38.96955,24568,"Herndon, VA",geonames,4763793
Austin,MN,-92.97464,43.66663,24563,"Austin, MN",geonames,5016884
Tamazunchale,SL,-98.78935,21.25993,24562,"Tamazunchale, SL",geonames,3516385
La Isla,VE,-96.15,18.6,24558,"La Isla, VE",geonames,3525596
Sachse,TX,-96.59527,32.97623,24554,"Sachse, TX",geonames,4724564
Sun City West,AZ,-112.34127,33.66198,24535,"Sun City West, AZ",geonames,5316205
Watauga,TX,-97.25474,32.85791,24525,"Watauga, TX",geonames,4740214
Kingstown,VC,-61.22742,13.15527,24518,Kingstown,geonames,3577887
Burlington,MA,-71.19561,42.50482,24498,"Burlington, MA",geonames,4931737
San Benito,TX,-97.6311,26.13258,24496,"San Benito, TX",geonames,4726290
Freeport,IL,-89.62123,42.29669,24476,"Freeport, IL",geonames,4893171
Forest Grove,OR,-123.11066,45.51984,24457,"Forest Grove, OR",geonames,5727190
Arriaga,CS,-93.89972,16.23557,24447,"Arriaga, CS",geonames,3816739
San Felipe,GUA,-91.595,14.62304,24446,San Felipe,geonames,3590288
Palmetto Bay,FL,-80.32477,25.62177,24439,"Palmetto Bay, FL",geonames,4167634
Jalostotitlan,JA,-102.46097,21.16813,24423,"Jalostotitlan, JA",geonames,4004153
Staunton,VA,-79.0732,38.14991,24416,"Staunton, VA",geonames,4787440
Selma,CA,-119.61208,36.57078,24414,"Selma, CA",geonames,5394329
South Windsor,CT,-72.6212,41.82371,24412,"South Windsor, CT",geonames,4843353
North Potomac,MD,-77.26498,39.08289,24410,"North Potomac, MD",geonames,4363990
Bridlewood,ON,-75.8569,45.28522,24400,"Bridlewood, ON",geonames,5908737
Waterdown,ON,-79.88293,43.33341,24400,"Waterdown, ON",geonames,6176722
San Antonio Tecomitl,DF,-98.98806,19.21778,24397,"San Antonio Tecomitl, DF",geonames,8858100
Homer Glen,IL,-87.93811,41.60003,24395,"Homer Glen, IL",geonames,4896336
Saint-Bruno-de-Montarville,QC,-73.34916,45.53341,24388,"Saint-Bruno-de-Montarville, QC",geonames,6137540
Coral Terrace,FL,-80.3045,25.74593,24376,"Coral Terrace, FL",geonames,4151921
Midland,ON,-79.88296,44.7501,24353,"Midland, ON",geonames,6073363
Ridgeland,MS,-90.13231,32.42848,24351,"Ridgeland, MS",geonames,4443296
Scaggsville,MD,-76.90025,39.14511,24333,"Scaggsville, MD",geonames,4368918
Cudahy,CA,-118.18535,33.96057,24311,"Cudahy, CA",geonames,5341051
Washington,UT,-113.50829,37.13054,24299,"Washington, UT",geonames,5549222
New Smyrna Beach,FL,-80.927,29.02582,24298,"New Smyrna Beach, FL",geonames,4165913
Ebano,SL,-98.37706,22.21808,24296,"Ebano, SL",geonames,3529619
South Plainfield,NJ,-74.41154,40.57927,24290,"South Plainfield, NJ",geonames,5104844
Kalispell,MT,-114.3154,48.1914,24288,"Kalispell, MT",curated,
Pasadena,MD,-76.57108,39.119,24287,"Pasadena, MD",geonames,4364990
Columbine,CO,-105.06943,39.58777,24280,"Columbine, CO",geonames,5417657
Greenbelt,MD,-76.87553,39.00455,24272,"Greenbelt, MD",geonames,4356847
Loreto,ZA,-101.98602,22.27194,24260,"Loreto, ZA",geonames,3998291
South Riding,VA,-77.50388,38.92094,24256,"South Riding, VA",geonames,4786667
Citrus Park,FL,-82.56982,28.07835,24252,"Citrus Park, FL",geonames,4151157
Boca Del Mar,FL,-80.14671,26.34508,24244,"Boca Del Mar, FL",geonames,4148399
El Salto,DG,-105.36038,23.77846,24241,"El Salto, DG",geonames,4007673
Jiquilpan de Juarez,MI,-102.71843,19.99173,24233,"Jiquilpan de Juarez, MI",geonames,4003923
Norton Shores,MI,-86.26395,43.1689,24208,"Norton Shores, MI",geonames,5004005
Calliaqua,VC,-61.19178,13.12867,24205,Calliaqua,geonames,3748746
Barstow Heights,CA,-117.05615,34.86971,24202,"Barstow Heights, CA",geonames,5326305
Rockville Centre,NY,-73.64124,40.65871,24201,"Rockville Centre, NY",geonames,5134203
Noord,AW,-70.03198,12.56596,24193,Noord,geonames,3577159
Rolling Meadows,IL,-88.01313,42.08419,24190,"Rolling Meadows, IL",geonames,4908052
Licenciado Benito Juarez,SI,-107.545,24.65667,24185,"Licenciado Benito Juarez, SI",geonames,8858101
Carteret,NJ,-74.2282,40.57733,24170,"Carteret, NJ",geonames,5096316
Fort Dodge,IA,-94.168,42.4975,24168,"Fort Dodge, IA",curated,
Immokalee,FL,-81.4173,26.41869,24154,"Immokalee, FL",geonames,4159553
Medford,NY,-73.00011,40.8176,24142,"Medford, NY",geonames,5126518
Riverbank,CA,-120.93549,37.73604,24122,"Riverbank, CA",geonames,5387844
Ometepec,GR,-98.40797,16.69008,24120,"Ometepec, GR",geonames,3522343
San Juan Ixtayopan,DF,-98.99867,19.23187,24120,"San Juan Ixtayopan, DF",geonames,3518650
Zion,IL,-87.83285,42.44613,24117,"Zion, IL",geonames,4917358
Chambas,CU,-78.91414,22.19265,24114,Chambas,geonames,3564394
Trotwood,OH,-84.31133,39.79728,24096,"Trotwood, OH",geonames,4526576
North Haven,CT,-72.85954,41.39093,24093,"North Haven, CT",geonames,4839704
Summerlin South,NV,-115.33001,36.11708,24085,"Summerlin South, NV",geonames,7262622
Perico,CU,-81.01845,22.76889,24073,Perico,geonames,3544393
Mahwah,NJ,-74.14376,41.08871,24062,"Mahwah, NJ",geonames,5100776
Loma Linda,CA,-117.26115,34.04835,24045,"Loma Linda, CA",geonames,5367696
Peekskill,NY,-73.92042,41.29009,24043,"Peekskill, NY",geonames,5130831
Keystone,FL,-82.62121,28.15585,24039,"Keystone, FL",geonames,4160822
Jalapa,NI,-86.12346,13.92221,24037,"Jalapa, NI",geonames,3618954
Baldwin,NY,-73.6093,40.65649,24033,"Baldwin, NY",geonames,5107760
Zaragoza,GUA,-90.89034,14.64968,24022,Zaragoza,geonames,3587543
Fairfax,VA,-77.30637,38.84622,24013,"Fairfax, VA",geonames,4758023
Maywood,IL,-87.84312,41.8792,24012,"Maywood, IL",geonames,4901514
Sebastian,FL,-80.47061,27.81641,24007,"Sebastian, FL",geonames,4172372
La Gomera,GUA,-91.05383,14.08213,24001,La Gomera,geonames,3594575
Degelis,QC,-68.6449,47.5475,24000,"Degelis, QC",curated,
Huron,MI,-83.0005,43.8021,24000,"Huron, MI",curated,
Mahoosuc Range,ME,-70.7901,44.4059,24000,"Mahoosuc Range, ME",curated,
Wayne,KY,-84.8251,36.7822,24000,Wayne,curated,
East Gwillimbury,ON,-79.43785,44.10087,23991,"East Gwillimbury, ON",geonames,5945707
Alotenango,GUA,-90.80437,14.48585,23986,Alotenango,geonames,3599788
Patarra,CR,-84.03551,9.88059,23983,"Patarra, CR",geonames,3622507
San Miguel el Alto,JA,-102.40227,21.03053,23982,"San Miguel el Alto, JA",geonames,3985323
Holt,MI,-84.51525,42.64059,23973,"Holt, MI",geonames,4996306
Muscatine,IA,-91.04321,41.42447,23968,"Muscatine, IA",geonames,4868404
Elk River,MN,-93.56718,45.30385,23963,"Elk River, MN",geonames,5025471
Golden Gate,FL,-81.69509,26.18787,23961,"Golden Gate, FL",geonames,4156920
Corsicana,TX,-96.46887,32.09543,23952,"Corsicana, TX",geonames,4683462
Sabanagrande,HN,-87.25917,13.80778,23943,"Sabanagrande, HN",geonames,3602680
Miahuatlan de Porfirio Diaz,OA,-96.59606,16.329,23940,"Miahuatlan de Porfirio Diaz, OA",geonames,3523240
Hialeah Gardens,FL,-80.3245,25.8651,23926,"Hialeah Gardens, FL",geonames,4158482
Waverly,MI,-84.62081,42.7392,23925,"Waverly, MI",geonames,5014208
Hunt Valley,MD,-76.64108,39.49983,23915,"Hunt Valley, MD",geonames,4358701
Fuquay-Varina,NC,-78.80001,35.58432,23907,"Fuquay-Varina, NC",geonames,4467485
Fountain Hills,AZ,-111.71736,33.61171,23899,"Fountain Hills, AZ",geonames,5295177
Champlin,MN,-93.39745,45.18885,23894,"Champlin, MN",geonames,5020859
South Portland Gardens,ME,-70.31533,43.63897,23893,"South Portland Gardens, ME",geonames,4979245
Brockville,ON,-75.68705,44.59132,23886,"Brockville, ON",geonames,5909294
Centerville,OH,-84.15938,39.62839,23882,"Centerville, OH",geonames,4508204
Strathroy,ON,-81.62232,42.9551,23871,"Strathroy, ON",geonames,6158027
Bloomington,CA,-117.39588,34.07029,23851,"Bloomington, CA",geonames,5329408
Yurecuaro,MI,-102.28219,20.33954,23843,"Yurecuaro, MI",geonames,3979856
Bainbridge Island,WA,-122.52124,47.62621,23840,"Bainbridge Island, WA",geonames,5816320
Ciudad Serdan,PU,-97.44643,18.98856,23824,"Ciudad Serdan, PU",geonames,3530584
Marshall,TX,-94.36742,32.54487,23820,"Marshall, TX",geonames,4709272
Morrisville,NC,-78.82556,35.82348,23820,"Morrisville, NC",geonames,4480285
Squamish,BC,-123.15631,49.69925,23819,"Squamish, BC",geonames,6154636
Watertown,WI,-88.72899,43.19472,23819,"Watertown, WI",geonames,5278005
Le Robert,MQ,-60.94228,14.67751,23814,Le Robert,geonames,3570412
Kernersville,NC,-80.07365,36.11986,23811,"Kernersville, NC",geonames,4474221
Providenciales,TC,-72.25206,21.78254,23769,Providenciales,geonames,11703857
Motozintla,CS,-92.24673,15.36615,23755,"Motozintla, CS",geonames,3522926
Old Bridge,NJ,-74.36543,40.41483,23753,"Old Bridge, NJ",geonames,5102162
Rio Cauto,CU,-76.91665,20.55981,23737,Rio Cauto,geonames,3542167
Teocaltiche,JA,-102.57427,21.43434,23726,"Teocaltiche, JA",geonames,3982034
Fort Washington,MD,-77.02303,38.70734,23717,"Fort Washington, MD",geonames,4355355
Purepero de Echaiz,MI,-102.00691,19.91025,23713,"Purepero de Echaiz, MI",geonames,3991253
Dinuba,CA,-119.38707,36.54328,23702,"Dinuba, CA",geonames,5343171
Comonfort,GT,-100.7612,20.72005,23683,"Comonfort, GT",geonames,4013094
Fairland,MD,-76.95775,39.07622,23681,"Fairland, MD",geonames,4354573
White Rock,BC,-122.79507,49.02049,23670,"White Rock, BC",geonames,6180961
Brookings,SD,-96.79839,44.31136,23657,"Brookings, SD",geonames,5226534
Blue Island,IL,-87.68005,41.65726,23652,"Blue Island, IL",geonames,4885186
Faribault,MN,-93.26883,44.29496,23650,"Faribault, MN",geonames,5026291
Castanos,CO,-101.43211,26.78932,23649,"Castanos, CO",geonames,4015022
Chestnut Hill,MA,-71.16616,42.33065,23649,"Chestnut Hill, MA",geonames,4932957
Baileys Crossroads,VA,-77.1297,38.85039,23643,"Baileys Crossroads, VA",geonames,4745272
Allende,VE,-94.39425,18.15401,23620,"Allende, VE",geonames,3533056
Eagle,ID,-116.35401,43.69544,23612,"Eagle, ID",geonames,5591778
Aguada de Pasajeros,CU,-80.84792,22.3852,23606,Aguada de Pasajeros,geonames,3569546
Norland,FL,-80.21227,25.94898,23604,"Norland, FL",geonames,4166066
Liberal,KS,-100.921,37.0431,23599,"Liberal, KS",curated,
Scotch Plains,NJ,-74.38987,40.65538,23584,"Scotch Plains, NJ",geonames,5104473
Glenville,OH,-81.61735,41.53338,23559,"Glenville, OH",geonames,5155858
Juan Jose Rios,SI,-108.8242,25.75714,23553,"Juan Jose Rios, SI",geonames,4005864
El Cerrito,CA,-122.31164,37.91576,23549,"El Cerrito, CA",geonames,5345623
Teloloapan,GR,-99.87185,18.36663,23549,"Teloloapan, GR",geonames,3516060
Santa Cruz de El Seibo,DO,-69.03991,18.76484,23547,Santa Cruz de El Seibo,geonames,3492984
Brandon,MS,-89.98592,32.2732,23529,"Brandon, MS",geonames,4419290
Rock Springs,WY,-109.2029,41.5875,23526,"Rock Springs, WY",curated,
Derby,KS,-97.26893,37.54557,23509,"Derby, KS",geonames,4270356
Rouyn-Noranda,QC,-79.02311,48.23656,23504,"Rouyn-Noranda, QC",geonames,6128577
San Martin Cuautlalpan,EM,-98.83167,19.27618,23501,"San Martin Cuautlalpan, EM",geonames,3817649
Graham,WA,-122.29428,47.05288,23491,"Graham, WA",geonames,5795906
La Paz Centro,NI,-86.67528,12.34,23481,"La Paz Centro, NI",geonames,3618411
Ilchester,MD,-76.76469,39.25094,23476,"Ilchester, MD",geonames,4358864
San Jose Iturbide,GT,-100.3858,21.00022,23471,"San Jose Iturbide, GT",geonames,3986088
Bayonet Point,FL,-82.68343,28.32667,23467,"Bayonet Point, FL",geonames,4146901
Easton,MA,-71.12866,42.02454,23459,"Easton, MA",geonames,4935623
Loves Park,IL,-89.05816,42.32002,23455,"Loves Park, IL",geonames,4900579
Avon Lake,OH,-82.0282,41.50532,23453,"Avon Lake, OH",geonames,5146286
San Lorenzo,CA,-122.13321,37.67412,23452,"San Lorenzo, CA",geonames,5392281
Morton Grove,IL,-87.78256,42.04059,23448,"Morton Grove, IL",geonames,4902763
Kingston,NY,-73.99736,41.92704,23436,"Kingston, NY",geonames,5123477
McDonough,GA,-84.14686,33.44734,23417,"McDonough, GA",geonames,4208442
Romulus,MI,-83.3966,42.22226,23417,"Romulus, MI",geonames,5007531
Rosemount,MN,-93.12577,44.73941,23413,"Rosemount, MN",geonames,5043779
Northwest One,DC,-77.01196,38.90428,23386,Washington D.C.,geonames,13526898
Mansfield,MA,-71.21894,42.03343,23380,"Mansfield, MA",geonames,4943021
Eloise,FL,-81.73813,27.99474,23366,"Eloise, FL",geonames,4154396
Laguna Beach,CA,-117.78311,33.54225,23365,"Laguna Beach, CA",geonames,5364275
Springfield,PA,-75.32019,39.93067,23363,"Springfield, PA",geonames,4561407
La Prairie,QC,-73.49917,45.41678,23357,"La Prairie, QC",geonames,6049863
Bellview,FL,-87.31497,30.46159,23355,"Bellview, FL",geonames,4147290
San Marcos,NI,-86.20351,11.90949,23347,"San Marcos, NI",geonames,3616682
Manoa,HI,-157.80423,21.31608,23343,"Manoa, HI",geonames,9409821
Teotihuacan de Arista,EM,-98.86083,19.68972,23325,"Teotihuacan de Arista, EM",geonames,8858102
Terrytown,LA,-90.03257,29.91021,23319,"Terrytown, LA",geonames,4343327
Tamboril,DO,-70.61104,19.48538,23304,Tamboril,geonames,3492517
Ixtlan del Rio,NA,-104.3688,21.03514,23303,"Ixtlan del Rio, NA",geonames,4004267
Nebaj,GUA,-91.14682,15.40614,23301,Nebaj,geonames,3592237
Crestview,FL,-86.57051,30.76213,23270,"Crestview, FL",geonames,4152311
Keene,NH,-72.27814,42.93369,23265,"Keene, NH",geonames,5088262
Greenwood,SC,-82.16179,34.1954,23260,"Greenwood, SC",geonames,4580569
Calimete,CU,-80.91105,22.5342,23255,Calimete,geonames,3566134
Motul,YU,-89.28332,21.09571,23240,"Motul, YU",geonames,3522924
South Old Bridge,NJ,-74.35432,40.40816,23233,"South Old Bridge, NJ",geonames,5104835
Duncan,OK,-97.95781,34.5023,23231,"Duncan, OK",geonames,4535389
Tecumseh,ON,-82.884,42.316,23229,"Tecumseh, ON",geonames,6162416
Griffin,GA,-84.26409,33.24678,23211,"Griffin, GA",geonames,4198322
Dolton,IL,-87.60727,41.63892,23197,"Dolton, IL",geonames,4890009
Webster Groves,MO,-90.35734,38.59255,23177,"Webster Groves, MO",geonames,4413872
Columbus,MS,-88.42726,33.49567,23168,"Columbus, MS",geonames,4422442
Denison,TX,-96.53666,33.75566,23150,"Denison, TX",geonames,4685892
Jesus del Monte,EM,-99.29444,19.375,23150,"Jesus del Monte, EM",geonames,8858103
Kerrville,TX,-99.14032,30.04743,23136,"Kerrville, TX",geonames,4703078
Pooler,GA,-81.24706,32.11548,23133,"Pooler, GA",geonames,4216948
Mequon,WI,-88.03001,43.21555,23132,"Mequon, WI",geonames,5262649
Alvarado,VE,-95.76181,18.77143,23128,"Alvarado, VE",geonames,3532964
Wright,FL,-86.63829,30.45575,23127,"Wright, FL",geonames,4178775
Zacualtipan,HG,-98.65628,20.65002,23125,"Zacualtipan, HG",geonames,3514134
Palm City,FL,-80.26616,27.16783,23120,"Palm City, FL",geonames,4167536
Middleborough,MA,-70.91115,41.89316,23116,"Middleborough, MA",geonames,4943888
San Jorge Pueblo Nuevo,EM,-99.62778,19.25417,23107,"San Jorge Pueblo Nuevo, EM",geonames,8858104
Arnold,MD,-76.50274,39.03206,23106,"Arnold, MD",geonames,4347426
Isla Vista,CA,-119.86097,34.41333,23096,"Isla Vista, CA",geonames,5359864
Oxkutzkab,YU,-89.41809,20.30734,23096,"Oxkutzkab, YU",geonames,3522251
Vero Beach South,FL,-80.41308,27.61638,23092,"Vero Beach South, FL",geonames,7260233
Van Buren,AR,-94.34827,35.43676,23081,"Van Buren, AR",geonames,4134716
East Peoria,IL,-89.5801,40.66615,23080,"East Peoria, IL",geonames,4890549
Landover,MD,-76.89664,38.934,23078,"Landover, MD",geonames,4360287
Palmira,CU,-80.39164,22.24217,23078,Palmira,geonames,3545040
Windham,CT,-72.15702,41.69982,23072,"Windham, CT",geonames,4845898
Jacksonville Beach,FL,-81.39314,30.29469,23064,"Jacksonville Beach, FL",geonames,4160023
Solon,OH,-81.44123,41.38978,23043,"Solon, OH",geonames,5172387
Chantilly,VA,-77.4311,38.89428,23039,"Chantilly, VA",geonames,4751935
Cabrican,GUA,-91.648,15.07485,23033,Cabrican,geonames,3599287
Candler-McAfee,GA,-84.27246,33.72672,23025,"Candler-McAfee, GA",geonames,7260019
Roselle,IL,-88.07979,41.98475,22994,"Roselle, IL",geonames,4908173
Copiague,NY,-73.39984,40.68149,22993,"Copiague, NY",geonames,5113683
Munster,IN,-87.51254,41.56448,22984,"Munster, IN",geonames,4924014
Ladera Ranch,CA,-117.63561,33.57086,22980,"Ladera Ranch, CA",geonames,5364199
Papalotla,TL,-98.20389,19.16861,22969,"Papalotla, TL",geonames,3815447
Lisle,IL,-88.07479,41.80114,22964,"Lisle, IL",geonames,4900080
Paradise,NL,-52.88136,47.52909,22957,"Paradise, NL",geonames,6096729
Rodolfo Sanchez Taboada,BC,-116.57196,31.72294,22957,"Rodolfo Sanchez Taboada, BC",geonames,3996737
Picnic Point-North Lynnwood,WA,-122.29497,47.86278,22953,"Picnic Point-North Lynnwood, WA",geonames,7262110
East Naples,FL,-81.76648,26.13842,22951,"East Naples, FL",geonames,4154031
Crystal,MN,-93.36023,45.03274,22943,"Crystal, MN",geonames,5023571
Dixiana,AL,-86.64938,33.74021,22940,"Dixiana, AL",geonames,8605041
Highland,IN,-87.45198,41.55365,22936,"Highland, IN",geonames,4921402
Machesney Park,IL,-89.039,42.34724,22927,"Machesney Park, IL",geonames,4900801
North Platte,NE,-100.7654,41.1239,22905,"North Platte, NE",curated,
Pelham,AL,-86.80999,33.28567,22885,"Pelham, AL",geonames,4082569
San Antonio de Cortes,HN,-88.04074,15.11611,22884,"San Antonio de Cortes, HN",geonames,3602444
Auburn,ME,-70.23117,44.09785,22871,"Auburn, ME",geonames,4956976
Sainte-Anne,GP,-61.38098,16.22564,22859,Sainte-Anne,geonames,3578466
Lincolnia,VA,-77.14331,38.81845,22855,"Lincolnia, VA",geonames,4769608
Zapotiltic,JA,-103.41752,19.62749,22833,"Zapotiltic, JA",geonames,3979727
Tixtla de Guerrero,GR,-99.39799,17.56732,22826,"Tixtla de Guerrero, GR",geonames,3515510
Valinda,CA,-117.94367,34.04529,22822,"Valinda, CA",geonames,5405326
Marysville,OH,-83.36714,40.23645,22817,"Marysville, OH",geonames,5162077
Haines City,FL,-81.62009,28.1145,22807,"Haines City, FL",geonames,4157827
Columbus,NE,-97.36838,41.42973,22797,"Columbus, NE",geonames,5066001
Bristol,RI,-71.26616,41.67705,22795,"Bristol, RI",geonames,5221077
Frontera,TB,-92.6453,18.54326,22795,"Frontera, TB",geonames,3527545
Millbrae,CA,-122.38719,37.59855,22795,"Millbrae, CA",geonames,5373129
Newberg,OR,-122.97316,45.30012,22780,"Newberg, OR",geonames,5742726
Atlacomulco de Fabela,EM,-99.875,19.79919,22774,"Atlacomulco de Fabela, EM",geonames,3532617
Acajutla,SV,-89.8275,13.59278,22763,"Acajutla, SV",geonames,3587498
The Crossings,FL,-80.40117,25.67066,22758,"The Crossings, FL",geonames,4175091
Valley Station,KY,-85.87024,38.11118,22756,Valley Station,geonames,4311963
East Lake-Orient Park,FL,-82.37878,27.98269,22753,"East Lake-Orient Park, FL",geonames,7259705
Lennox,CA,-118.35258,33.93807,22753,"Lennox, CA",geonames,5365937
Manuel Ojinaga,CH,-104.41639,29.56444,22744,"Manuel Ojinaga, CH",geonames,8858105
Farmington,MN,-93.14355,44.64024,22731,"Farmington, MN",geonames,5026321
Wilsonville,OR,-122.77371,45.29984,22729,"Wilsonville, OR",geonames,5761287
Hutto,TX,-97.54667,30.5427,22722,"Hutto, TX",geonames,4699626
Lerma de Villada,EM,-99.51163,19.28881,22713,"Lerma de Villada, EM",geonames,3524389
Bloomingdale,FL,-82.24037,27.89364,22711,"Bloomingdale, FL",geonames,4148207
Inglewood-Finn Hill,WA,-122.23167,47.72049,22707,"Inglewood-Finn Hill, WA",geonames,7261476
West Odessa,TX,-102.49876,31.84235,22707,"West Odessa, TX",geonames,5533366
Oak Harbor,WA,-122.64322,48.29316,22693,"Oak Harbor, WA",geonames,5805441
Le Moule,GP,-61.34656,16.33164,22692,Le Moule,geonames,3578967
'Ewa Gentry,HI,-158.03039,21.33999,22690,"'Ewa Gentry, HI",geonames,5855070
Oak Ridge,FL,-81.42452,28.47112,22685,"Oak Ridge, FL",geonames,4166583
Rosemont,CA,-121.36467,38.55185,22681,"Rosemont, CA",geonames,5388873
Tequixquiac,EM,-99.14472,19.90944,22676,"Tequixquiac, EM",geonames,3515794
Auburn Hills,MI,-83.2341,42.68753,22672,"Auburn Hills, MI",geonames,4984565
Pottstown,PA,-75.64963,40.24537,22664,"Pottstown, PA",geonames,5207069
San Mateo Otzacatipan,EM,-99.60345,19.33273,22656,"San Mateo Otzacatipan, EM",geonames,3827254
Watertown,SD,-97.1151,44.8997,22655,"Watertown, SD",curated,
West Puente Valley,CA,-117.9684,34.05168,22636,"West Puente Valley, CA",geonames,5408191
Maple Heights,OH,-81.56596,41.41533,22631,"Maple Heights, OH",geonames,5161803
Willoughby,OH,-81.4065,41.63977,22631,"Willoughby, OH",geonames,5176937
Benbrook,TX,-97.46058,32.67319,22629,"Benbrook, TX",geonames,4673482
Cranford,NJ,-74.29959,40.65844,22627,"Cranford, NJ",geonames,5097017
San Miguel Coatlinchan,EM,-98.87274,19.44999,22619,"San Miguel Coatlinchan, EM",geonames,3518277
Garden City,NY,-73.6343,40.72677,22612,"Garden City, NY",geonames,5118226
Chambly,QC,-73.28246,45.45008,22608,"Chambly, QC",geonames,5919566
Lajas,CU,-80.29363,22.41436,22602,Lajas,geonames,3553343
Pedro Meoqui,CH,-105.48051,28.26847,22574,"Pedro Meoqui, CH",geonames,3996234
Farmington,UT,-111.88744,40.9805,22566,"Farmington, UT",geonames,5774662
Wasco,IL,-88.40452,41.93808,22560,"Wasco, IL",geonames,4915539
Riley Park,BC,-123.09319,49.24303,22555,"Riley Park, BC",geonames,13495380
Hastings,MN,-92.85243,44.7433,22554,"Hastings, MN",geonames,5029500
El Salto,JA,-104.5,20.33333,22550,"El Salto, JA",geonames,4007684
Avon,OH,-82.03542,41.45171,22544,"Avon, OH",geonames,5146277
San Jose del Valle,NA,-105.22813,20.76376,22541,"San Jose del Valle, NA",geonames,4029308
San Francisco Zapotitlan,GUA,-91.52144,14.58939,22533,San Francisco Zapotitlan,geonames,3590197
North Augusta,SC,-81.96512,33.5018,22522,"North Augusta, SC",geonames,4589368
Guilford,CT,-72.68176,41.28899,22498,"Guilford, CT",geonames,4835512
Cottage Lake,WA,-122.07735,47.74427,22494,"Cottage Lake, WA",geonames,5790971
Corcoran,CA,-119.5604,36.09801,22477,"Corcoran, CA",geonames,5339539
Mount Pearl,NL,-52.78135,47.51659,22477,"Mount Pearl, NL",geonames,6082231
East Patchogue,NY,-72.99622,40.76704,22469,"East Patchogue, NY",geonames,5116004
West Springfield,VA,-77.22109,38.77261,22460,"West Springfield, VA",geonames,4792901
Cosoleacaque,VE,-94.6359,17.99913,22454,"Cosoleacaque, VE",geonames,3530167
Wahiawa-Whitmore,HI,-158.03353,21.50565,22448,"Wahiawa-Whitmore, HI",geonames,13645943
Hudson,OH,-81.44067,41.24006,22437,"Hudson, OH",geonames,5158164
Tejar,CR,-84.23219,9.74301,22433,"Tejar, CR",geonames,3621335
Port Hueneme,CA,-119.19511,34.14778,22423,"Port Hueneme, CA",geonames,5384339
Holiday,FL,-82.73955,28.18779,22403,"Holiday, FL",geonames,4158865
Radcliff,KY,-85.94913,37.84035,22387,Radcliff,geonames,4305504
Hopewell,VA,-77.2872,37.30432,22378,"Hopewell, VA",geonames,4764826
New Castle,PA,-80.34701,41.00367,22375,"New Castle, PA",geonames,5203127
South Elgin,IL,-88.2923,41.99419,22365,"South Elgin, IL",geonames,4911893
New Brighton,MN,-93.20189,45.06552,22351,"New Brighton, MN",geonames,5039080
Prichard,AL,-88.07889,30.7388,22351,"Prichard, AL",geonames,4084888
Anniston,AL,-85.83163,33.65983,22347,"Anniston, AL",geonames,4830198
Palm Springs,FL,-80.09615,26.6359,22341,"Palm Springs, FL",geonames,4167583
Ruston,LA,-92.63793,32.52321,22340,"Ruston, LA",geonames,4339348
Gualaco,HN,-86.07076,15.02521,22327,"Gualaco, HN",geonames,3609389
Wilmington,MA,-71.17367,42.54648,22325,"Wilmington, MA",geonames,4955840
Midlothian,TX,-96.99445,32.48236,22318,"Midlothian, TX",geonames,4711156
Oxford,MS,-89.51925,34.3665,22314,"Oxford, MS",geonames,4440076
San Lorenzo,HN,-87.44722,13.42417,22289,"San Lorenzo, HN",geonames,3601977
Cerro Azul,VE,-97.74088,21.192,22268,"Cerro Azul, VE",geonames,3531321
Oakdale,CA,-120.84715,37.76659,22259,"Oakdale, CA",geonames,5378500
Darien,IL,-87.97395,41.75198,22256,"Darien, IL",geonames,4889447
Bloomingdale,IL,-88.0809,41.95753,22254,"Bloomingdale, IL",geonames,4885156
Venice,FL,-82.45426,27.09978,22211,"Venice, FL",geonames,4176380
Ludlow,MA,-72.47592,42.16009,22201,"Ludlow, MA",geonames,4942744
Duncan,BC,-123.70266,48.78293,22199,"Duncan, BC",geonames,5943865
Nava,CO,-100.76565,28.42071,22192,"Nava, CO",geonames,3995050
South Bradenton,FL,-82.58176,27.4631,22178,"South Bradenton, FL",geonames,4173392
Hillside,NJ,-74.23015,40.70121,22155,"Hillside, NJ",geonames,5099093
Foggy Bottom,DC,-77.0622,38.9015,22146,Washington D.C.,geonames,4138666
North Plainfield,NJ,-74.42737,40.6301,22140,"North Plainfield, NJ",geonames,5101938
Acworth,GA,-84.67837,34.06635,22131,"Acworth, GA",geonames,4179074
Pascagoula,MS,-88.55613,30.36576,22126,"Pascagoula, MS",geonames,4440397
Sunny Isles Beach,FL,-80.12282,25.95065,22123,"Sunny Isles Beach, FL",geonames,4174383
Kingsville,ON,-82.73312,42.10009,22119,"Kingsville, ON",geonames,5992526
Roseburg,OR,-123.34174,43.2165,22114,"Roseburg, OR",geonames,5749352
Oxford,OH,-84.74523,39.507,22104,"Oxford, OH",geonames,4520760
Merrick,NY,-73.55152,40.66288,22097,"Merrick, NY",geonames,5126630
Nogales,VE,-97.16311,18.82776,22085,"Nogales, VE",geonames,3522696
Somerset,NJ,-74.48849,40.4976,22083,"Somerset, NJ",geonames,5104755
Moses Lake,WA,-119.27808,47.13014,22082,"Moses Lake, WA",geonames,5803990
Greater Northdale,FL,-82.52594,28.10545,22079,"Greater Northdale, FL",geonames,7259823
Northdale,FL,-82.50561,28.0939,22079,"Northdale, FL",geonames,8479411
Saginaw,TX,-97.36391,32.86013,22079,"Saginaw, TX",geonames,4724642
Summit,NJ,-74.36468,40.71562,22074,"Summit, NJ",geonames,5105127
Alliance,OH,-81.10593,40.91534,22055,"Alliance, OH",geonames,5145607
South Holland,IL,-87.60699,41.60087,22043,"South Holland, IL",geonames,4911934
Kenmore,WA,-122.24401,47.75732,22030,"Kenmore, WA",geonames,5799587
Del City,OK,-97.44087,35.44201,22022,"Del City, OK",geonames,4534934
Derry,NH,-71.32729,42.88064,22015,"Derry, NH",geonames,5085374
Hamtramck,MI,-83.04964,42.39282,22002,"Hamtramck, MI",geonames,4995197
Green Valley,AZ,-111.0007,31.8548,22000,"Green Valley, AZ",curated,
Wekiwa Springs,FL,-81.42563,28.69861,21998,"Wekiwa Springs, FL",geonames,4177671
Leesburg,FL,-81.87786,28.81082,21993,"Leesburg, FL",geonames,4161771
Duarte,CA,-117.97729,34.13945,21990,"Duarte, CA",geonames,5344147
Converse,TX,-98.31612,29.51801,21987,"Converse, TX",geonames,4683021
Villa Park,IL,-87.98895,41.88975,21969,"Villa Park, IL",geonames,4914830
Searcy,AR,-92.7099,35.9019,21960,"Searcy, AR",curated,
Decatur,GA,-84.29631,33.77483,21957,"Decatur, GA",geonames,4191124
Portsmouth,NH,-70.7626,43.0718,21956,"Portsmouth, NH",curated,
Park Forest,IL,-87.67449,41.49142,21954,"Park Forest, IL",geonames,4905337
Heredia,CR,-84.11587,9.99872,21947,"Heredia, CR",geonames,3623486
Christiansburg,VA,-80.40894,37.12985,21943,"Christiansburg, VA",geonames,4752665
Jurupa Valley,CA,-117.51644,33.99251,21930,"Jurupa Valley, CA",geonames,5373492
Ashland,CA,-122.11385,37.69465,21925,"Ashland, CA",geonames,5325011
West and East Lealman,FL,-82.68944,27.81993,21924,"West and East Lealman, FL",geonames,4177960
Farragut,TN,-84.15353,35.88452,21919,"Farragut, TN",geonames,4621846
La Porte,IN,-86.71389,41.60774,21916,"La Porte, IN",geonames,8449910
Reyes Acozac,EM,-98.98079,19.7755,21910,"Reyes Acozac, EM",geonames,3523900
Gallup,NM,-108.7426,35.5281,21899,"Gallup, NM",curated,
Mount Vernon Triangle,DC,-77.01685,38.90232,21897,Washington D.C.,geonames,13526896
Playas del Rosario,TB,-92.93243,17.85289,21893,"Playas del Rosario, TB",geonames,3802723
McAlester,OK,-95.7698,34.9335,21890,"McAlester, OK",curated,
Prairie Village,KS,-94.63357,38.99167,21877,"Prairie Village, KS",geonames,4277718
Smithfield,RI,-71.54951,41.92204,21872,"Smithfield, RI",geonames,5224949
Clarksville,IN,-85.75996,38.29674,21866,"Clarksville, IN",geonames,4255836
Huetamo de Nunez,MI,-100.90004,18.62602,21864,"Huetamo de Nunez, MI",geonames,4004555
Wadsworth,OH,-81.72985,41.02561,21860,"Wadsworth, OH",geonames,5175496
Carbondale,IL,-89.2168,37.7273,21857,"Carbondale, IL",curated,
Camas,WA,-122.39954,45.58706,21846,"Camas, WA",geonames,5788822
Fort Walton Beach,FL,-86.61707,30.42059,21817,"Fort Walton Beach, FL",geonames,4156042
Klamath Falls,OR,-121.7817,42.2249,21813,"Klamath Falls, OR",curated,
Geneva,IL,-88.30535,41.88753,21806,"Geneva, IL",geonames,4893591
Brent,FL,-87.23608,30.46881,21804,"Brent, FL",geonames,4148803
Las Matas de Farfan,DO,-71.51656,18.87309,21802,Las Matas de Farfan,geonames,3500370
Santa Maria de Jesus,GUA,-90.71036,14.49452,21795,Santa Maria de Jesus,geonames,3589253
South Euclid,OH,-81.51846,41.52311,21794,"South Euclid, OH",geonames,5172485
Collingwood,ON,-80.21638,44.4834,21793,"Collingwood, ON",geonames,5925975
Santa Maria Atzompa,OA,-96.77686,17.10165,21788,"Santa Maria Atzompa, OA",geonames,3517280
Tenango de Arista,EM,-99.5898,19.10446,21765,"Tenango de Arista, EM",geonames,3515993
Brushy Creek,TX,-97.73973,30.51353,21764,"Brushy Creek, TX",geonames,4676920
Sugar Hill,GA,-84.03352,34.10649,21747,"Sugar Hill, GA",geonames,4225039
Westchase,FL,-82.60982,28.05502,21747,"Westchase, FL",geonames,4177779
Chiconcuac,EM,-98.89884,19.55939,21738,"Chiconcuac, EM",geonames,3530932
Chillicothe,OH,-82.9824,39.33312,21727,"Chillicothe, OH",geonames,4828890
Tuxpan,NA,-105.29901,21.94173,21709,"Tuxpan, NA",geonames,3980841
South Lake Tahoe,CA,-119.98435,38.93324,21706,"South Lake Tahoe, CA",geonames,5397664
Sombrerete,ZA,-103.64134,23.63138,21702,"Sombrerete, ZA",geonames,3982887
West Carson,CA,-118.29257,33.82168,21699,"West Carson, CA",geonames,5407908
Massapequa,NY,-73.47429,40.68066,21685,"Massapequa, NY",geonames,5126183
Canton,MA,-71.14477,42.15843,21679,"Canton, MA",geonames,4932214
Lincoln,RI,-71.435,41.92111,21670,"Lincoln, RI",geonames,8531960
Roselle,NJ,-74.25882,40.65223,21670,"Roselle, NJ",geonames,5103500
Lumberton,NC,-79.01045,34.61834,21667,"Lumberton, NC",geonames,4477525
San Pablo,CR,-84.09656,9.99559,21662,"San Pablo, CR",geonames,3621729
Petatlan,GR,-101.26798,17.53768,21659,"Petatlan, GR",geonames,3992842
Yamaranguila,HN,-88.24199,14.28333,21633,"Yamaranguila, HN",geonames,3600254
Taylors,SC,-82.29623,34.92039,21617,"Taylors, SC",geonames,4598353
Hanover,MB,-96.6854,49.5254,21600,"Hanover, MB",curated,
Yucca Valley,CA,-116.43224,34.11417,21600,"Yucca Valley, CA",geonames,5411079
Chapala,JA,-103.18963,20.29246,21596,"Chapala, JA",geonames,4014553
Westford,MA,-71.43784,42.57926,21587,"Westford, MA",geonames,4955219
Zacatepec,MO,-99.18981,18.65409,21586,"Zacatepec, MO",geonames,3514163
Vicksburg,MS,-90.8779,32.3526,21573,"Vicksburg, MS",curated,
Edgewater,FL,-80.90228,28.98888,21566,"Edgewater, FL",geonames,4154205
Allison Park,PA,-79.95867,40.55951,21552,"Allison Park, PA",geonames,5178165
Baie-Comeau,QC,-68.14894,49.21679,21536,"Baie-Comeau, QC",geonames,5889745
Santa Rita,HN,-87.88333,15.2,21536,"Santa Rita, HN",geonames,3601516
Bloomfield,CT,-72.73009,41.82649,21535,"Bloomfield, CT",geonames,5282526
Bay Point,CA,-121.96163,38.02909,21534,"Bay Point, CA",geonames,5326561
Sedalia,MO,-93.22826,38.70446,21516,"Sedalia, MO",geonames,4408000
Tanki Leendert,AW,-70.02004,12.53914,21500,Tanki Leendert,geonames,3577072
Patterson,CA,-121.12966,37.4716,21498,"Patterson, CA",geonames,5381515
Greenfield,IN,-85.76942,39.78504,21497,"Greenfield, IN",geonames,4258285
Waynesboro,VA,-78.88947,38.06847,21491,"Waynesboro, VA",geonames,4792522
H Street NE,DC,-76.99587,38.90015,21480,Washington D.C.,geonames,13526894
Bedford,NS,-63.66732,44.72552,21474,"Bedford, NS",geonames,5897321
Fort St. John,BC,-120.85292,56.24988,21465,"Fort St. John, BC",geonames,5955960
Albertville,AL,-86.20878,34.26783,21462,"Albertville, AL",geonames,4829791
Masatepe,NI,-86.14458,11.91445,21452,"Masatepe, NI",geonames,3617725
Aguilares,SV,-89.18972,13.95722,21445,"Aguilares, SV",geonames,3587428
Stoneham,MA,-71.0995,42.4801,21437,"Stoneham, MA",geonames,4952121
Basking Ridge,NJ,-74.54932,40.70621,21424,"Basking Ridge, NJ",geonames,5095409
Perrysburg,OH,-83.62716,41.557,21423,"Perrysburg, OH",geonames,5166516
Erie,CO,-105.04998,40.05026,21420,"Erie, CO",geonames,5576859
Atoyac de Alvarez,GR,-100.43306,17.20667,21407,"Atoyac de Alvarez, GR",geonames,4017984
Clinton,UT,-112.0505,41.13967,21399,"Clinton, UT",geonames,5773001
Evans,CO,-104.69219,40.37637,21383,"Evans, CO",geonames,5576909
Mandan,ND,-100.88958,46.82666,21382,"Mandan, ND",geonames,5690366
Winchester,MA,-71.137,42.45232,21374,"Winchester, MA",geonames,4955884
Fortin de las Flores,VE,-97.0,18.90806,21370,"Fortin de las Flores, VE",geonames,3527596
Okemos,MI,-84.42747,42.72226,21369,"Okemos, MI",geonames,5004359
Arnold,MO,-90.37762,38.43283,21357,"Arnold, MO",geonames,4375087
East Moline,IL,-90.4443,41.50087,21350,"East Moline, IL",geonames,4890536
Owen Sound,ON,-80.94349,44.56717,21341,"Owen Sound, ON",geonames,6095645
West Pensacola,FL,-87.27969,30.42659,21339,"West Pensacola, FL",geonames,4177908
Kinston,NC,-77.58164,35.26266,21337,"Kinston, NC",geonames,4474436
Terrier Rouge,HT,-71.95483,19.63634,21328,Terrier Rouge,geonames,3716737
Shelbyville,TN,-86.46027,35.48341,21317,"Shelbyville, TN",geonames,4657077
Marquette,MI,-87.3954,46.5436,21295,"Marquette, MI",curated,
Fairfield Heights,IN,-86.38224,39.82861,21285,"Fairfield Heights, IN",geonames,8347326
Biddeford,ME,-70.45338,43.49258,21282,"Biddeford, ME",geonames,4958141
Golden Valley,MN,-93.34912,45.00969,21270,"Golden Valley, MN",geonames,5028163
Canyon Lake,TX,-98.26251,29.87522,21262,"Canyon Lake, TX",geonames,4678901
Conda,ID,-111.53245,42.72825,21260,"Conda, ID",geonames,5589394
Oxford,AL,-85.83496,33.61427,21249,"Oxford, AL",geonames,4081914
Patzicia,GUA,-90.92659,14.63194,21249,Patzicia,geonames,3591523
South Milwaukee,WI,-87.86064,42.91057,21233,"South Milwaukee, WI",geonames,5273812
Marina,CA,-121.80217,36.6844,21229,"Marina, CA",geonames,5370493
Mukilteo,WA,-122.30458,47.94454,21226,"Mukilteo, WA",geonames,5804306
Rancho San Diego,CA,-116.9353,32.74727,21208,"Rancho San Diego, CA",geonames,5386053
Iriona,HN,-85.09323,15.96777,21207,"Iriona, HN",geonames,3608822
Charleston,IL,-88.17615,39.49615,21196,"Charleston, IL",geonames,4235668
Bedford,NH,-71.5159,42.94647,21188,"Bedford, NH",geonames,5083221
Romita,GT,-101.517,20.87208,21176,"Romita, GT",geonames,3988462
Uxbridge,ON,-79.11628,44.10012,21176,"Uxbridge, ON",geonames,6172932
Pleasant Plains,DC,-77.03025,38.93067,21174,Washington D.C.,geonames,4140040
Jimaguayu,CU,-77.82574,21.24194,21169,Jimaguayu,geonames,3754915
Cauto Cristo,CU,-76.47273,20.55711,21159,Cauto Cristo,geonames,3564885
Addison,VT,-73.1672,44.0143,21156,"Addison, VT",curated,
Carrboro,NC,-79.07529,35.91014,21156,"Carrboro, NC",geonames,4459343
Crest Hill,IL,-88.09867,41.55475,21153,"Crest Hill, IL",geonames,4889107
Saint Andrews,SC,-81.101,34.043,21151,"Saint Andrews, SC",geonames,4593724
San Jose de Ocoa,DO,-70.50692,18.54685,21148,San Jose de Ocoa,geonames,3493100
Hays,KS,-99.3268,38.8792,21116,"Hays, KS",curated,
Ashland,KY,-82.63794,38.47841,21108,Ashland,geonames,4282757
Puente de Ixtla,MO,-99.31806,18.61472,21098,"Puente de Ixtla, MO",geonames,3521051
'Ewa Beach-Iroquois Point,HI,-157.99133,21.31532,21088,"'Ewa Beach-Iroquois Point, HI",geonames,13645935
San Pedro Totoltepec,EM,-99.57197,19.31108,21076,"San Pedro Totoltepec, EM",geonames,3827255
Mililani Mauka,HI,-157.99452,21.47793,21075,"Mililani Mauka, HI",geonames,13645942
Xoxocotla,MO,-99.24577,18.68415,21074,"Xoxocotla, MO",geonames,3514398
Ferguson,MO,-90.30539,38.74422,21059,"Ferguson, MO",geonames,4386387
Bayaguana,DO,-69.63525,18.75031,21055,Bayaguana,geonames,3511626
Conway,SC,-79.04781,33.836,21053,"Conway, SC",geonames,4575461
Lino Lakes,MN,-93.08883,45.16024,21050,"Lino Lakes, MN",geonames,5034767
West Lake Stevens,WA,-122.1018,47.99343,21047,"West Lake Stevens, WA",geonames,5815539
New Hope,MN,-93.38662,45.03802,21032,"New Hope, MN",geonames,5039094
Palm River-Clair Mel,FL,-82.37939,27.92386,21024,"Palm River-Clair Mel, FL",geonames,7260548
Trussville,AL,-86.60888,33.61983,21023,"Trussville, AL",geonames,4094212
Esquias,HN,-87.3712,14.74392,21009,"Esquias, HN",geonames,3609742
Laventille,TT,-61.49889,10.64917,21000,Laventille,geonames,3574309
Corinth,TX,-97.06473,33.15401,20998,"Corinth, TX",geonames,4683317
Varennes,QC,-73.43246,45.68338,20994,"Varennes, QC",geonames,6173508
Mountlake Terrace,WA,-122.30874,47.78815,20989,"Mountlake Terrace, WA",geonames,5804191
Chester,VA,-77.44165,37.35682,20987,"Chester, VA",geonames,4752229
Nixa,MO,-93.29435,37.04339,20984,"Nixa, MO",geonames,4400648
East Ridge,TN,-85.2519,35.01424,20979,"East Ridge, TN",geonames,4620131
Makakilo-Makaiwa Hills-Kunia,HI,-158.07326,21.36676,20967,"Makakilo-Makaiwa Hills-Kunia, HI",geonames,13645940
Langue,HN,-87.6525,13.62083,20944,"Langue, HN",geonames,3607294
El Grullo,JA,-104.21626,19.80665,20924,"El Grullo, JA",geonames,4009697
Acajete,PU,-97.95231,19.11154,20923,"Acajete, PU",geonames,3533486
Plainview,TX,-101.70684,34.18479,20919,"Plainview, TX",geonames,5528450
Agoura Hills,CA,-118.77453,34.13639,20915,"Agoura Hills, CA",geonames,5322553
Grayslake,IL,-88.04175,42.34447,20915,"Grayslake, IL",geonames,4894465
Acton,MA,-71.43284,42.48509,20897,"Acton, MA",geonames,4928703
Sanford,ME,-70.77422,43.43925,20893,"Sanford, ME",geonames,4977762
Silver Firs,WA,-122.1551,47.86602,20891,"Silver Firs, WA",geonames,7176035
Hauppauge,NY,-73.20261,40.82565,20882,"Hauppauge, NY",geonames,5120228
Kihei,HI,-156.44578,20.76462,20881,"Kihei, HI",geonames,5849297
South El Monte,CA,-118.04673,34.05195,20878,"South El Monte, CA",geonames,5397376
Arvin,CA,-118.82843,35.20913,20876,"Arvin, CA",geonames,5324903
San Rafael,EM,-98.75636,19.20959,20873,"San Rafael, EM",geonames,3517917
Johnston,IA,-93.69772,41.67304,20871,"Johnston, IA",geonames,4862760
Gardner,KS,-94.92719,38.81084,20868,"Gardner, KS",geonames,4271935
Lathrop,CA,-121.27661,37.8227,20866,"Lathrop, CA",geonames,5365425
Minas,CU,-77.6094,21.48764,20863,Minas,geonames,3546894
Ashland,OR,-122.70948,42.19458,20861,"Ashland, OR",geonames,5711789
Sidney,OH,-84.1555,40.28422,20858,"Sidney, OH",geonames,5172078
Birmingham,MI,-83.21132,42.5467,20857,"Birmingham, MI",geonames,4986172
Sweetwater,FL,-80.37311,25.76343,20840,"Sweetwater, FL",geonames,4174600
Bandariba,CW,-68.83092,12.09257,20838,Bandariba,geonames,13308487
Milwaukie,OR,-122.63926,45.44623,20830,"Milwaukie, OR",geonames,5740900
East Millcreek,UT,-111.81049,40.69995,20816,"East Millcreek, UT",geonames,5774301
Grand Island,NY,-78.96254,43.03311,20813,"Grand Island, NY",geonames,5119019
Nandaime,NI,-86.05286,11.75696,20810,"Nandaime, NI",geonames,3617513
Union City,GA,-84.54243,33.58706,20805,"Union City, GA",geonames,4227777
Woodlawn,VA,-77.13276,38.71678,20804,"Woodlawn, VA",geonames,4794531
Clarence-Rockland,ON,-75.29101,45.5501,20790,"Clarence-Rockland, ON",geonames,5923101
Piqua,OH,-84.24244,40.14477,20790,"Piqua, OH",geonames,5166819
Las Margaritas,CS,-91.98224,16.31281,20786,"Las Margaritas, CS",geonames,3524744
Lomita,CA,-118.31507,33.79224,20785,"Lomita, CA",geonames,5367767
Cockeysville,MD,-76.64386,39.48122,20776,"Cockeysville, MD",geonames,4351887
Fergus,ON,-80.37761,43.70604,20767,"Fergus, ON",geonames,7871320
Easley,SC,-82.60152,34.82984,20765,"Easley, SC",geonames,4577263
Capulhuac de Mirafuentes,EM,-99.46585,19.19354,20757,"Capulhuac de Mirafuentes, EM",geonames,3531598
Pleasantville,NJ,-74.52404,39.38984,20755,"Pleasantville, NJ",geonames,4503646
Palisades Park,NJ,-73.99764,40.84816,20743,"Palisades Park, NJ",geonames,5102369
Jenks,OK,-95.96833,36.02287,20740,"Jenks, OK",geonames,4539615
Latham,NY,-73.75901,42.74702,20736,"Latham, NY",geonames,5124045
Simpsonville,SC,-82.25428,34.73706,20736,"Simpsonville, SC",geonames,4595864
Darien,CT,-73.46929,41.07871,20732,"Darien, CT",geonames,4832425
Pleasant Prairie,WI,-87.93341,42.55308,20726,"Pleasant Prairie, WI",geonames,5267403
San Lucas Sacatepequez,GUA,-90.65681,14.61075,20723,San Lucas Sacatepequez,geonames,3589852
Port Alberni,BC,-124.8028,49.24133,20712,"Port Alberni, BC",geonames,6111632
Ancon,PA,-79.5514,8.96015,20706,"Ancon, PA",geonames,3714734
NoMa,DC,-77.00598,38.90372,20700,Washington D.C.,geonames,13526897
Allende,CO,-100.85111,28.34124,20694,"Allende, CO",geonames,4018761
Adrian,MI,-84.03717,41.89755,20691,"Adrian, MI",geonames,4983811
Chambersburg,PA,-77.6611,39.93759,20691,"Chambersburg, PA",geonames,4557109
Mountain Brook,AL,-86.75221,33.50094,20691,"Mountain Brook, AL",geonames,4078646
Piscataquis,ME,-69.2276,45.1835,20682,"Piscataquis, ME",curated,
Xonacatlan,EM,-99.52807,19.40513,20680,"Xonacatlan, EM",geonames,3514409
West Melbourne,FL,-80.65339,28.07168,20679,"West Melbourne, FL",geonames,4177872
Wasaga Beach,ON,-80.01637,44.5168,20675,"Wasaga Beach, ON",geonames,6176421
Esquipulas,GUA,-89.35166,14.56571,20674,Esquipulas,geonames,3595783
Linstead,JM,-77.03171,18.13683,20660,Linstead,geonames,3489760
Rotterdam,NY,-73.97096,42.78702,20652,"Rotterdam, NY",geonames,5134453
Lakeside,CA,-116.92225,32.85727,20648,"Lakeside, CA",geonames,5364782
Kalihi Valley,HI,-157.84294,21.36373,20647,"Kalihi Valley, HI",geonames,9534958
Bethany,OR,-122.8676,45.55789,20646,"Bethany, OR",geonames,5713759
Lake Worth Corridor,FL,-80.10102,26.61649,20635,"Lake Worth Corridor, FL",geonames,4161424
Winter Gardens,CA,-116.93336,32.83116,20631,"Winter Gardens, CA",geonames,5410129
Lockport,NY,-78.69031,43.17061,20624,"Lockport, NY",geonames,5125011
Lebanon,OH,-84.20299,39.43534,20623,"Lebanon, OH",geonames,4516412
Wade Hampton,SC,-82.33317,34.90373,20622,"Wade Hampton, SC",geonames,4599937
Murphy,TX,-96.61305,33.01512,20610,"Murphy, TX",geonames,4713507
Coralville,IA,-91.58045,41.6764,20608,"Coralville, IA",geonames,4852640
Ensley,FL,-87.27275,30.51881,20602,"Ensley, FL",geonames,4154489
Riverview,NB,-64.81597,46.05455,20584,"Riverview, NB",geonames,6122758
Sapulpa,OK,-96.11417,35.9987,20579,"Sapulpa, OK",geonames,4550881
Elko,NV,-115.7631,40.8324,20564,"Elko, NV",curated,
American Canyon,CA,-122.2608,38.17492,20554,"American Canyon, CA",geonames,5323694
South San Jose Hills,CA,-117.90478,34.01279,20551,"South San Jose Hills, CA",geonames,5397777
Belton,TX,-97.46445,31.05601,20547,"Belton, TX",geonames,4673425
Agoura,CA,-118.73787,34.14306,20537,"Agoura, CA",geonames,5322551
Bayville,NJ,-74.15486,39.90929,20512,"Bayville, NJ",geonames,4500688
Westmount,QC,-73.59918,45.48341,20494,"Westmount, QC",geonames,6179226
Kirkland,QC,-73.86586,45.45008,20491,"Kirkland, QC",geonames,5992830
El Estor,GUA,-89.33111,15.53221,20489,El Estor,geonames,3597078
Arbutus,MD,-76.69997,39.25455,20483,"Arbutus, MD",geonames,4347371
Hammond,LA,-90.46293,30.50463,20480,"Hammond, LA",geonames,4326868
San Buenaventura,CO,-101.54891,27.06193,20480,"San Buenaventura, CO",geonames,3987500
Flores,GUA,-89.89941,16.92258,20464,Flores,geonames,3595725
Jaral del Progreso,GT,-101.06419,20.37205,20457,"Jaral del Progreso, GT",geonames,4004092
Rama,NI,-84.21952,12.15965,20456,"Rama, NI",geonames,3617095
Schofield-Wheeler,HI,-158.04681,21.48394,20452,"Schofield-Wheeler, HI",geonames,13645944
Libertyville,IL,-87.95313,42.28308,20436,"Libertyville, IL",geonames,4899739
San Pablo Jocopilas,GUA,-91.45188,14.58882,20433,San Pablo Jocopilas,geonames,3589671
Terrazas del Valle,BC,-116.82667,32.4875,20421,"Terrazas del Valle, BC",geonames,8858106
Pittsburg,KS,-94.70496,37.41088,20409,"Pittsburg, KS",geonames,4277241
Portsmouth,OH,-82.99767,38.73174,20409,"Portsmouth, OH",geonames,4521816
Camrose,AB,-112.83525,53.01684,20405,"Camrose, AB",geonames,5914653
Granite Bay,CA,-121.16384,38.76323,20402,"Granite Bay, CA",geonames,5353530
Elizabeth City,NC,-76.2204,36.301,20400,"Elizabeth City, NC",curated,
Stephenville,TX,-98.2045,32.2201,20400,"Stephenville, TX",curated,
Charlestown,MA,-71.062,42.37787,20397,"Charlestown, MA",geonames,4932819
Louisville,CO,-105.13193,39.97776,20396,"Louisville, CO",geonames,5429522
Cojimar,CU,-82.30116,23.16481,20390,Cojimar,geonames,3563908
Sensuntepeque,SV,-88.62727,13.87583,20386,"Sensuntepeque, SV",geonames,3583158
Northfield,MN,-93.1616,44.4583,20380,"Northfield, MN",geonames,5039675
Sainte-Marie,MQ,-60.99227,14.78352,20380,Sainte-Marie,geonames,3569926
Rocky River,OH,-81.8393,41.4756,20376,"Rocky River, OH",geonames,5168491
Raymore,MO,-94.45273,38.80195,20374,"Raymore, MO",geonames,4405180
Middletown,DE,-75.71632,39.44956,20372,"Middletown, DE",geonames,4143637
Havelock,NC,-76.90133,34.87905,20364,"Havelock, NC",geonames,4470244
Lindsay,ON,-78.73286,44.35012,20354,"Lindsay, ON",geonames,6054350
Cofradia,HN,-88.15,15.4,20353,"Cofradia, HN",geonames,3613394
Harvey,LA,-90.07729,29.90354,20348,"Harvey, LA",geonames,4327047
Yellowknife,NT,-114.3718,62.454,20340,"Yellowknife, NT",curated,
Gardner,MA,-71.99813,42.57509,20333,"Gardner, MA",geonames,4937557
Golden,CO,-105.2211,39.75554,20330,"Golden, CO",geonames,5423294
Santa Anita,JA,-103.4435,20.55005,20320,"Santa Anita, JA",geonames,3984679
Cartersville,GA,-84.80231,34.16533,20319,"Cartersville, GA",geonames,4186531
Ashland,OH,-82.31822,40.86867,20317,"Ashland, OH",geonames,5146055
Somoto,NI,-86.58229,13.4841,20316,"Somoto, NI",geonames,3616232
Oakleaf Plantation,FL,-81.83549,30.17083,20315,"Oakleaf Plantation, FL",geonames,7315237
Affton,MO,-90.33317,38.55061,20307,"Affton, MO",geonames,4374513
Canas,CR,-85.09825,10.43105,20306,"Canas, CR",geonames,3624468
Ramona,CA,-116.86808,33.04171,20292,"Ramona, CA",geonames,5385793
Montrose,CO,-107.8762,38.4783,20291,"Montrose, CO",curated,
Alcalde Diaz,PA,-79.55667,9.12273,20285,"Alcalde Diaz, PA",geonames,3714932
Elmwood Park,NJ,-74.11848,40.90399,20279,"Elmwood Park, NJ",geonames,5097627
Esmeralda,CU,-78.11694,21.85207,20274,Esmeralda,geonames,3559318
Nueva Gerona,CU,-82.80662,21.88759,20264,Nueva Gerona,geonames,3545867
Nogales,AZ,-110.93425,31.34038,20252,"Nogales, AZ",geonames,5306611
La Canada Flintridge,CA,-118.18785,34.19917,20246,"La Canada Flintridge, CA",geonames,5363859
Parma Heights,OH,-81.75958,41.39005,20246,"Parma Heights, OH",geonames,5166184
Mustang,OK,-97.72449,35.38423,20226,"Mustang, OK",geonames,4543352
Rose Hill,VA,-77.11276,38.78872,20226,"Rose Hill, VA",geonames,4782864
East Northport,NY,-73.32456,40.87676,20217,"East Northport, NY",geonames,5115989
Azacualpa,HN,-88.0901,14.71218,20210,"Azacualpa, HN",geonames,3614975
Jaruco,CU,-82.00919,23.044,20207,Jaruco,geonames,3556351
Glen Avon,CA,-117.48477,34.01168,20199,"Glen Avon, CA",geonames,5352350
San Antonio de la Cal,OA,-96.70094,17.02921,20198,"San Antonio de la Cal, OA",geonames,3526138
Sainte-Rose,GP,-61.6969,16.33264,20192,Sainte-Rose,geonames,3578447
Shelby,NC,-81.53565,35.29235,20189,"Shelby, NC",geonames,4491180
Sulphur,LA,-93.37738,30.23659,20189,"Sulphur, LA",geonames,4342816
Montville Center,CT,-72.15119,41.47899,20180,"Montville Center, CT",geonames,4838887
Ferndale,MI,-83.13465,42.46059,20177,"Ferndale, MI",geonames,4992635
King George's,VA,-77.1805,38.2664,20163,"King George's, VA",curated,
South Saint Paul,MN,-93.03494,44.89274,20160,"South Saint Paul, MN",geonames,5048033
Lynn Haven,FL,-85.64826,30.24548,20156,"Lynn Haven, FL",geonames,4163049
Lake Ronkonkoma,NY,-73.13122,40.8351,20155,"Lake Ronkonkoma, NY",geonames,5123840
Rio Grande,DO,-70.76667,19.66667,20154,Rio Grande,geonames,3493769
Millburn,NJ,-74.30404,40.72482,20149,"Millburn, NJ",geonames,6332745
Lexington,SC,-81.23621,33.98154,20138,"Lexington, SC",geonames,4585000
Murrysville,PA,-79.69755,40.4284,20134,"Murrysville, PA",geonames,5202765
La Orilla,MI,-102.22694,17.99583,20126,"La Orilla, MI",geonames,4001056
Oregon,OH,-83.48688,41.64366,20102,"Oregon, OH",geonames,5165734
Eastmont,WA,-122.18154,47.8974,20101,"Eastmont, WA",geonames,7315412
Colombia,CU,-77.42555,20.98553,20096,Colombia,geonames,3563856
Mezcales,NA,-105.283,20.73039,20092,"Mezcales, NA",geonames,3996030
Monroe,MI,-83.39771,41.91643,20092,"Monroe, MI",geonames,5002344
Coconut Grove,FL,-80.25699,25.7126,20076,"Coconut Grove, FL",geonames,4151460
West Mifflin,PA,-79.86644,40.3634,20075,"West Mifflin, PA",geonames,5218802
Naranjos,VE,-97.68656,21.35087,20073,"Naranjos, VE",geonames,3522804
Cranbrook,BC,-115.76879,49.49991,20047,"Cranbrook, BC",geonames,5931800
Mill Creek,WA,-122.2043,47.8601,20043,"Mill Creek, WA",geonames,5803457
Pace,FL,-87.16108,30.59936,20039,"Pace, FL",geonames,4167424
Miamisburg,OH,-84.28661,39.64284,20034,"Miamisburg, OH",geonames,4518188
Emiliano Zapata,TB,-91.76635,17.74058,20030,"Emiliano Zapata, TB",geonames,3527880
Palm Valley,FL,-81.38758,30.17746,20019,"Palm Valley, FL",geonames,4167601
Rolla,MO,-91.77127,37.95143,20019,"Rolla, MO",geonames,4406282
Tukwila,WA,-122.26096,47.47399,20018,"Tukwila, WA",geonames,5814043
Castries,LC,-61.00614,13.9957,20000,Castries,geonames,3576812
New Caney,TX,-95.21132,30.15522,20000,"New Caney, TX",geonames,4714149
Varadero,CU,-81.24441,23.15678,20000,Varadero,geonames,3534632
DeBary,FL,-81.30868,28.88305,19998,"DeBary, FL",geonames,4152926
Ciudad Miguel Aleman,TM,-99.02857,26.39823,19997,"Ciudad Miguel Aleman, TM",geonames,3530590
Lyndhurst,NJ,-74.12431,40.81204,19996,"Lyndhurst, NJ",geonames,5100706
Germantown,WI,-88.11037,43.22862,19993,"Germantown, WI",geonames,5254218
Lake Zurich,IL,-88.09341,42.19697,19993,"Lake Zurich, IL",geonames,4899170
Fomento,CU,-79.71984,22.10349,19991,Fomento,geonames,3558744
Bryant,AR,-92.48905,34.59593,19986,"Bryant, AR",geonames,4103448
Eustis,FL,-81.68535,28.85277,19986,"Eustis, FL",geonames,4154606
Universal City,TX,-98.29112,29.54801,19986,"Universal City, TX",geonames,4738574
Newburg,KY,-85.65968,38.16007,19967,Newburg,geonames,4302504
Port Angeles,WA,-123.4307,48.1181,19960,"Port Angeles, WA",curated,
Socastee,SC,-78.99837,33.6835,19952,"Socastee, SC",geonames,4596208
Ypsilanti,MI,-83.61299,42.24115,19945,"Ypsilanti, MI",geonames,5015688
North Bellmore,NY,-73.53346,40.69149,19941,"North Bellmore, NY",geonames,5128904
Hayesville,OR,-122.98287,44.98595,19936,"Hayesville, OR",geonames,5730675
King of Prussia,PA,-75.39602,40.08927,19936,"King of Prussia, PA",geonames,5196220
Cortlandt Manor,NY,-73.87164,41.28,19929,"Cortlandt Manor, NY",geonames,11811570
Warrensburg,MO,-93.73605,38.76279,19927,"Warrensburg, MO",geonames,4413595
Mokena,IL,-87.88922,41.52614,19923,"Mokena, IL",geonames,4902475
Norwood,OH,-84.45966,39.15561,19915,"Norwood, OH",geonames,4519995
Bonney Lake,WA,-122.18651,47.17705,19903,"Bonney Lake, WA",geonames,5787776
Dickinson,TX,-95.05132,29.46079,19895,"Dickinson, TX",geonames,4686163
Clifton,CO,-108.44898,39.09193,19889,"Clifton, CO",geonames,5417258
Saint-Lazare,QC,-74.13256,45.40008,19889,"Saint-Lazare, QC",geonames,6138617
Lealman,FL,-82.67927,27.82114,19879,"Lealman, FL",geonames,4161705
Waikiki,HI,-157.83594,21.2855,19862,"Waikiki, HI",geonames,5854380
Hermosa Beach,CA,-118.39952,33.86224,19860,"Hermosa Beach, CA",geonames,5356521
L'Ile-Bizard-Sainte-Genevieve,QC,-73.8956,45.49391,19857,"L'Ile-Bizard-Sainte-Genevieve, QC",geonames,12626120
Selden,NY,-73.03566,40.86649,19851,"Selden, NY",geonames,5137600
Clemmons,NC,-80.382,36.02153,19844,"Clemmons, NC",geonames,4461015
West Chester,PA,-75.60804,39.96097,19842,"West Chester, PA",geonames,4562144
Evergreen Park,IL,-87.70172,41.72059,19841,"Evergreen Park, IL",geonames,4891431
Plattsburgh,NY,-73.4529,44.6995,19841,"Plattsburgh, NY",curated,
Southbury,CT,-73.21317,41.48148,19836,"Southbury, CT",geonames,4843362
Bahia Honda,CU,-83.15994,22.90333,19834,Bahia Honda,geonames,3567995
Cunduacan,TB,-93.17302,18.06557,19824,"Cunduacan, TB",geonames,3529886
Yorito,HN,-87.28333,15.06667,19824,"Yorito, HN",geonames,3600199
Capesterre-Belle-Eau,GP,-61.56425,16.04495,19821,Capesterre-Belle-Eau,geonames,3579585
Peto,YU,-88.92302,20.1261,19821,"Peto, YU",geonames,3521596
Baldwin,PA,-79.97894,40.33813,19819,"Baldwin, PA",geonames,5178940
Huntsville,ON,-79.21632,45.33341,19816,"Huntsville, ON",geonames,5978765
Florencia,CU,-78.97221,22.14594,19811,Florencia,geonames,3558792
Marblehead,MA,-70.85783,42.5001,19808,"Marblehead, MA",geonames,4943097
Norton,MA,-71.18699,41.96677,19808,"Norton, MA",geonames,4945911
North Salt Lake,UT,-111.90688,40.84856,19796,"North Salt Lake, UT",geonames,5779068
Sand Springs,OK,-96.10889,36.13981,19783,"Sand Springs, OK",geonames,4550659
Painesville,OH,-81.24566,41.72449,19776,"Painesville, OH",geonames,5166009
Diamond Head / Kapahulu / Saint Louis Heights,HI,-157.81127,21.27697,19769,"Diamond Head / Kapahulu / Saint Louis Heights, HI",geonames,5848322
Greenfield,MA,-72.59953,42.58759,19753,"Greenfield, MA",geonames,4938378
Pickerington,OH,-82.7535,39.88423,19745,"Pickerington, OH",geonames,4521209
Calvillo,AG,-102.71881,21.84591,19742,Calvillo,geonames,4016086
New Canaan,CT,-73.49484,41.14676,19738,"New Canaan, CT",geonames,4839319
Albany,CA,-122.29775,37.88687,19735,"Albany, CA",geonames,5322850
Snellville,GA,-84.01991,33.85733,19733,"Snellville, GA",geonames,4223413
Altotonga,VE,-97.24514,19.76613,19722,"Altotonga, VE",geonames,3532969
Sparta,NJ,-74.63849,41.03343,19722,"Sparta, NJ",geonames,5104882
Columbia Heights,MN,-93.263,45.0408,19715,"Columbia Heights, MN",geonames,5021828
Holtsville,NY,-73.04511,40.81538,19714,"Holtsville, NY",geonames,5121163
La Ermita,GT,-101.73306,21.15194,19703,"La Ermita, GT",geonames,8858107
Salmon Creek,WA,-122.64899,45.71067,19686,"Salmon Creek, WA",geonames,5809333
Le Francois,MQ,-60.90311,14.61513,19682,Le Francois,geonames,3570429
San Cristobal Verapaz,GUA,-90.47825,15.36663,19664,San Cristobal Verapaz,geonames,3590316
La Crescenta-Montrose,CA,-118.23529,34.23216,19653,"La Crescenta-Montrose, CA",geonames,7261553
Spanish Lake,MO,-90.21594,38.78783,19650,"Spanish Lake, MO",geonames,4409591
Banderilla,VE,-96.93727,19.58893,19649,"Banderilla, VE",geonames,3532414
Jatibonico,CU,-79.16745,21.94332,19644,Jatibonico,geonames,3556334
Willmar,MN,-95.04334,45.12191,19638,"Willmar, MN",geonames,5052916
Tysons,VA,-77.23109,38.91872,19627,"Tysons, VA",geonames,4790534
Forest Lake,MN,-92.98522,45.27886,19618,"Forest Lake, MN",geonames,5027117
Chignahuapan,PU,-98.03171,19.83866,19608,"Chignahuapan, PU",geonames,3530908
San Juan Zitlaltepec,EM,-99.14526,19.81207,19600,"San Juan Zitlaltepec, EM",geonames,3518593
Bethany,OK,-97.63226,35.51867,19589,"Bethany, OK",geonames,4530372
Montclair,VA,-77.33971,38.61095,19570,"Montclair, VA",geonames,4773677
Lynbrook,NY,-73.6718,40.65483,19558,"Lynbrook, NY",geonames,5125523
Orchards,WA,-122.56093,45.66651,19556,"Orchards, WA",geonames,5805815
Payson,UT,-111.73215,40.0444,19548,"Payson, UT",geonames,5779548
West Saint Paul,MN,-93.10161,44.91608,19540,"West Saint Paul, MN",geonames,5052467
Madisonville,KY,-87.49889,37.3281,19539,Madisonville,geonames,4299670
Ives Estates,FL,-80.17671,25.96231,19525,"Ives Estates, FL",geonames,4159896
Selma,AL,-87.0211,32.40736,19519,"Selma, AL",geonames,4089114
Papillion,NE,-96.04224,41.15444,19510,"Papillion, NE",geonames,5074792
Montgomery,IL,-88.3459,41.73058,19489,"Montgomery, IL",geonames,4902559
Badger,AK,-147.53333,64.8,19482,"Badger, AK",geonames,5879898
Seymour,IN,-85.89025,38.95922,19478,"Seymour, IN",geonames,4264617
Lake Shore,MD,-76.48496,39.10705,19477,"Lake Shore, MD",geonames,4360201
McKeesport,PA,-79.86422,40.34785,19453,"McKeesport, PA",geonames,5200499
Pinecrest,FL,-80.30811,25.66705,19452,"Pinecrest, FL",geonames,4168590
Weirton Heights,WV,-80.53924,40.4084,19450,"Weirton Heights, WV",geonames,5280822
Terrace,BC,-128.60345,54.51634,19443,"Terrace, BC",geonames,6162949
North Battleford,SK,-108.2967,52.77972,19440,"North Battleford, SK",geonames,6089404
Hazel Dell,WA,-122.66288,45.67151,19435,"Hazel Dell, WA",geonames,5796984
Salcaja,GUA,-91.45699,14.87964,19434,Salcaja,geonames,3590605
Salmon Arm,BC,-119.26907,50.69981,19432,"Salmon Arm, BC",geonames,6139417
Angleton,TX,-95.43188,29.16941,19429,"Angleton, TX",geonames,4670866
Fernley,NV,-119.25183,39.60797,19418,"Fernley, NV",geonames,5504003
Lomas del Sur,JA,-103.4175,20.4925,19413,"Lomas del Sur, JA",geonames,8858108
Alice,TX,-98.06972,27.75225,19408,"Alice, TX",geonames,4670234
Lake Forest,IL,-87.84063,42.25863,19408,"Lake Forest, IL",geonames,4899012
Battle Ground,WA,-122.53343,45.78095,19407,"Battle Ground, WA",geonames,5786485
Dixon,CA,-121.8233,38.44546,19390,"Dixon, CA",geonames,5343303
Forest Park,GA,-84.36909,33.62205,19383,"Forest Park, GA",geonames,4195701
Mamaroneck,NY,-73.73263,40.94871,19375,"Mamaroneck, NY",geonames,5125738
Homewood,IL,-87.6656,41.55726,19373,"Homewood, IL",geonames,4896353
Bear,DE,-75.65826,39.62928,19371,"Bear, DE",geonames,4141363
Chalatenango,SV,-88.93951,14.04138,19364,"Chalatenango, SV",geonames,3587091
Pueblo Nuevo,DG,-105.37084,23.38359,19363,"Pueblo Nuevo, DG",geonames,4007676
Bayou Cane,LA,-90.7512,29.6241,19355,"Bayou Cane, LA",geonames,4315768
Gualan,GUA,-89.35721,15.11952,19354,Gualan,geonames,3595560
Orange,TX,-93.73655,30.09299,19347,"Orange, TX",geonames,4716805
Alsip,IL,-87.73866,41.66892,19346,"Alsip, IL",geonames,4883207
Lutz,FL,-82.46148,28.15112,19344,"Lutz, FL",geonames,4163033
Acatlan de Osorio,PU,-98.04864,18.2025,19341,"Acatlan de Osorio, PU",geonames,3533440
Green Haven,MD,-76.54774,39.13955,19326,"Green Haven, MD",geonames,4356783
Lexington,NC,-80.25338,35.82403,19326,"Lexington, NC",geonames,4475773
Corner Brook,NL,-57.95202,48.95001,19316,"Corner Brook, NL",geonames,5927969
Bellwood,IL,-87.88312,41.88142,19308,"Bellwood, IL",geonames,4884434
Clayton,NC,-78.45639,35.65071,19304,"Clayton, NC",geonames,4460943
Central Falls,RI,-71.39228,41.89066,19303,"Central Falls, RI",geonames,5221341
Sun Valley,NV,-119.77602,39.5963,19299,"Sun Valley, NV",geonames,5513307
Horizon City,TX,-106.20748,31.69261,19288,"Horizon City, TX",geonames,5523369
Sherwood,OR,-122.8401,45.35651,19283,"Sherwood, OR",geonames,5751632
Waterford,CT,-72.13597,41.3417,19281,"Waterford, CT",geonames,8480031
Orinda,CA,-122.17969,37.87715,19279,"Orinda, CA",geonames,5379678
Pinole,CA,-122.29886,38.00437,19269,"Pinole, CA",geonames,5383187
Woodbridge,NJ,-74.28459,40.5576,19265,"Woodbridge, NJ",geonames,5106529
Sun City Center,FL,-82.35176,27.71809,19258,"Sun City Center, FL",geonames,4174317
Altamont,OR,-121.73722,42.20681,19257,"Altamont, OR",geonames,5711149
Rosedale,MD,-76.51552,39.32011,19257,"Rosedale, MD",geonames,4367372
Howard,WI,-88.08816,44.5436,19250,"Howard, WI",geonames,5257029
Niu Valley,HI,-157.73706,21.2843,19250,"Niu Valley, HI",geonames,5851484
Alamo,TX,-98.12306,26.18369,19246,"Alamo, TX",geonames,4670074
Broadview Heights,OH,-81.68513,41.31394,19229,"Broadview Heights, OH",geonames,5148273
Upper Saint Clair,PA,-80.08339,40.3359,19229,"Upper Saint Clair, PA",geonames,5216895
Haslett,MI,-84.40108,42.74698,19220,"Haslett, MI",geonames,4995514
Glassboro,NJ,-75.11184,39.70289,19216,"Glassboro, NJ",geonames,4501931
Newton,KS,-97.34504,38.04668,19216,"Newton, KS",geonames,4276248
Altus,OK,-99.33398,34.63813,19214,"Altus, OK",geonames,4529292
Rodas,CU,-80.5558,22.34185,19212,Rodas,geonames,3541999
Silverdale,WA,-122.69487,47.64454,19204,"Silverdale, WA",geonames,5810490
Aberdeen,MD,-76.1643,39.512,19200,"Aberdeen, MD",curated,
Boone,NC,-81.6746,36.2168,19200,"Boone, NC",curated,
Colotlan,JA,-103.2743,22.0984,19200,"Colotlan, JA",curated,
Edmundston,NB,-68.3289,47.3637,19200,"Edmundston, NB",curated,
Hayward,WI,-91.4849,46.013,19200,"Hayward, WI",curated,
Covington,WA,-122.12216,47.35818,19197,"Covington, WA",geonames,5791159
Izalco,SV,-89.67306,13.74472,19197,"Izalco, SV",geonames,3585473
Matteson,IL,-87.7131,41.50392,19195,"Matteson, IL",geonames,4901445
Beaconsfield,QC,-73.86586,45.43341,19194,"Beaconsfield, QC",geonames,5895650
Tumwater,WA,-122.90931,47.00732,19190,"Tumwater, WA",geonames,5814095
Old Jamestown,MO,-90.28511,38.83494,19184,"Old Jamestown, MO",geonames,7315274
Corinto,NI,-87.17304,12.4825,19183,"Corinto, NI",geonames,3620269
Weirton,WV,-80.58952,40.41896,19175,"Weirton, WV",geonames,5280814
White Oak,OH,-84.59939,39.21311,19167,"White Oak, OH",geonames,4528259
Xochitepec,MO,-99.23049,18.7808,19164,"Xochitepec, MO",geonames,3514437
Corquin,HN,-88.86667,14.56667,19145,"Corquin, HN",geonames,3613171
Carlisle,PA,-77.18887,40.20148,19143,"Carlisle, PA",geonames,5183234
Metapan,SV,-89.45,14.33333,19143,"Metapan, SV",geonames,3584384
Acaponeta,NA,-105.36074,22.49046,19140,"Acaponeta, NA",geonames,4019819
Mineola,NY,-73.64068,40.74927,19139,"Mineola, NY",geonames,5127134
Shelbyville,IN,-85.77692,39.52144,19133,"Shelbyville, IN",geonames,4264688
Tullahoma,TN,-86.20943,35.36202,19128,"Tullahoma, TN",geonames,4663494
Ozark,MO,-93.20602,37.02089,19120,"Ozark, MO",geonames,4402245
Naples,FL,-81.7948,26.142,19115,"Naples, FL",curated,
Secaucus,NJ,-74.05653,40.78955,19104,"Secaucus, NJ",geonames,5104504
Jacksonville,IL,-90.22901,39.73394,19103,"Jacksonville, IL",geonames,4241704
Fairwood,WA,-122.15734,47.44843,19102,"Fairwood, WA",geonames,5794097
Madison,CT,-72.59843,41.27954,19100,"Madison, CT",geonames,4838116
Camp Springs,MD,-76.90664,38.804,19096,"Camp Springs, MD",geonames,4350288
San Rafael Oriente,SV,-88.35,13.38333,19095,"San Rafael Oriente, SV",geonames,3583379
Guapiles,CR,-83.78483,10.21682,19092,"Guapiles, CR",geonames,3623580
Jose Cardel,VE,-96.36951,19.3681,19092,"Jose Cardel, VE",geonames,3526446
Ronkonkoma,NY,-73.143,40.821,19082,"Ronkonkoma, NY",geonames,5134316
Saco,ME,-70.44283,43.50092,19078,"Saco, ME",geonames,4977222
Maple Shade,NJ,-74.99239,39.95261,19077,"Maple Shade, NJ",geonames,4502901
Cumberland,MD,-78.7625,39.6529,19075,"Cumberland, MD",curated,
Hawthorne,NJ,-74.15375,40.94926,19074,"Hawthorne, NJ",geonames,5098909
Puerto El Triunfo,SV,-88.55,13.28333,19074,"Puerto El Triunfo, SV",geonames,3584003
Durango,CO,-107.8801,37.2753,19071,"Durango, CO",curated,
East Massapequa,NY,-73.43651,40.67343,19069,"East Massapequa, NY",geonames,5115962
Fresno,TX,-95.44744,29.53885,19069,"Fresno, TX",geonames,4692400
Amherst Center,MA,-72.51925,42.37537,19065,"Amherst Center, MA",geonames,4929023
Point Fortin,TT,-61.68407,10.17411,19056,Point Fortin,geonames,3573899
Marion Oaks,FL,-82.18315,29.00859,19034,"Marion Oaks, FL",geonames,4163487
Brownwood,TX,-98.99116,31.70932,19031,"Brownwood, TX",geonames,4676798
Southbridge,MA,-72.03341,42.0751,19030,"Southbridge, MA",geonames,4951594
Monte Llano,DO,-70.59915,19.7346,19029,Monte Llano,geonames,3496150
Deerfield,IL,-87.84451,42.17114,19019,"Deerfield, IL",geonames,4889668
Castaic,CA,-118.62287,34.48888,19015,"Castaic, CA",geonames,5334799
Ennis,TX,-96.62527,32.32931,19007,"Ennis, TX",geonames,4689311
Ellensburg,WA,-120.54785,46.99651,19001,"Ellensburg, WA",geonames,5793639
Columbia City,WA,-122.2754,47.56399,19000,"Columbia City, WA",geonames,5790600
Claremore,OK,-95.61609,36.3126,18997,"Claremore, OK",geonames,4533580
Morales,GUA,-88.8407,15.47225,18994,Morales,geonames,3592362
Waukee,IA,-93.88523,41.61166,18990,"Waukee, IA",geonames,4880981
Jasmine Estates,FL,-82.6901,28.29306,18989,"Jasmine Estates, FL",geonames,4160100
Melville,NY,-73.41512,40.79343,18985,"Melville, NY",geonames,5126555
Petworth,DC,-77.02498,38.94594,18983,Washington D.C.,geonames,4140007
Dorval,QC,-73.75335,45.4473,18980,"Dorval, QC",geonames,5941925
Middleton,WI,-89.50429,43.09722,18979,"Middleton, WI",geonames,5262838
Bartow,FL,-81.84314,27.89641,18972,"Bartow, FL",geonames,4146723
Sylvania,OH,-83.71299,41.71894,18965,"Sylvania, OH",geonames,5173572
Rio Rico,AZ,-110.97648,31.47148,18962,"Rio Rico, AZ",geonames,5311433
Murray,KY,-88.31476,36.61033,18954,Murray,geonames,4302035
Arlington,WA,-122.12514,48.19871,18949,"Arlington, WA",geonames,5785868
North Druid Hills,GA,-84.31326,33.81677,18947,"North Druid Hills, GA",geonames,4212995
Brookfield,IL,-87.85173,41.82392,18944,"Brookfield, IL",geonames,4885689
Matias Romero Avendano,OA,-95.03819,16.8774,18944,"Matias Romero Avendano, OA",geonames,3523450
North Bay Shore,NY,-73.2602,40.753,18944,"North Bay Shore, NY",geonames,5128898
Mont-Royal,QC,-73.64918,45.51675,18933,"Mont-Royal, QC",geonames,6077315
Avon,CT,-72.83065,41.80982,18932,"Avon, CT",geonames,5281730
Milledgeville,GA,-83.2321,33.08014,18931,"Milledgeville, GA",geonames,4209448
Beloeil,QC,-73.20568,45.56839,18927,"Beloeil, QC",geonames,5898138
Stillwater,MN,-92.80604,45.05636,18924,"Stillwater, MN",geonames,5048814
Cortland,NY,-76.18048,42.60118,18907,"Cortland, NY",geonames,5113790
Augusta,ME,-69.7795,44.3106,18899,"Augusta, ME",curated,
Berea,OH,-81.8543,41.36616,18874,"Berea, OH",geonames,5147097
Capitol Riverfront,DC,-77.00314,38.87796,18874,Washington D.C.,geonames,13526886
Twinsburg,OH,-81.44011,41.31256,18872,"Twinsburg, OH",geonames,5174550
Wantagh,NY,-73.51013,40.68371,18871,"Wantagh, NY",geonames,5143198
Jojutla,MO,-99.18028,18.61472,18867,"Jojutla, MO",geonames,3526467
West Hempstead,NY,-73.65013,40.70482,18862,"West Hempstead, NY",geonames,5143832
Guazacapan,GUA,-90.41667,14.07417,18855,Guazacapan,geonames,3595503
Ansonia,CT,-73.079,41.34621,18854,"Ansonia, CT",geonames,5281551
Troy,AL,-85.96995,31.80877,18853,"Troy, AL",geonames,4094163
Jocotepec,JA,-103.42908,20.28566,18852,"Jocotepec, JA",geonames,4003908
Mayfield Heights,OH,-81.4579,41.51922,18840,"Mayfield Heights, OH",geonames,5162188
Laurel,MS,-89.13061,31.69405,18837,"Laurel, MS",geonames,4433039
Cuautepec de Hinojosa,HG,-98.31015,20.03557,18835,"Cuautepec de Hinojosa, HG",geonames,3529989
Syosset,NY,-73.50207,40.82621,18829,"Syosset, NY",geonames,5140402
Las Rosas,CS,-92.37063,16.36554,18817,"Las Rosas, CS",geonames,3524618
Alliston,ON,-79.86635,44.15011,18809,"Alliston, ON",geonames,5884051
Brook Park,OH,-81.80458,41.39838,18809,"Brook Park, OH",geonames,5148326
Union Hill-Novelty Hill,WA,-122.02833,47.67887,18805,"Union Hill-Novelty Hill, WA",geonames,7262428
Thorold,ON,-79.19958,43.11682,18801,"Thorold, ON",geonames,6165719
Erlanger,KY,-84.60078,39.01673,18797,Erlanger,geonames,4291255
Park View,DC,-77.02359,38.93206,18796,Washington D.C.,geonames,4139953
San Jose de Colinas,HN,-88.30186,15.04101,18791,"San Jose de Colinas, HN",geonames,3602097
South Burlington,VT,-73.17096,44.46699,18791,"South Burlington, VT",geonames,5241248
Tamazula de Gordiano,JA,-103.2514,19.68006,18787,"Tamazula de Gordiano, JA",geonames,3982567
El Paraiso,HN,-86.55,13.86667,18779,"El Paraiso, HN",geonames,3610965
Martinsburg,WV,-77.9639,39.4562,18773,"Martinsburg, WV",curated,
Niquero,CU,-77.58042,20.04592,18771,Niquero,geonames,3545981
Quispamsis,NB,-65.95127,45.42135,18768,"Quispamsis, NB",geonames,6115383
Casa de Oro-Mount Helix,CA,-116.96877,32.76397,18762,"Casa de Oro-Mount Helix, CA",geonames,7261029
Langley Park,MD,-76.98136,38.98872,18755,"Langley Park, MD",geonames,4360314
Brigham City,UT,-112.0155,41.51021,18752,"Brigham City, UT",geonames,5771960
Thomasville,GA,-83.97878,30.83658,18742,"Thomasville, GA",geonames,4226348
Sheridan,WY,-106.9562,44.7972,18737,"Sheridan, WY",curated,
Fairmont,WV,-80.14258,39.48508,18733,"Fairmont, WV",geonames,4805404
Fairhope,AL,-87.90333,30.52297,18730,"Fairhope, AL",geonames,4061234
Mission Hill,MA,-71.10845,42.33437,18722,"Mission Hill, MA",geonames,8532041
Greater Upper Marlboro,MD,-76.74827,38.83142,18720,"Greater Upper Marlboro, MD",geonames,7258671
Frederickson,WA,-122.35873,47.09621,18719,"Frederickson, WA",geonames,5795011
Lerdo de Tejada,VE,-95.51968,18.62936,18715,"Lerdo de Tejada, VE",geonames,3524391
Comalapa,CS,-92.14111,15.65995,18704,"Comalapa, CS",geonames,3527542
Iselin,NJ,-74.32237,40.57538,18695,"Iselin, NJ",geonames,5099738
Suwanee,GA,-84.0713,34.05149,18694,"Suwanee, GA",geonames,4225309
Whitehall,OH,-82.88546,39.96673,18694,"Whitehall, OH",geonames,4528291
Rutherford,NJ,-74.10681,40.82649,18690,"Rutherford, NJ",geonames,5103580
Islip,NY,-73.21039,40.72982,18689,"Islip, NY",geonames,5122413
Arcelia,GR,-100.28148,18.31847,18685,"Arcelia, GR",geonames,4018320
Forest Park,OH,-84.50411,39.29034,18676,"Forest Park, OH",geonames,4512060
Neiba,DO,-71.41894,18.4898,18670,Neiba,geonames,3495857
Westminster,MD,-76.99581,39.57538,18670,"Westminster, MD",geonames,4373238
New Glasgow,NS,-62.64863,45.58344,18665,"New Glasgow, NS",geonames,6087579
Puerto San Jose,GUA,-90.81906,13.92216,18655,Puerto San Jose,geonames,3591060
Frankfort,IL,-87.84866,41.49587,18653,"Frankfort, IL",geonames,4893037
Xico,VE,-97.00819,19.42178,18652,"Xico, VE",geonames,3514518
Niles,OH,-80.76536,41.18284,18651,"Niles, OH",geonames,5164582
Juan Aldama,CH,-105.91232,28.83778,18642,"Juan Aldama, CH",geonames,4018831
Marshfield,WI,-90.1718,44.66885,18620,"Marshfield, WI",geonames,5261969
Tillsonburg,ON,-80.72617,42.85986,18615,"Tillsonburg, ON",geonames,6166580
Lorton,VA,-77.22776,38.70428,18610,"Lorton, VA",geonames,4770714
Morristown,NJ,-74.48154,40.79677,18594,"Morristown, NJ",geonames,5101427
Hinche,HT,-72.01194,19.1409,18590,Hinche,geonames,3723841
Riviere-du-Loup,QC,-69.54243,47.82699,18586,"Riviere-du-Loup, QC",geonames,6354897
Palencia,GUA,-90.35721,14.66715,18574,Palencia,geonames,3591851
Pitt Meadows,BC,-122.68965,49.22119,18573,"Pitt Meadows, BC",geonames,6105815
Gautier,MS,-88.61169,30.38575,18570,"Gautier, MS",geonames,4427569
Bourbonnais,IL,-87.88754,41.15376,18569,"Bourbonnais, IL",geonames,4885342
Goodings Grove,IL,-87.93089,41.6292,18569,"Goodings Grove, IL",geonames,4894061
Half Way Tree,JM,-76.79928,18.01248,18552,Half Way Tree,geonames,3490165
Macomb,IL,-90.6718,40.45921,18547,"Macomb, IL",geonames,4900817
Point Pleasant,NJ,-74.06819,40.08317,18523,"Point Pleasant, NJ",geonames,5102796
Blythe,CA,-114.5964,33.6103,18517,"Blythe, CA",curated,
El Reno,OK,-97.95505,35.53227,18516,"El Reno, OK",geonames,4535783
Chowchilla,CA,-120.26018,37.123,18510,"Chowchilla, CA",geonames,5336667
Mead Valley,CA,-117.29615,33.83335,18510,"Mead Valley, CA",geonames,5371858
Santa Rosa Jauregui,QT,-100.44783,20.7421,18508,"Santa Rosa Jauregui, QT",geonames,3983820
Hyattsville,MD,-76.94553,38.95594,18501,"Hyattsville, MD",geonames,4358821
Happy Valley,OR,-122.53037,45.44679,18493,"Happy Valley, OR",geonames,5730183
Colomoncagua,HN,-88.28333,13.95,18484,"Colomoncagua, HN",geonames,3613361
Onalaska,WI,-91.23514,43.88441,18468,"Onalaska, WI",geonames,5265702
Round Lake,IL,-88.09341,42.35336,18461,"Round Lake, IL",geonames,4908236
Stafford,TX,-95.55772,29.61607,18459,"Stafford, TX",geonames,4734005
Yorkville,IL,-88.44729,41.64114,18451,"Yorkville, IL",geonames,4917298
North Ogden,UT,-111.96022,41.30716,18446,"North Ogden, UT",geonames,5779036
Winchester,KY,-84.17965,37.99008,18446,Winchester,geonames,4313697
Bensenville,IL,-87.94007,41.95503,18440,"Bensenville, IL",geonames,4884509
Forney,TX,-96.47193,32.74818,18418,"Forney, TX",geonames,4691833
Monsey,NY,-74.06848,41.11121,18412,"Monsey, NY",geonames,5127315
Johnstown,PA,-78.922,40.3267,18411,"Johnstown, PA",curated,
Gasconade,MO,-91.5177,38.4576,18410,"Gasconade, MO",curated,
Fern Creek,KY,-85.58774,38.15979,18409,Fern Creek,geonames,4291620
Guisa,CU,-76.53914,20.25606,18408,Guisa,geonames,3557332
San Jose de los Olvera,QT,-100.41511,20.55257,18406,"San Jose de los Olvera, QT",geonames,9511750
Santa Cruz del Norte,CU,-81.92262,23.15356,18402,Santa Cruz del Norte,geonames,3537845
Shenandoah,LA,-91.00094,30.4013,18399,"Shenandoah, LA",geonames,4341378
Trenton,MI,-83.17826,42.13949,18380,"Trenton, MI",geonames,5012521
Ashtabula,OH,-80.78981,41.86505,18371,"Ashtabula, OH",geonames,5146089
Natchitoches,LA,-93.08627,31.76072,18365,"Natchitoches, LA",geonames,4334720
Cudahy,WI,-87.86147,42.95974,18353,"Cudahy, WI",geonames,5249871
Dover,NJ,-74.5621,40.88399,18346,"Dover, NJ",geonames,5097315
Ottawa,IL,-88.84258,41.34559,18342,"Ottawa, IL",geonames,4905006
Shafter,CA,-119.27178,35.50051,18336,"Shafter, CA",geonames,5394842
Tlaquiltenango,MO,-99.1632,18.63429,18334,"Tlaquiltenango, MO",geonames,3515373
Midlothian,VA,-77.64916,37.50598,18320,"Midlothian, VA",geonames,4772943
Amesbury,MA,-70.93005,42.85842,18313,"Amesbury, MA",geonames,4929004
Franklin Park,IL,-87.86562,41.93531,18312,"Franklin Park, IL",geonames,4893070
Meadowbrook,VA,-77.47353,37.44882,18312,"Meadowbrook, VA",geonames,8480062
Parque Industrial Ciudad Mitras,NL,-100.44778,25.78861,18312,"Parque Industrial Ciudad Mitras, NL",geonames,8858109
Port Colborne,ON,-79.23288,42.90012,18306,"Port Colborne, ON",geonames,6111704
Punta Gorda Isles,FL,-82.07842,26.91756,18306,"Punta Gorda Isles, FL",geonames,4169455
Palestine,TX,-95.63079,31.76212,18288,"Palestine, TX",geonames,4717232
Sherrelwood,CO,-105.00137,39.83776,18287,"Sherrelwood, CO",geonames,5438567
Sagua de Tanamo,CU,-75.24119,20.5828,18282,Sagua de Tanamo,geonames,3541446
Creve Coeur,MO,-90.42262,38.66089,18276,"Creve Coeur, MO",geonames,4382837
Ballenger Creek,MD,-77.43526,39.3726,18274,"Ballenger Creek, MD",geonames,4347839
Cinco Ranch,TX,-95.758,29.73884,18274,"Cinco Ranch, TX",geonames,4681485
Milpa Alta,DF,-99.02317,19.19251,18274,"Milpa Alta, DF",geonames,3523202
Helena,AL,-86.8436,33.29622,18264,"Helena, AL",geonames,4066811
Palmer,MA,-72.32869,42.15843,18261,"Palmer, MA",geonames,4946620
Fond Parisien,HT,-71.98122,18.50547,18256,Fond Parisien,geonames,3725276
Belle Glade,FL,-80.66756,26.68451,18251,"Belle Glade, FL",geonames,4147241
Makakilo,HI,-158.08655,21.35237,18248,"Makakilo, HI",geonames,7262761
Mitras Poniente,NL,-100.42583,25.77583,18246,"Mitras Poniente, NL",geonames,8858110
Franconia,VA,-77.14637,38.78206,18245,"Franconia, VA",geonames,4759968
Santiago Ixcuintla,NA,-105.20842,21.81109,18241,"Santiago Ixcuintla, NA",geonames,3983636
Tulum,QR,-87.46325,20.21173,18233,"Tulum, QR",geonames,3515040
Eastlake,OH,-81.45039,41.65394,18232,"Eastlake, OH",geonames,5152833
Siquirres,CR,-83.50659,10.09748,18231,"Siquirres, CR",geonames,3621440
Manchester,MO,-90.50929,38.597,18229,"Manchester, MO",geonames,4396915
Cameron Park,CA,-120.98716,38.66879,18228,"Cameron Park, CA",geonames,5333282
Villa del Prado 2da Seccion,BC,-116.97167,32.42389,18226,"Villa del Prado 2da Seccion, BC",geonames,8858111
Steubenville,OH,-80.63396,40.36979,18219,"Steubenville, OH",geonames,5173048
Altepexi,PU,-97.29966,18.37035,18217,"Altepexi, PU",geonames,3532989
Springboro,OH,-84.23327,39.55228,18213,"Springboro, OH",geonames,4525304
Wallingford Center,CT,-72.81892,41.44987,18209,"Wallingford Center, CT",geonames,7257422
Lanham-Seabrook,MD,-76.85108,38.96835,18190,"Lanham-Seabrook, MD",geonames,7258832
Tiquisate,GUA,-91.36063,14.28356,18189,Tiquisate,geonames,3591093
Clark-Fulton,OH,-81.70979,41.46402,18185,"Clark-Fulton, OH",geonames,8062667
Farmington,MO,-90.42179,37.78088,18181,"Farmington, MO",geonames,4386289
Pampa,TX,-100.95987,35.53616,18177,"Pampa, TX",geonames,5527953
Zacoalco de Torres,JA,-103.56981,20.22627,18172,"Zacoalco de Torres, JA",geonames,3979822
Somerset,MA,-71.12866,41.76955,18165,"Somerset, MA",geonames,4951248
Florida Ridge,FL,-80.38672,27.58031,18164,"Florida Ridge, FL",geonames,4155726
Sulaco,HN,-87.26667,14.91667,18161,"Sulaco, HN",geonames,3601159
Five Corners,WA,-122.5751,45.68456,18159,"Five Corners, WA",geonames,5794559
Coalcoman de Vazquez Pallares,MI,-103.16,18.7775,18156,"Coalcoman de Vazquez Pallares, MI",geonames,4013669
Seminole,FL,-82.79121,27.83975,18153,"Seminole, FL",geonames,4172434
Punta Gorda,FL,-82.04537,26.92978,18150,"Punta Gorda, FL",geonames,4169452
Rosamond,CA,-118.16341,34.86414,18150,"Rosamond, CA",geonames,5388735
Bejucal,CU,-82.38875,22.92832,18123,Bejucal,geonames,3567546
Cutler,FL,-80.31061,25.6151,18117,"Cutler, FL",geonames,4152564
Mattoon,IL,-88.37283,39.48309,18113,"Mattoon, IL",geonames,4244099
Arroyo Grande,CA,-120.59073,35.11859,18108,"Arroyo Grande, CA",geonames,5324802
Anacortes,WA,-122.61267,48.5126,18103,"Anacortes, WA",geonames,5785657
Cobourg,ON,-78.16515,43.95977,18099,"Cobourg, ON",geonames,5924579
Monroe,WA,-121.97096,47.85538,18090,"Monroe, WA",geonames,5803786
Rancho Mirage,CA,-116.41279,33.73974,18083,"Rancho Mirage, CA",geonames,5386015
Limerick,PA,-75.52212,40.23093,18074,"Limerick, PA",geonames,5198034
Mililani Mauka / Launani Valley,HI,-157.98799,21.47885,18072,"Mililani Mauka / Launani Valley, HI",geonames,13100434
Wilton,CT,-73.4379,41.19537,18062,"Wilton, CT",geonames,4845871
Huntington,NY,-73.42568,40.86815,18046,"Huntington, NY",geonames,5121636
Ojus,FL,-80.1506,25.94843,18036,"Ojus, FL",geonames,4166805
Santa Fe Springs,CA,-118.08535,33.94724,18026,"Santa Fe Springs, CA",geonames,5393128
Oak Bay,BC,-123.3026,48.44964,18015,"Oak Bay, BC",geonames,6091919
Vincennes,IN,-87.52863,38.67727,18012,"Vincennes, IN",geonames,4266307
Amsterdam,NY,-74.18819,42.93869,18008,"Amsterdam, NY",geonames,5107152
San Andres Cuexcontitlan,EM,-99.62151,19.35892,18005,"San Andres Cuexcontitlan, EM",geonames,3827248
Dumont,NJ,-73.99681,40.94065,18001,"Dumont, NJ",geonames,5097357
Chichen-Itza,YU,-88.56667,20.66667,18000,"Chichen-Itza, YU",geonames,3530978
West Mahoosuc,ME,-70.7901,44.4059,18000,"West Mahoosuc, ME",curated,
Changuinola,PA,-82.52,9.43,17997,"Changuinola, PA",geonames,3712560
Hanahan,SC,-80.02203,32.91851,17997,"Hanahan, SC",geonames,4581023
Central Point,OR,-122.91643,42.37596,17995,"Central Point, OR",geonames,5718601
Stony Plain,AB,-114.00205,53.53343,17993,"Stony Plain, AB",geonames,6157536
Carlos A. Carrillo,VE,-95.75444,18.37477,17989,"Carlos A. Carrillo, VE",geonames,3531556
Highland,UT,-111.79447,40.42548,17989,"Highland, UT",geonames,5775863
Newburyport,MA,-70.87728,42.81259,17982,"Newburyport, MA",geonames,4945256
Rockland,MA,-70.91616,42.13066,17982,"Rockland, MA",geonames,4948924
Westbrook,ME,-70.37116,43.67703,17978,"Westbrook, ME",geonames,4982753
St. Marys,GA,-81.54649,30.73051,17968,"St. Marys, GA",geonames,4220629
Tres de Mayo,MO,-99.20833,18.86861,17966,"Tres de Mayo, MO",geonames,8858112
Cary,IL,-88.23814,42.21197,17965,"Cary, IL",geonames,4886738
Lackawanna,NY,-78.82337,42.82561,17965,"Lackawanna, NY",geonames,5123718
Westerly,RI,-71.82729,41.3776,17936,"Westerly, RI",geonames,5225631
Primero de Enero,CU,-78.42853,21.9455,17934,Primero de Enero,geonames,3543498
Mapastepec,CS,-92.90039,15.43358,17931,"Mapastepec, CS",geonames,3523590
Maumelle,AR,-92.40432,34.86676,17931,"Maumelle, AR",geonames,4120792
Leland,NC,-78.04471,34.25628,17924,"Leland, NC",geonames,4475622
Livingston,GUA,-88.75039,15.82826,17923,Livingston,geonames,3593376
Amos,QC,-78.11624,48.56688,17918,"Amos, QC",geonames,5884588
Jocotenango,GUA,-90.73804,14.57814,17918,Jocotenango,geonames,3595171
Wisconsin Rapids,WI,-89.81735,44.38358,17897,"Wisconsin Rapids, WI",geonames,5279436
Lenoir,NC,-81.53898,35.91402,17888,"Lenoir, NC",geonames,4475640
North Massapequa,NY,-73.46207,40.70093,17886,"North Massapequa, NY",geonames,5129134
Scarsdale,NY,-73.78458,41.0051,17885,"Scarsdale, NY",geonames,5136433
Nanuet,NY,-74.01347,41.08871,17882,"Nanuet, NY",geonames,5128266
Gretna,LA,-90.05396,29.91465,17880,"Gretna, LA",geonames,4326575
North Amityville,NY,-73.42512,40.6976,17862,"North Amityville, NY",geonames,5128884
Arcata,CA,-124.08284,40.86652,17843,"Arcata, CA",geonames,5558953
Hannibal,MO,-91.35848,39.70838,17839,"Hannibal, MO",geonames,4389418
Wahiawa,HI,-158.02464,21.50279,17821,"Wahiawa, HI",geonames,5853992
Colonial Heights,VA,-77.40726,37.26804,17820,"Colonial Heights, VA",geonames,4753671
Marion,IL,-88.93313,37.73061,17803,"Marion, IL",geonames,4243899
Colonia,NJ,-74.30209,40.57455,17795,"Colonia, NJ",geonames,5096798
Logansport,IN,-86.35667,40.75448,17793,"Logansport, IN",geonames,4922968
Oswego,NY,-76.5105,43.45535,17787,"Oswego, NY",geonames,5130081
Santa Maria Ajoloapan,EM,-98.95908,19.7636,17784,"Santa Maria Ajoloapan, EM",geonames,3817809
Linda,CA,-121.5508,39.12767,17773,"Linda, CA",geonames,5366531
Tinton Falls,NJ,-74.10042,40.30428,17772,"Tinton Falls, NJ",geonames,5105433
Godfrey,IL,-90.18678,38.9556,17759,"Godfrey, IL",geonames,4239509
Tunapuna,TT,-61.38878,10.65245,17758,Tunapuna,geonames,3573576
El Dorado,AR,-92.6663,33.2076,17756,"El Dorado, AR",curated,
Portsmouth,RI,-71.25033,41.60232,17756,"Portsmouth, RI",geonames,5224082
Susanville,CA,-120.661,40.4184,17748,"Susanville, CA",curated,
Willimantic,CT,-72.20813,41.71065,17737,"Willimantic, CT",geonames,4845823
Don Antonio,HG,-98.93472,19.87444,17736,"Don Antonio, HG",geonames,8858113
Calverton,MD,-76.93581,39.05761,17724,"Calverton, MD",geonames,4350160
Oxon Hill,MD,-76.9897,38.80345,17722,"Oxon Hill, MD",geonames,4364759
Takoma Park,MD,-77.00748,38.97789,17713,"Takoma Park, MD",geonames,4370890
Sycamore,IL,-88.68675,41.98892,17712,"Sycamore, IL",geonames,4913110
Wallingford,CT,-72.82316,41.45704,17712,"Wallingford, CT",geonames,4845056
Cocoa,FL,-80.742,28.38612,17711,"Cocoa, FL",geonames,4151440
La Concepcion,PA,-82.62393,8.51667,17698,"La Concepcion, PA",geonames,3707899
Quisqueya,DO,-69.40814,18.55542,17694,Quisqueya,geonames,3494121
Marco Island,FL,-81.71842,25.94121,17690,"Marco Island, FL",geonames,4163388
Tiffin,OH,-83.17797,41.1145,17687,"Tiffin, OH",geonames,5173930
Killarney,BS,-77.41667,25.05,17679,Killarney,geonames,3572106
Albert Lea,MN,-93.36827,43.64801,17674,"Albert Lea, MN",geonames,5016024
Golden Triangle,DC,-77.04362,38.90524,17674,Washington D.C.,geonames,13526893
Esquimalt,BC,-123.41174,48.43569,17655,"Esquimalt, BC",geonames,5949512
South Hadley,MA,-72.57453,42.25842,17652,"South Hadley, MA",geonames,4951397
Atima,HN,-88.48965,14.93253,17648,"Atima, HN",geonames,3615028
Ixtapan de la Sal,EM,-99.67671,18.84369,17640,"Ixtapan de la Sal, EM",geonames,3526681
Shaw,DC,-77.02137,38.91206,17639,Washington D.C.,geonames,4140463
Ocean Springs,MS,-88.82781,30.41131,17636,"Ocean Springs, MS",geonames,4439506
Hinsdale,IL,-87.93701,41.80086,17628,"Hinsdale, IL",geonames,4896012
Brightwood,DC,-77.02748,38.96122,17624,Washington D.C.,geonames,4137810
Santiago Momoxpan,PU,-98.26694,19.07361,17622,"Santiago Momoxpan, PU",geonames,3523061
New Castle,IN,-85.37025,39.92894,17621,"New Castle, IN",geonames,4262072
Winthrop,MA,-70.98283,42.3751,17618,"Winthrop, MA",geonames,4955993
Lindenwold,NJ,-74.99767,39.82428,17613,"Lindenwold, NJ",geonames,4502687
Bay City,TX,-95.9694,28.98276,17598,"Bay City, TX",geonames,4829307
Hopkins,MN,-93.46273,44.92496,17591,"Hopkins, MN",geonames,5030670
Allendale,MI,-85.95365,42.97225,17579,"Allendale, MI",geonames,4984029
Back Bay,MA,-71.087,42.3501,17577,"Back Bay, MA",geonames,4929532
Compostela,NA,-104.90064,21.23733,17573,"Compostela, NA",geonames,4013085
Menasha,WI,-88.4465,44.20221,17572,"Menasha, WI",geonames,5262596
Palos Hills,IL,-87.817,41.6967,17565,"Palos Hills, IL",geonames,4905263
Prunedale,CA,-121.66967,36.77579,17560,"Prunedale, CA",geonames,5385082
Culpeper,VA,-77.99666,38.47318,17557,"Culpeper, VA",geonames,4754966
Stevenson Ranch,CA,-118.57372,34.39048,17557,"Stevenson Ranch, CA",geonames,6690773
La Paz,HN,-87.67589,14.32124,17555,"La Paz, HN",geonames,3607254
South Houston,TX,-95.23549,29.66301,17544,"South Houston, TX",geonames,4733042
Heroica Ciudad de Tlaxiaco,OA,-97.68032,17.26868,17543,"Heroica Ciudad de Tlaxiaco, OA",geonames,3517285
Miramichi,NB,-65.50186,47.02895,17537,"Miramichi, NB",geonames,6075081
Kirksville,MO,-92.58325,40.19475,17520,"Kirksville, MO",geonames,5055787
Tallmadge,OH,-81.44178,41.10145,17512,"Tallmadge, OH",geonames,5173623
Niagara-on-the-Lake,ON,-79.08527,43.25655,17511,"Niagara-on-the-Lake, ON",geonames,6087905
North Babylon,NY,-73.32179,40.71649,17509,"North Babylon, NY",geonames,5128886
Axochiapan,MO,-98.75358,18.50246,17508,"Axochiapan, MO",geonames,3532545
Lafleche,QC,-73.46587,45.50008,17499,"Lafleche, QC",geonames,6047861
Progreso de Alvaro Obregon,HG,-99.18988,20.24929,17486,"Progreso de Alvaro Obregon, HG",geonames,3521103
New Philadelphia,OH,-81.44567,40.48979,17484,"New Philadelphia, OH",geonames,5164390
Sylvan Lake,AB,-114.08375,52.311,17477,"Sylvan Lake, AB",geonames,6160806
Ciudad de Huitzuco,GR,-99.33376,18.30334,17475,"Ciudad de Huitzuco, GR",geonames,3526864
Saint Matthews,KY,-85.65579,38.25285,17472,Saint Matthews,geonames,4307238
Maitland,FL,-81.36312,28.62778,17463,"Maitland, FL",geonames,4163220
Saint-Lin-Laurentides,QC,-73.76588,45.85008,17463,"Saint-Lin-Laurentides, QC",geonames,6138643
North Aurora,IL,-88.3273,41.80614,17456,"North Aurora, IL",geonames,4903818
Safety Harbor,FL,-82.69316,27.99085,17454,"Safety Harbor, FL",geonames,4170797
Valley East,ON,-80.9973,46.64499,17451,"Valley East, ON",geonames,12070764
North Canton,OH,-81.40234,40.87589,17441,"North Canton, OH",geonames,5164706
San Pedro,BZ,-87.9659,17.91598,17429,"San Pedro, BZ",geonames,3581164
Pedregal,PA,-82.42947,8.37698,17427,"Pedregal, PA",geonames,3703229
East Hemet,CA,-116.93891,33.74002,17418,"East Hemet, CA",geonames,5344942
Radford,VA,-80.57645,37.13179,17403,"Radford, VA",geonames,4780837
White Oak,MD,-76.99303,39.03983,17403,"White Oak, MD",geonames,4373449
Deux-Montagnes,QC,-73.90168,45.53455,17402,"Deux-Montagnes, QC",geonames,5938513
Huilango,EM,-99.25639,19.68056,17399,"Huilango, EM",geonames,3827588
Tillmans Corner,AL,-88.17084,30.59019,17398,"Tillmans Corner, AL",geonames,4093753
Les Coteaux,QC,-74.23254,45.28338,17396,"Les Coteaux, QC",geonames,6052788
Ducos,MQ,-60.97453,14.57529,17394,Ducos,geonames,3570785
El Asintal,GUA,-91.72744,14.59626,17388,El Asintal,geonames,3597587
Central Saanich,BC,-123.41932,48.56634,17385,"Central Saanich, BC",geonames,5919137
Detroit-Shoreway,OH,-81.72991,41.47772,17382,"Detroit-Shoreway, OH",geonames,8062662
Wilton,NY,-73.74429,43.18007,17361,"Wilton, NY",geonames,5144736
Anoka,MN,-93.38718,45.19774,17350,"Anoka, MN",geonames,5016450
East Cleveland,OH,-81.57901,41.53311,17344,"East Cleveland, OH",geonames,5152599
Sudbury,MA,-71.41617,42.38343,17343,"Sudbury, MA",geonames,4952320
Plainville,CT,-72.85816,41.67454,17328,"Plainville, CT",geonames,4840767
Poptun,GUA,-89.41694,16.33111,17320,Poptun,geonames,3591181
Ada,OK,-96.67834,34.77453,17303,"Ada, OK",geonames,4529096
Middletown,RI,-71.29144,41.54566,17303,"Middletown, RI",geonames,5223358
Tres Valles,VE,-96.13569,18.23915,17299,"Tres Valles, VE",geonames,11839902
Glassmanor,MD,-76.99859,38.819,17295,"Glassmanor, MD",geonames,4356165
South Orange,NJ,-74.26126,40.74899,17295,"South Orange, NJ",geonames,5104836
Idylwood,VA,-77.21165,38.89511,17288,"Idylwood, VA",geonames,4765553
Seabrook,MD,-76.849,38.974,17287,"Seabrook, MD",geonames,4369076
Durant,OK,-96.37082,33.99399,17286,"Durant, OK",geonames,4535414
Killingly Center,CT,-71.86924,41.83871,17282,"Killingly Center, CT",geonames,4837278
Kings Park,NY,-73.25734,40.88621,17282,"Kings Park, NY",geonames,5123456
Saint-Augustin-de-Desmaures,QC,-71.45131,46.74064,17281,"Saint-Augustin-de-Desmaures, QC",geonames,7535681
Canby,OR,-122.69259,45.2629,17271,"Canby, OR",geonames,5717758
Poplar Bluff,MO,-90.39289,36.757,17266,"Poplar Bluff, MO",geonames,4404233
San Salvador El Seco,PU,-97.64167,19.13325,17263,"San Salvador El Seco, PU",geonames,3517831
Casa Blanca,PU,-98.11889,19.04222,17262,"Casa Blanca, PU",geonames,8858116
Moraga,CA,-122.12969,37.83493,17256,"Moraga, CA",geonames,5374671
Massapequa Park,NY,-73.45512,40.68038,17232,"Massapequa Park, NY",geonames,5126187
Kuna,ID,-116.42012,43.49183,17226,"Kuna, ID",geonames,5597955
Foley,AL,-87.6836,30.40659,17218,"Foley, AL",geonames,4062644
Palmarito Tochapan,PU,-97.63833,18.90135,17213,"Palmarito Tochapan, PU",geonames,3522118
Ruskin,FL,-82.43315,27.72086,17208,"Ruskin, FL",geonames,4170688
Jamay,JA,-102.7094,20.29479,17204,"Jamay, JA",geonames,4004126
Hermiston,OR,-119.28946,45.84041,17201,"Hermiston, OR",geonames,5731070
Nederland,TX,-93.9924,29.97438,17196,"Nederland, TX",geonames,4713932
Petawawa,ON,-77.28007,45.89452,17187,"Petawawa, ON",geonames,6101606
Greenfield,CA,-121.24381,36.3208,17184,"Greenfield, CA",geonames,5354172
Ashwaubenon,WI,-88.0701,44.48221,17176,"Ashwaubenon, WI",geonames,5244267
Santa Barbara,GUA,-91.22685,14.43563,17172,Santa Barbara,geonames,3589475
Barrett Town,JM,-77.80178,18.51491,17169,Barrett Town,geonames,10400280
Live Oak,CA,-121.98052,36.98356,17158,"Live Oak, CA",geonames,5367314
Moroceli,HN,-86.86667,14.11667,17153,"Moroceli, HN",geonames,3604579
Veracruz,PA,-79.62338,8.89319,17144,"Veracruz, PA",geonames,3700164
Okolona,KY,-85.68774,38.14118,17134,Okolona,geonames,4303012
Bayside,CA,-124.06367,40.84235,17132,"Bayside, CA",geonames,5559320
San Salvador Atenco,EM,-98.91867,19.5517,17124,"San Salvador Atenco, EM",geonames,3517832
Wyckoff,NJ,-74.17292,41.00954,17124,"Wyckoff, NJ",geonames,5106615
Woodmere,NY,-73.71263,40.63205,17121,"Woodmere, NY",geonames,5145028
Ciudad Guadalupe Victoria,BC,-115.1031,32.28885,17119,"Ciudad Guadalupe Victoria, BC",geonames,3979505
Huntington,IN,-85.49748,40.8831,17095,"Huntington, IN",geonames,4921725
Imperial,CA,-115.56944,32.84755,17095,"Imperial, CA",geonames,5359052
Wayne,MI,-83.38632,42.28143,17081,"Wayne, MI",geonames,5014224
White Settlement,TX,-97.45835,32.75957,17077,"White Settlement, TX",geonames,4741616
Dumas,TX,-101.9714,35.8615,17074,"Dumas, TX",curated,
Eloy,AZ,-111.55484,32.7559,17059,"Eloy, AZ",geonames,5294167
Grand Gosier,HT,-71.9182,18.18543,17059,Grand Gosier,geonames,3724331
Broad Ripple,IN,-86.14165,39.86671,17041,"Broad Ripple, IN",geonames,4254957
El Segundo,CA,-118.41647,33.91918,17037,"El Segundo, CA",geonames,5345860
Chisec,GUA,-90.28896,15.81311,17018,Chisec,geonames,3598415
Rio Blanco,NI,-85.22354,12.93435,17018,"Rio Blanco, NI",geonames,3617069
Holden,MA,-71.86341,42.35176,17016,"Holden, MA",geonames,4939647
Hutchinson,MN,-94.3697,44.8877,17013,"Hutchinson, MN",curated,
Avenel,NJ,-74.28515,40.58038,17011,"Avenel, NJ",geonames,5095325
East Setauket,NY,-73.10594,40.94149,17006,"East Setauket, NY",geonames,5116060
San Fernando de Monte Cristi,DO,-71.64604,19.84799,17001,San Fernando de Monte Cristi,geonames,3493174
Scarborough,TT,-60.73525,11.18229,17000,Scarborough,geonames,3573703
Vanier,ON,-75.66498,45.4399,17000,"Vanier, ON",geonames,6173404
Goodlettsville,TN,-86.71333,36.32311,16994,"Goodlettsville, TN",geonames,4625282
San Diego,CR,-84.0017,9.90028,16991,"San Diego, CR",geonames,3621926
Fayetteville,GA,-84.45493,33.44873,16990,"Fayetteville, GA",geonames,4194474
Pendleton,OR,-118.7886,45.6721,16989,"Pendleton, OR",curated,
Colchester,VT,-73.14791,44.54394,16986,"Colchester, VT",geonames,5235024
Altoona,IA,-93.46466,41.64416,16984,"Altoona, IA",geonames,4846757
Terrell,TX,-96.27526,32.73596,16981,"Terrell, TX",geonames,4736028
Saint-Joseph,MQ,-61.03905,14.67099,16974,Saint-Joseph,geonames,3569915
Palau,CO,-101.42349,27.89243,16970,"Palau, CO",geonames,3993893
Artesia,CA,-118.08312,33.86585,16961,"Artesia, CA",geonames,5324862
South Ogden,UT,-111.97133,41.19189,16955,"South Ogden, UT",geonames,5781783
Deming,NM,-107.7582,32.2627,16939,"Deming, NM",curated,
La Sierpe,CU,-79.26775,21.77166,16937,La Sierpe,geonames,3551184
Tezoyuca,EM,-98.91084,19.59283,16933,"Tezoyuca, EM",geonames,3817731
La Vista,NE,-96.03113,41.18389,16921,"La Vista, NE",geonames,5071665
Mezquitic,JA,-104.1103,22.2313,16920,"Mezquitic, JA",curated,
Glace Bay,NS,-59.95698,46.19695,16915,"Glace Bay, NS",geonames,5961564
Hanover,MA,-70.81199,42.11316,16906,"Hanover, MA",geonames,4938836
Tanque Verde,AZ,-110.73731,32.25174,16901,"Tanque Verde, AZ",geonames,5316890
Glenvar Heights,FL,-80.32561,25.7076,16898,"Glenvar Heights, FL",geonames,4156857
Centerville,UT,-111.87216,40.918,16877,"Centerville, UT",geonames,5772654
Colwood,BC,-123.48591,48.43293,16859,"Colwood, BC",geonames,5926268
Sibanicu,CU,-77.52561,21.23631,16856,Sibanicu,geonames,3536259
La Libertad,SV,-89.32222,13.48833,16855,"La Libertad, SV",geonames,3585157
Sayville,NY,-73.08206,40.73593,16853,"Sayville, NY",geonames,5136421
Clarksdale,MS,-90.57093,34.20011,16847,"Clarksdale, MS",geonames,4421935
La Magdalena Tlaltelulco,TL,-98.19609,19.28287,16834,"La Magdalena Tlaltelulco, TL",geonames,3815375
Sabana Grande de Boya,DO,-69.79331,18.94498,16834,Sabana Grande de Boya,geonames,3493482
Fairview Heights,IL,-89.99038,38.58894,16827,"Fairview Heights, IL",geonames,4238132
Norwalk,OH,-82.61573,41.24255,16827,"Norwalk, OH",geonames,5165101
San Carlos Park,FL,-81.80147,26.4673,16824,"San Carlos Park, FL",geonames,4171782
Salinas de Hidalgo,SL,-101.71417,22.62795,16821,"Salinas de Hidalgo, SL",geonames,3988169
Yecapixtla,MO,-98.865,18.88333,16811,"Yecapixtla, MO",geonames,3514278
Concord,MA,-71.34895,42.46037,16810,"Concord, MA",geonames,4933743
Springfield,TN,-86.885,36.50921,16808,"Springfield, TN",geonames,4659557
New Milford,NJ,-74.01903,40.9351,16801,"New Milford, NJ",geonames,5101766
Mason,MI,-86.4477,43.9555,16800,"Mason, MI",curated,
North Attleborough Center,MA,-71.32474,41.97263,16796,"North Attleborough Center, MA",geonames,7257726
Country Club Hills,IL,-87.72033,41.56809,16795,"Country Club Hills, IL",geonames,4888892
Lemont,IL,-88.00173,41.67364,16788,"Lemont, IL",geonames,4899581
Sartell,MN,-94.20694,45.62163,16788,"Sartell, MN",geonames,5046001
Dyersburg,TN,-89.38563,36.03452,16781,"Dyersburg, TN",geonames,4619800
Defiance,OH,-84.35578,41.28449,16776,"Defiance, OH",geonames,5151861
Beltsville,MD,-76.90747,39.03483,16772,"Beltsville, MD",geonames,4348353
Bristol,VA,-82.1887,36.5951,16762,"Bristol, VA",curated,
Sainte-Catherine,QC,-73.58248,45.40008,16762,"Sainte-Catherine, QC",geonames,6137780
Centralia,WA,-122.9543,46.71621,16753,"Centralia, WA",geonames,5789683
Zaragoza,PU,-97.55506,19.77097,16752,"Zaragoza, PU",geonames,3514051
Chalmette,LA,-89.96537,29.94296,16751,"Chalmette, LA",geonames,4319518
La Providencia Siglo XXI,HG,-98.71722,20.06417,16747,"La Providencia Siglo XXI, HG",geonames,8858117
Shorewood,IL,-88.20173,41.52003,16747,"Shorewood, IL",geonames,4911418
Ferndale,MD,-76.64024,39.18316,16746,"Ferndale, MD",geonames,4354821
Mount Vernon,OH,-82.48572,40.3934,16742,"Mount Vernon, OH",geonames,5163799
Greenfield Park,QC,-73.46223,45.48649,16733,"Greenfield Park, QC",geonames,5966078
Westchester,IL,-87.882,41.85059,16729,"Westchester, IL",geonames,4916140
Bluffton,SC,-80.86039,32.23715,16728,"Bluffton, SC",geonames,4571722
Tifton,GA,-83.5085,31.45046,16725,"Tifton, GA",geonames,4226552
Auburn,MA,-71.83563,42.19454,16724,"Auburn, MA",geonames,4929417
Nipomo,CA,-120.476,35.04275,16714,"Nipomo, CA",geonames,5377100
Laurel,VA,-77.50887,37.64292,16713,"Laurel, VA",geonames,4768678
Media Luna,CU,-77.43594,20.14211,16713,Media Luna,geonames,3547260
Abreus,CU,-80.5689,22.27776,16711,Abreus,geonames,3569741
Cucuyagua,HN,-88.87385,14.64777,16707,"Cucuyagua, HN",geonames,3613015
San Felipe,BC,-114.84173,31.02526,16702,"San Felipe, BC",geonames,3987224
Taylor,TX,-97.40944,30.57076,16702,"Taylor, TX",geonames,4735702
Coos Bay,OR,-124.2179,43.3665,16700,"Coos Bay, OR",curated,
Ozumba de Alzate,EM,-98.79516,19.03689,16700,"Ozumba de Alzate, EM",geonames,3522232
North Decatur,GA,-84.30603,33.79038,16698,"North Decatur, GA",geonames,4212992
Morganton,NC,-81.68482,35.74541,16692,"Morganton, NC",geonames,4480219
Santa Rosa Treinta,MO,-99.18357,18.70025,16691,"Santa Rosa Treinta, MO",geonames,3515163
Danville,KY,-84.77217,37.64563,16690,Danville,geonames,4289445
Buckingham,QC,-75.4208,45.58563,16685,"Buckingham, QC",geonames,6942645
Los Reyes de Juarez,PU,-97.80379,18.94918,16683,"Los Reyes de Juarez, PU",geonames,3523909
Barrington,RI,-71.30866,41.74066,16669,"Barrington, RI",geonames,5220798
Denville,NJ,-74.47738,40.89232,16669,"Denville, NJ",geonames,5097239
Washington,IL,-89.40731,40.70365,16664,"Washington, IL",geonames,4915545
Phoenixville,PA,-75.51491,40.13038,16658,"Phoenixville, PA",geonames,5205849
Mercedes,TX,-97.91361,26.1498,16657,"Mercedes, TX",geonames,4710749
Center Point,AL,-86.6836,33.64566,16655,"Center Point, AL",geonames,4054378
Camoapa,NI,-85.51277,12.38383,16653,"Camoapa, NI",geonames,3620544
Lemay,MO,-90.27928,38.53339,16645,"Lemay, MO",geonames,4394905
Wolcott,CT,-72.98677,41.60232,16639,"Wolcott, CT",geonames,4845984
Suchiapa,CS,-93.09894,16.62473,16637,"Suchiapa, CS",geonames,3516499
Norcross,GA,-84.21353,33.94121,16634,"Norcross, GA",geonames,4212888
Troutdale,OR,-122.38731,45.53929,16631,"Troutdale, OR",geonames,5757477
Oak Grove,OR,-122.64009,45.41679,16629,"Oak Grove, OR",geonames,5743731
Anahuac,NL,-100.13337,27.24123,16628,"Anahuac, NL",geonames,4013726
North Valley Stream,NY,-73.7018,40.6851,16628,"North Valley Stream, NY",geonames,5129248
Yajalon,CS,-92.33392,17.17291,16622,"Yajalon, CS",geonames,3514349
Easton,MD,-76.07633,38.77428,16617,"Easton, MD",geonames,4353962
Easthampton,MA,-72.66898,42.26676,16611,"Easthampton, MA",geonames,4935582
Bothell West,WA,-122.24064,47.80527,16607,"Bothell West, WA",geonames,7315409
Swift Current,SK,-107.80135,50.28337,16604,"Swift Current, SK",geonames,6160603
Venezuela,CU,-78.79331,21.73792,16601,Venezuela,geonames,3534432
Tahlequah,OK,-94.96996,35.91537,16598,"Tahlequah, OK",geonames,4552707
Hazel Park,MI,-83.10409,42.46254,16597,"Hazel Park, MI",geonames,4995664
Ario de Rosales,MI,-101.70904,19.2083,16595,"Ario de Rosales, MI",geonames,4018254
Douglas,AZ,-109.54534,31.34455,16592,"Douglas, AZ",geonames,5293083
Opelousas,LA,-92.08151,30.53353,16591,"Opelousas, LA",geonames,4336153
Grafton,MA,-71.68562,42.20704,16583,"Grafton, MA",geonames,4938048
Sandalfoot Cove,FL,-80.1869,26.33863,16582,"Sandalfoot Cove, FL",geonames,7260095
Brenham,TX,-96.39774,30.16688,16579,"Brenham, TX",geonames,4676206
Cacahoatan,CS,-92.16417,14.99199,16572,"Cacahoatan, CS",geonames,3531904
Roseau,DM,-61.38808,15.30174,16571,Roseau,geonames,3575635
Opa-locka,FL,-80.25033,25.90232,16565,"Opa-locka, FL",geonames,4167003
Beaver Dam,WI,-88.83733,43.45777,16564,"Beaver Dam, WI",geonames,5245193
Coalinga,CA,-120.36015,36.13968,16564,"Coalinga, CA",geonames,5338196
Nochistlan de Mejia,ZA,-102.84754,21.36355,16562,"Nochistlan de Mejia, ZA",geonames,3994912
Seymour,CT,-73.07594,41.39676,16562,"Seymour, CT",geonames,4842818
Savanna-la-Mar,JM,-78.1332,18.21895,16553,Savanna-la-Mar,geonames,3488613
Guane,CU,-84.0885,22.20397,16548,Guane,geonames,3557758
Cohoes,NY,-73.70012,42.77424,16538,"Cohoes, NY",geonames,5113142
Jenison,MI,-85.79198,42.90725,16538,"Jenison, MI",geonames,4997500
Swansea,MA,-71.18977,41.74816,16525,"Swansea, MA",geonames,4952487
Hidalgo,NL,-100.45221,25.9724,16524,"Hidalgo, NL",geonames,4022735
Donna,TX,-98.05195,26.17035,16523,"Donna, TX",geonames,4686593
Vienna,VA,-77.26526,38.90122,16522,"Vienna, VA",geonames,4791160
Pinewood,FL,-80.21699,25.86898,16520,"Pinewood, FL",geonames,4168659
L'Ancienne-Lorette,QC,-71.35191,46.79392,16516,"L'Ancienne-Lorette, QC",geonames,6534203
Lansdale,PA,-75.28379,40.2415,16512,"Lansdale, PA",geonames,5197159
San Francisco Tlalcilalcalpan,EM,-99.76771,19.29474,16509,"San Francisco Tlalcilalcalpan, EM",geonames,3519249
Guadalupe Victoria,DG,-104.12336,24.44676,16506,"Guadalupe Victoria, DG",geonames,4005380
Sevierville,TN,-83.56184,35.86815,16490,"Sevierville, TN",geonames,4656585
Chickasha,OK,-97.93643,35.05257,16488,"Chickasha, OK",geonames,4533029
Kingsland,GA,-81.68983,30.79996,16487,"Kingsland, GA",geonames,4204007
Uvalde,TX,-99.78617,29.20968,16476,"Uvalde, TX",geonames,4738721
El Crucero,NI,-86.30954,11.99008,16469,"El Crucero, NI",geonames,3619853
Hillcrest Heights,MD,-76.95942,38.83289,16469,"Hillcrest Heights, MD",geonames,4358082
Stuart,FL,-80.25283,27.19755,16462,"Stuart, FL",geonames,4174201
La Esperanza,GUA,-91.5614,14.87169,16461,La Esperanza,geonames,3594703
Fairhaven,MA,-70.90365,41.6376,16453,"Fairhaven, MA",geonames,4936087
Avon,IN,-86.39972,39.76282,16451,"Avon, IN",geonames,4254021
Zachary,LA,-91.1565,30.64852,16448,"Zachary, LA",geonames,4346788
Red Wing,MN,-92.5338,44.56247,16445,"Red Wing, MN",geonames,5042773
San Antonio Acahualco,EM,-99.77169,19.274,16442,"San Antonio Acahualco, EM",geonames,3533490
Sikeston,MO,-89.58786,36.87672,16436,"Sikeston, MO",geonames,4408672
Bethpage,NY,-73.48207,40.74427,16429,"Bethpage, NY",geonames,5108955
Concord,MO,-90.35734,38.5245,16421,"Concord, MO",geonames,4382072
Flowing Wells,AZ,-111.00982,32.29396,16419,"Flowing Wells, AZ",geonames,5294937
Marshall,MN,-96.382,48.3605,16416,"Marshall, MN",curated,
'Ewa Beach,HI,-158.00722,21.31556,16415,"'Ewa Beach, HI",geonames,5855051
Bridgeview,IL,-87.80422,41.75003,16407,"Bridgeview, IL",geonames,4885573
Fairview Park,OH,-81.8643,41.44144,16407,"Fairview Park, OH",geonames,5153680
Laguna Woods,CA,-117.72533,33.6103,16406,"Laguna Woods, CA",geonames,5364369
Canon City,CO,-105.24245,38.44098,16400,"Canon City, CO",geonames,5416005
Mount Clemens,MI,-82.87798,42.59726,16400,"Mount Clemens, MI",geonames,5002656
Saint Michael,MN,-93.66496,45.20996,16399,"Saint Michael, MN",geonames,5045258
South River,NJ,-74.38598,40.44649,16399,"South River, NJ",geonames,5104853
Dajabon,DO,-71.70821,19.54811,16398,Dajabon,geonames,3508952
Fort Thomas,KY,-84.44716,39.07506,16398,Fort Thomas,geonames,4292071
Tlaltenango de Sanchez Roman,ZA,-103.30436,21.78129,16396,"Tlaltenango de Sanchez Roman, ZA",geonames,3987402
Sunset,FL,-80.35228,25.70594,16389,"Sunset, FL",geonames,4174425
Prospect Heights,IL,-87.93757,42.0953,16386,"Prospect Heights, IL",geonames,4906882
Brunswick,GA,-81.4915,31.15,16384,"Brunswick, GA",curated,
San Ignacio de Sabaneta,DO,-71.33932,19.47837,16380,San Ignacio de Sabaneta,geonames,3493383
Griffith,IN,-87.42365,41.52837,16378,"Griffith, IN",geonames,4920986
Estelle,LA,-90.10674,29.84576,16377,"Estelle, LA",geonames,4323873
Schofield Barracks,HI,-158.06515,21.49837,16370,"Schofield Barracks, HI",geonames,7262790
Bon Air,VA,-77.55777,37.52487,16366,"Bon Air, VA",geonames,4748305
Curundu,PA,-79.54612,8.97092,16361,"Curundu, PA",geonames,3711699
Oconomowoc,WI,-88.49927,43.11167,16360,"Oconomowoc, WI",geonames,5265499
Hough,OH,-81.63652,41.512,16359,"Hough, OH",geonames,5158067
Vero Beach,FL,-80.39727,27.63864,16358,"Vero Beach, FL",geonames,4176409
Little River,AR,-94.2065,33.6969,16353,"Little River, AR",curated,
San Pedro Carcha,GUA,-90.31105,15.47745,16353,San Pedro Carcha,geonames,3589643
Yorkton,SK,-102.46766,51.2167,16343,"Yorkton, SK",geonames,6185607
Sunnyside,WA,-120.00865,46.32374,16325,"Sunnyside, WA",geonames,5812604
Brainerd,MN,-94.2008,46.358,16324,"Brainerd, MN",curated,
Lebanon,OR,-122.90703,44.53651,16324,"Lebanon, OR",geonames,5736218
Bayshore Gardens,FL,-82.59038,27.42532,16323,"Bayshore Gardens, FL",geonames,4146934
Tamuin,SL,-98.77972,22.00554,16318,"Tamuin, SL",geonames,3516347
Streetsboro,OH,-81.34594,41.23922,16312,"Streetsboro, OH",geonames,5173210
Lutes Mountain,NB,-64.90504,46.13544,16311,"Lutes Mountain, NB",geonames,6062163
Calhoun,GA,-84.95105,34.50259,16309,"Calhoun, GA",geonames,4185657
Morton,IL,-89.45926,40.61282,16306,"Morton, IL",geonames,4902754
Menomonie,WI,-91.91934,44.87552,16305,"Menomonie, WI",geonames,5262634
Truckee,CA,-120.18325,39.32796,16299,"Truckee, CA",geonames,5403676
Fremont,OH,-83.12186,41.35033,16297,"Fremont, OH",geonames,5155207
Lazaro Cardenas,BC,-115.93137,30.52663,16294,"Lazaro Cardenas, BC",geonames,3979174
Buckhall,VA,-77.4311,38.73178,16293,"Buckhall, VA",geonames,4749627
Gainesville,TX,-97.13335,33.62594,16292,"Gainesville, TX",geonames,4692746
Aberdeen,WA,-123.81572,46.97537,16276,"Aberdeen, WA",geonames,5785243
Hopatcong Hills,NJ,-74.67072,40.94399,16267,"Hopatcong Hills, NJ",geonames,5099292
Waterville,ME,-69.63171,44.55201,16261,"Waterville, ME",geonames,4982236
Oroville,CA,-121.55776,39.51394,16260,"Oroville, CA",geonames,5379759
Roosevelt,NY,-73.58902,40.67871,16258,"Roosevelt, NY",geonames,5134323
Ampliacion San Mateo,EM,-99.14722,19.61639,16250,"Ampliacion San Mateo, EM",geonames,8858118
Penonome,PA,-80.35727,8.51889,16250,"Penonome, PA",geonames,3703068
Beckley,WV,-81.1873,37.7782,16240,"Beckley, WV",curated,
Teolocholco,TL,-98.19083,19.24333,16240,"Teolocholco, TL",geonames,3518475
Teopisca,CS,-92.47288,16.54144,16240,"Teopisca, CS",geonames,3515938
Laconia,NH,-71.47035,43.52785,16227,"Laconia, NH",geonames,5088438
Bellmore,NY,-73.52707,40.66871,16218,"Bellmore, NY",geonames,5108707
Magdalena,JA,-103.9769,20.90686,16214,"Magdalena, JA",geonames,3996910
Hibbing,MN,-92.93769,47.42715,16204,"Hibbing, MN",geonames,5030005
Sudley,VA,-77.49749,38.79289,16203,"Sudley, VA",geonames,4788145
Dublin,GA,-82.90375,32.54044,16197,"Dublin, GA",geonames,4192205
Izamal,YU,-89.01887,20.93315,16195,"Izamal, YU",geonames,3526662
Kuliouou - Kalani Iki,HI,-157.745,21.29713,16195,"Kuliouou - Kalani Iki, HI",geonames,9403721
Medina,GT,-101.6225,21.14972,16166,"Medina, GT",geonames,3996299
Hope Mills,NC,-78.94531,34.97044,16163,"Hope Mills, NC",geonames,4471851
Bucerias,NA,-105.3362,20.75821,16161,"Bucerias, NA",geonames,4016734
Katy,TX,-95.8244,29.78579,16158,"Katy, TX",geonames,4702732
San Francisco,SV,-88.10407,13.69408,16152,"San Francisco, SV",geonames,3583747
Highland Village,TX,-97.04668,33.09179,16149,"Highland Village, TX",geonames,4697645
Ocean Acres,NJ,-74.28098,39.74345,16142,"Ocean Acres, NJ",geonames,4503346
Wolf Trap,VA,-77.28609,38.93983,16131,"Wolf Trap, VA",geonames,4794350
Madison,NJ,-74.4171,40.75982,16126,"Madison, NJ",geonames,5100748
Santa Ana Xalmimilulco,PU,-98.38207,19.21287,16125,"Santa Ana Xalmimilulco, PU",geonames,3514597
San Francisco de los Romo,AG,-102.27216,22.07209,16124,San Francisco de los Romo,geonames,3986985
Portland,TX,-97.32388,27.87725,16116,"Portland, TX",geonames,4720131
Midway,FL,-87.00553,30.40648,16115,"Midway, FL",geonames,7315234
Sulphur Springs,TX,-95.60107,33.13845,16098,"Sulphur Springs, TX",geonames,4734909
Maryland City,MD,-76.81775,39.09205,16093,"Maryland City, MD",geonames,4361831
Tepatlaxco de Hidalgo,PU,-97.97338,19.08067,16085,"Tepatlaxco de Hidalgo, PU",geonames,3515906
Siloam Springs,AR,-94.5405,36.18814,16081,"Siloam Springs, AR",geonames,4131116
Santiago Tulantepec,HG,-98.35563,20.03618,16078,"Santiago Tulantepec, HG",geonames,3516982
Fraccionamiento Ciudad Olmeca,VE,-94.5525,18.15056,16074,"Fraccionamiento Ciudad Olmeca, VE",geonames,8858119
San Juan de Flores,HN,-87.03333,14.26667,16070,"San Juan de Flores, HN",geonames,3601999
Ham Lake,MN,-93.24995,45.25024,16062,"Ham Lake, MN",geonames,5029181
Clarksburg,WV,-80.3445,39.2806,16061,"Clarksburg, WV",curated,
Frankfort,IN,-86.51084,40.27948,16060,"Frankfort, IN",geonames,4920473
West Columbia,SC,-81.07398,33.99349,16060,"West Columbia, SC",geonames,4600541
Siuna,NI,-84.77725,13.73321,16056,"Siuna, NI",geonames,3616253
Dyer,IN,-87.52171,41.4942,16051,"Dyer, IN",geonames,4919820
Mount Pleasant,TX,-94.96827,33.15679,16051,"Mount Pleasant, TX",geonames,4712933
Rye,NY,-73.68374,40.98065,16046,"Rye, NY",geonames,5134693
Fort Hunt,VA,-77.05803,38.73289,16045,"Fort Hunt, VA",geonames,4046704
Americus,GA,-84.23269,32.07239,16028,"Americus, GA",geonames,4179667
Hermitage,PA,-80.44868,41.23339,16028,"Hermitage, PA",geonames,5193309
Buffalo,MN,-93.87469,45.17191,16026,"Buffalo, MN",geonames,5019588
Crawfordsville,IN,-86.87445,40.04115,16024,"Crawfordsville, IN",geonames,4919381
Juchitepec,EM,-98.8788,19.10059,16021,"Juchitepec, EM",geonames,3526355
Lake Mary,FL,-81.31784,28.75888,16021,"Lake Mary, FL",geonames,4161373
Bracebridge,ON,-79.31633,45.03341,16010,"Bracebridge, ON",geonames,5907092
Ukiah,CA,-123.2078,39.1502,16007,"Ukiah, CA",curated,
Republic,MO,-93.48019,37.12005,16005,"Republic, MO",geonames,4405434
Albemarle,NC,-80.20006,35.35014,16003,"Albemarle, NC",geonames,4452303
El Rosario,SI,-105.85419,22.99032,16001,"El Rosario, SI",geonames,3988416
Cherry Hill,VA,-77.26693,38.56984,16000,"Cherry Hill, VA",geonames,4752136
Payson,AZ,-111.3235,34.2309,16000,"Payson, AZ",curated,
San Rafael Tlanalapan,PU,-98.46806,19.29167,15998,"San Rafael Tlanalapan, PU",geonames,8858120
Country Walk,FL,-80.43228,25.63399,15997,"Country Walk, FL",geonames,4152064
Riverdale,GA,-84.41326,33.57261,15989,"Riverdale, GA",geonames,4219001
Abington,MA,-70.94532,42.10482,15985,"Abington, MA",geonames,4928662
Belen Gualcho,HN,-88.8,14.48333,15983,"Belen Gualcho, HN",geonames,3614797
Vicente Guerrero,DG,-103.98247,23.73267,15982,"Vicente Guerrero, DG",geonames,4005857
Floral Park,NY,-73.70485,40.72371,15969,"Floral Park, NY",geonames,5117438
Sangre Grande,TT,-61.13008,10.58705,15968,Sangre Grande,geonames,3573732
Prosper,TX,-96.80111,33.23623,15967,"Prosper, TX",geonames,4720833
Walnut Park,CA,-118.22507,33.96807,15966,"Walnut Park, CA",geonames,5407030
Pecan Grove,TX,-95.73162,29.62607,15963,"Pecan Grove, TX",geonames,4718209
Overland,MO,-90.36234,38.70116,15959,"Overland, MO",geonames,4402178
Grandville,MI,-85.76309,42.90975,15953,"Grandville, MI",geonames,4994391
Candiac,QC,-73.51587,45.38338,15947,"Candiac, QC",geonames,5914826
Four Corners,OR,-122.98371,44.9279,15947,"Four Corners, OR",geonames,5727382
Sunland Park,NM,-106.57999,31.7965,15940,"Sunland Park, NM",geonames,5493403
North Liberty,IA,-91.59795,41.74918,15931,"North Liberty, IA",geonames,4869195
Burlington,KY,-84.72411,39.02756,15926,Burlington,geonames,4286281
Ciudad de Armeria,CL,-103.96417,18.9378,15923,"Ciudad de Armeria, CL",geonames,4018227
Parole,MD,-76.545,38.981,15922,"Parole, MD",geonames,4364964
Vincent,CA,-118.11646,34.50055,15922,"Vincent, CA",geonames,5406421
Southchase,FL,-81.3834,28.39306,15921,"Southchase, FL",geonames,4173600
Tecamac de Felipe Villanueva,EM,-98.96833,19.71306,15911,"Tecamac de Felipe Villanueva, EM",geonames,8858121
La Marque,TX,-94.97131,29.36857,15908,"La Marque, TX",geonames,4704027
L'Assomption,QC,-73.4294,45.82318,15906,"L'Assomption, QC",geonames,6050263
La Palma,CA,-118.04673,33.8464,15904,"La Palma, CA",geonames,5364022
North Arlington,NJ,-74.1332,40.78843,15904,"North Arlington, NJ",geonames,5101873
Seagoville,TX,-96.53832,32.63958,15894,"Seagoville, TX",geonames,4727605
Greater Napanee,ON,-76.94944,44.25012,15892,"Greater Napanee, ON",geonames,5965812
Lebanon,IN,-86.46917,40.04837,15892,"Lebanon, IN",geonames,4922673
Clayton,MO,-90.32373,38.64255,15884,"Clayton, MO",geonames,4381478
Grafton,NH,-71.7238,43.7441,15879,"Grafton, NH",curated,
Pearl River,NY,-74.02181,41.05899,15876,"Pearl River, NY",geonames,5130780
Conyers,GA,-84.01769,33.66761,15875,"Conyers, GA",geonames,4189213
Zinapecuaro de Figueroa,MI,-100.82731,19.86005,15875,"Zinapecuaro de Figueroa, MI",geonames,3979665
Myrtle Grove,FL,-87.30747,30.42103,15870,"Myrtle Grove, FL",geonames,4165519
Narragansett,RI,-71.4495,41.4501,15868,"Narragansett, RI",geonames,5223505
Kaukauna,WI,-88.27205,44.27804,15854,"Kaukauna, WI",geonames,5258296
Santiago Tlacotepec,EM,-99.67083,19.22708,15853,"Santiago Tlacotepec, EM",geonames,3762210
Jamestown,ND,-98.7084,46.9105,15849,"Jamestown, ND",curated,
Port Washington,NY,-73.69819,40.82566,15846,"Port Washington, NY",geonames,5132029
Sanarate,GUA,-90.19876,14.78828,15843,Sanarate,geonames,3590406
New Port Richey,FL,-82.71927,28.24418,15842,"New Port Richey, FL",geonames,4165869
Aurora,OH,-81.34539,41.31755,15838,"Aurora, OH",geonames,5146233
Adams Morgan,DC,-77.0422,38.9215,15830,Washington D.C.,geonames,4137457
Steinbach,MB,-96.68451,49.52579,15829,"Steinbach, MB",geonames,6156102
Asbury Park,NJ,-74.01208,40.22039,15818,"Asbury Park, NJ",geonames,5095281
Lake Country,BC,-119.39672,50.0088,15817,"Lake Country, BC",geonames,12070755
Lutherville-Timonium,MD,-76.61099,39.43997,15814,"Lutherville-Timonium, MD",geonames,7258897
Rutland,VT,-72.9726,43.6106,15807,"Rutland, VT",curated,
Ashland,MA,-71.4634,42.26121,15802,"Ashland, MA",geonames,4929283
Hybla Valley,VA,-77.08303,38.74761,15801,"Hybla Valley, VA",geonames,4765520
Longmeadow,MA,-72.58287,42.0501,15784,"Longmeadow, MA",geonames,4942508
Elkton,MD,-75.83327,39.60678,15782,"Elkton, MD",geonames,4354234
Yoro,HN,-87.12838,15.13824,15774,"Yoro, HN",geonames,3600195
Grosse Pointe Woods,MI,-82.90686,42.44365,15762,"Grosse Pointe Woods, MI",geonames,4994871
Alton,TX,-98.31335,26.28729,15760,"Alton, TX",geonames,4670555
Pinehurst,NC,-79.46948,35.19543,15752,"Pinehurst, NC",geonames,4485272
Groves,TX,-93.91712,29.94827,15750,"Groves, TX",geonames,4695317
Orient Heights,MA,-71.00366,42.3876,15741,"Orient Heights, MA",geonames,4946402
Wilkinsburg,PA,-79.88199,40.44174,15731,"Wilkinsburg, PA",geonames,5219501
Manassas Park,VA,-77.46971,38.784,15726,"Manassas Park, VA",geonames,4771414
Willow Grove,PA,-75.11573,40.144,15726,"Willow Grove, PA",geonames,5219619
Avon Center,OH,-82.01959,41.45976,15724,"Avon Center, OH",geonames,5146282
Gatesville,TX,-97.74391,31.43516,15724,"Gatesville, TX",geonames,4693150
La Grange,IL,-87.86923,41.80503,15723,"La Grange, IL",geonames,4898846
Mont-Saint-Hilaire,QC,-73.1868,45.56515,15720,"Mont-Saint-Hilaire, QC",geonames,6077340
Great Bend,KS,-98.76481,38.36446,15717,"Great Bend, KS",geonames,4272340
Shively,KY,-85.82274,38.20007,15713,Shively,geonames,4308225
Highland Springs,VA,-77.32776,37.54598,15711,"Highland Springs, VA",geonames,4764127
Hueytown,AL,-86.99666,33.45122,15710,"Hueytown, AL",geonames,4068446
Mill Creek East,WA,-122.18766,47.83602,15709,"Mill Creek East, WA",geonames,7315418
New Haven,IN,-85.01441,41.0706,15709,"New Haven, IN",geonames,4924104
Talladega,AL,-86.1058,33.43594,15709,"Talladega, AL",geonames,4092788
Koolauloa,HI,-157.9265,21.60579,15697,"Koolauloa, HI",geonames,13100438
Middleburg Heights,OH,-81.81291,41.36144,15696,"Middleburg Heights, OH",geonames,5162851
Jalpa de Mendez,TB,-93.06376,18.17678,15695,"Jalpa de Mendez, TB",geonames,3526603
Traverse City,MI,-85.6024,44.7631,15678,"Traverse City, MI",curated,
Pacific Grove,CA,-121.91662,36.61774,15674,"Pacific Grove, CA",geonames,5380437
Humble,TX,-95.26216,29.99883,15665,"Humble, TX",geonames,4699442
Greenwood Village,CO,-104.95081,39.61721,15663,"Greenwood Village, CO",geonames,5423908
Mitchell,SD,-98.0298,43.7094,15660,"Mitchell, SD",curated,
La Cruz,SI,-106.8925,23.92126,15657,"La Cruz, SI",geonames,4002745
Bryn Mawr-Skyway,WA,-122.24092,47.4943,15645,"Bryn Mawr-Skyway, WA",geonames,7260966
El Tejar,GUA,-90.79122,14.64683,15639,El Tejar,geonames,3596041
Erandique,HN,-88.46447,14.23787,15633,"Erandique, HN",geonames,3609775
Bradley,IL,-87.86115,41.14198,15617,"Bradley, IL",geonames,4885418
Saint-Basile-le-Grand,QC,-73.28246,45.53338,15605,"Saint-Basile-le-Grand, QC",geonames,6137489
Desarmes,HT,-72.39058,18.99345,15594,Desarmes,geonames,3726674
Elkridge,MD,-76.71358,39.21261,15593,"Elkridge, MD",geonames,4354256
Zinacatepec,PU,-97.24621,18.33516,15592,"Zinacatepec, PU",geonames,3517795
Tulantongo,EM,-98.87464,19.53159,15584,"Tulantongo, EM",geonames,3817714
North Myrtle Beach,SC,-78.68002,33.81601,15579,"North Myrtle Beach, SC",geonames,4589446
Sabanitas,PA,-79.80543,9.34521,15577,"Sabanitas, PA",geonames,3701682
Esparza,CR,-84.66628,9.99197,15575,"Esparza, CR",geonames,3623781
Williamstown,NJ,-74.99517,39.68623,15567,"Williamstown, NJ",geonames,4504871
Leduc,AB,-113.55201,53.26682,15561,"Leduc, AB",geonames,6051562
Long Beach,MS,-89.15282,30.35048,15555,"Long Beach, MS",geonames,4434069
Boulder City,NV,-114.83249,35.97859,15551,"Boulder City, NV",geonames,5500539
Otsego,MN,-93.59135,45.27413,15551,"Otsego, MN",geonames,5040477
Magog,QC,-72.14909,45.26678,15550,"Magog, QC",geonames,6064180
Fillmore,CA,-118.91815,34.39916,15548,"Fillmore, CA",geonames,5284756
Lake Wales,FL,-81.58591,27.90141,15541,"Lake Wales, FL",geonames,4161400
Venceremos,QT,-100.39806,20.55083,15538,"Venceremos, QT",geonames,8858122
Libres,PU,-97.68737,19.46574,15536,"Libres, PU",geonames,3524374
Monte Plata,DO,-69.78431,18.80748,15532,Monte Plata,geonames,3496134
Addison,TX,-96.82917,32.96179,15518,"Addison, TX",geonames,4669828
Ahualulco de Mercado,JA,-103.97461,20.70137,15512,"Ahualulco de Mercado, JA",geonames,4019082
East Riverdale,MD,-76.911,38.958,15509,"East Riverdale, MD",geonames,4353925
Laurinburg,NC,-79.46282,34.77405,15507,"Laurinburg, NC",geonames,4475347
San Pablo Oztotepec,DF,-99.07361,19.18652,15507,"San Pablo Oztotepec, DF",geonames,3522246
Hernando,MS,-89.9937,34.82399,15503,"Hernando, MS",geonames,4429589
Hurricane,UT,-113.28995,37.17526,15501,"Hurricane, UT",geonames,5540831
Plainfield,CT,-71.91507,41.67649,15498,"Plainfield, CT",geonames,4840755
Hanover,PA,-76.98304,39.80066,15496,"Hanover, PA",geonames,4558475
Venustiano Carranza,CS,-92.56317,16.33851,15496,"Venustiano Carranza, CS",geonames,3514785
Lithia Springs,GA,-84.66049,33.794,15491,"Lithia Springs, GA",geonames,4205885
Las Delicias,BC,-116.94361,32.40889,15486,"Las Delicias, BC",geonames,8599061
Farmingville,NY,-73.02955,40.83121,15481,"Farmingville, NY",geonames,5116937
Mastic,NY,-72.84094,40.80204,15481,"Mastic, NY",geonames,5126208
Setauket-East Setauket,NY,-73.10179,40.93064,15477,"Setauket-East Setauket, NY",geonames,7258965
Harrison,NJ,-74.15626,40.74649,15474,"Harrison, NJ",geonames,5098863
Martha Lake,WA,-122.2393,47.85093,15473,"Martha Lake, WA",geonames,5802493
Cardenas,SL,-99.64247,22.00144,15469,"Cardenas, SL",geonames,3531574
San Juan de Dios,CR,-84.08438,9.87812,15469,"San Juan de Dios, CR",geonames,3621804
Indianola,IA,-93.55744,41.35805,15467,"Indianola, IA",geonames,4861719
Santiago Tuxtla,VE,-95.3006,18.46576,15459,"Santiago Tuxtla, VE",geonames,3516912
Perry,GA,-83.73157,32.45821,15457,"Perry, GA",geonames,4215391
Clive,IA,-93.72411,41.60304,15447,"Clive, IA",geonames,4852065
Madera,CH,-108.14334,29.19269,15447,"Madera, CH",geonames,3996956
Winder,GA,-83.72017,33.99261,15447,"Winder, GA",geonames,4231523
Clemson,SC,-82.83737,34.68344,15446,"Clemson, SC",geonames,4574989
Sonzacate,SV,-89.71472,13.73417,15446,"Sonzacate, SV",geonames,3583098
Periban de Ramos,MI,-102.41526,19.52032,15434,"Periban de Ramos, MI",geonames,3992919
Greenwood,MS,-90.17953,33.51623,15431,"Greenwood, MS",geonames,4428495
Juan Aldama,ZA,-103.39339,24.29072,15431,"Juan Aldama, ZA",geonames,4003804
Tavares,FL,-81.72563,28.80416,15430,"Tavares, FL",geonames,4174861
Great Falls,VA,-77.28832,38.99817,15427,"Great Falls, VA",geonames,4761951
Avocado Heights,CA,-117.99118,34.03612,15411,"Avocado Heights, CA",geonames,5325372
Kapolei Villages,HI,-158.067,21.33596,15408,"Kapolei Villages, HI",geonames,13645938
Eden,NC,-79.7667,36.48847,15403,"Eden, NC",geonames,4464873
Bay Village,OH,-81.92208,41.48477,15402,"Bay Village, OH",geonames,5146675
Lake Butler,FL,-81.54091,28.50167,15400,"Lake Butler, FL",geonames,4161178
San Mateo Huitzilzingo,EM,-98.92504,19.22906,15389,"San Mateo Huitzilzingo, EM",geonames,3817641
Somotillo,NI,-86.90506,13.04387,15385,"Somotillo, NI",geonames,3616234
Makakilo City,HI,-158.08583,21.34694,15383,"Makakilo City, HI",geonames,5850554
Benton Harbor,MI,-86.4542,42.1167,15381,"Benton Harbor, MI",curated,
Bostonia,CA,-116.93642,32.80755,15379,"Bostonia, CA",geonames,5330167
Westbury,NY,-73.58763,40.75566,15379,"Westbury, NY",geonames,5144040
Ayutla de los Libres,GR,-99.09616,16.96376,15370,"Ayutla de los Libres, GR",geonames,3532499
Iona,FL,-81.96398,26.52036,15369,"Iona, FL",geonames,4159805
Magladen Islands,QC,-61.4836,47.7897,15360,"Magladen Islands, QC",curated,
Dickson,TN,-87.38779,36.077,15359,"Dickson, TN",geonames,4618057
Newport,KY,-84.49578,39.09145,15354,Newport,geonames,4302529
Cullman,AL,-86.84361,34.17482,15350,"Cullman, AL",geonames,4057835
Live Oak,TX,-98.3364,29.56523,15346,"Live Oak, TX",geonames,4707055
Roanoke Rapids,NC,-77.65415,36.46154,15345,"Roanoke Rapids, NC",geonames,4488232
Storrs,CT,-72.24952,41.80843,15344,"Storrs, CT",geonames,4843786
Manitoulin Island,ON,-81.9268,45.98,15343,"Manitoulin Island, ON",curated,
The Dalles,OR,-121.17868,45.59456,15340,"The Dalles, OR",geonames,5756304
Los Lunas,NM,-106.73336,34.80617,15336,"Los Lunas, NM",geonames,5476913
West Bay,KY,-81.39281,19.38197,15335,West Bay,geonames,3580477
Dixon,IL,-89.47955,41.83892,15319,"Dixon, IL",geonames,4889959
Bellevue,WI,-87.9201,44.44416,15317,"Bellevue, WI",geonames,5245359
Millbrook,AL,-86.36192,32.47986,15314,"Millbrook, AL",geonames,4076239
Brownsville,FL,-80.24116,25.82176,15313,"Brownsville, FL",geonames,4149077
Nicoya,CR,-85.45093,10.15038,15313,"Nicoya, CR",geonames,3622716
Wailuku,HI,-156.50604,20.89133,15313,"Wailuku, HI",geonames,5854496
Warren Township,NJ,-74.51803,40.60822,15311,"Warren Township, NJ",geonames,8299577
Tuzantla,MI,-100.56679,19.20289,15302,"Tuzantla, MI",geonames,3980833
Orange Walk,BZ,-88.56328,18.08124,15298,"Orange Walk, BZ",geonames,3581514
Villa Independencia,VE,-97.05214,20.05523,15297,"Villa Independencia, VE",geonames,3526785
Bemidji,MN,-94.8803,47.4736,15294,"Bemidji, MN",curated,
Seaford,NY,-73.48818,40.66593,15294,"Seaford, NY",geonames,5137507
Washougal,WA,-122.35342,45.58262,15288,"Washougal, WA",geonames,5815136
Saint-Charles-Borromee,QC,-73.46586,46.05007,15285,"Saint-Charles-Borromee, QC",geonames,6137579
Dallas,OR,-123.31705,44.91928,15277,"Dallas, OR",geonames,5722064
Alquizar,CU,-82.58381,22.80474,15275,Alquizar,geonames,3569136
Henderson,NC,-78.39916,36.32959,15271,"Henderson, NC",geonames,4470566
Stallings,NC,-80.68618,35.0907,15270,"Stallings, NC",geonames,4493186
River Falls,WI,-92.62381,44.86136,15269,"River Falls, WI",geonames,5268986
Baragua,CU,-78.62567,21.68216,15268,Baragua,geonames,3567823
Berkley,MI,-83.18354,42.50309,15268,"Berkley, MI",geonames,4985744
Damascus,MD,-77.20387,39.28844,15257,"Damascus, MD",geonames,4352728
Saint John West,NB,-66.07776,45.25937,15255,"Saint John West, NB",geonames,6138525
Shelbyville,KY,-85.22357,38.21201,15253,Shelbyville,geonames,4308122
Coscomatepec de Bravo,VE,-97.04685,19.07275,15252,"Coscomatepec de Bravo, VE",geonames,3530175
Kennedy Street,DC,-77.01799,38.9563,15251,Washington D.C.,geonames,13526895
Roxbury Crossing,MA,-71.09116,42.33065,15248,"Roxbury Crossing, MA",geonames,4949152
Pataskala,OH,-82.67433,39.99562,15245,"Pataskala, OH",geonames,4520905
Tecamac,EM,-98.96895,19.71288,15244,"Tecamac, EM",geonames,3517524
Tepeapulco,HG,-98.55266,19.7884,15244,"Tepeapulco, HG",geonames,3515902
Santa Cruz,AW,-69.98094,12.50953,15236,Santa Cruz,geonames,3577102
Alborada Jaltenco,EM,-99.06889,19.66194,15235,"Alborada Jaltenco, EM",geonames,8858123
Tepalcatepec,MI,-102.84704,19.18725,15221,"Tepalcatepec, MI",geonames,3982007
South Yuba City,CA,-121.63913,39.11656,15217,"South Yuba City, CA",geonames,5397851
Ledyard,CT,-72.01424,41.43982,15212,"Ledyard, CT",geonames,4837648
Merrifield,VA,-77.22693,38.87428,15212,"Merrifield, VA",geonames,4772735
Saint-Vincent-de-Paul,QC,-73.64918,45.61678,15194,"Saint-Vincent-de-Paul, QC",geonames,6139184
Fords,NJ,-74.31598,40.52927,15187,"Fords, NJ",geonames,5098109
Kapolei,HI,-158.0582,21.33555,15186,"Kapolei, HI",geonames,6957263
New Territory,TX,-95.68078,29.59412,15186,"New Territory, TX",geonames,4714582
Clearlake,CA,-122.62637,38.95823,15182,"Clearlake, CA",geonames,5337908
Villa Hidalgo,JA,-102.58803,21.67616,15182,"Villa Hidalgo, JA",geonames,3980169
Pointe-a-Pitre,GP,-61.53459,16.23638,15181,Pointe-a-Pitre,geonames,3578599
McKinleyville,CA,-124.10062,40.94652,15177,"McKinleyville, CA",geonames,5567770
Brunswick,ME,-69.96533,43.91452,15175,"Brunswick, ME",geonames,4959473
Puebla,BC,-115.35387,32.56645,15168,"Puebla, BC",geonames,4011469
El Palmar,GUA,-91.578,14.65083,15167,El Palmar,geonames,3596644
Highview,KY,-85.62413,38.14285,15167,Highview,geonames,4294799
Cienega de Flores,NL,-100.16617,25.9545,15162,"Cienega de Flores, NL",geonames,4013892
Tetla,TL,-98.10325,19.44204,15161,"Tetla, TL",geonames,3516919
Kenmore,NY,-78.87004,42.96589,15160,"Kenmore, NY",geonames,5123247
Rabinal,GUA,-90.49255,15.0853,15157,Rabinal,geonames,3590924
Belvedere Park,GA,-84.26742,33.75483,15152,"Belvedere Park, GA",geonames,4181936
Ripon,CA,-121.12438,37.74159,15151,"Ripon, CA",geonames,5387749
Rossville,MD,-76.47968,39.33844,15147,"Rossville, MD",geonames,4367419
Depew,NY,-78.69225,42.90395,15146,"Depew, NY",geonames,5114900
Seven Oaks,SC,-81.14648,34.04876,15144,"Seven Oaks, SC",geonames,4595374
Gates-North Gates,NY,-77.70066,43.16547,15138,"Gates-North Gates, NY",geonames,7258633
Parlier,CA,-119.52707,36.61162,15138,"Parlier, CA",geonames,5381325
Wilmington Island,GA,-80.97372,32.00355,15138,"Wilmington Island, GA",geonames,4231354
East Rancho Dominguez,CA,-118.19535,33.89807,15135,"East Rancho Dominguez, CA",geonames,5344817
Crucecita,OA,-96.135,15.76889,15130,"Crucecita, OA",geonames,8858124
Southwest Waterfront,DC,-77.01758,38.87934,15129,Washington D.C.,geonames,13526900
Natchez,MS,-91.40329,31.56017,15128,"Natchez, MS",geonames,4437982
Cloverly,MD,-76.99775,39.10816,15126,"Cloverly, MD",geonames,4351851
Newton,IA,-93.04798,41.69971,15125,"Newton, IA",geonames,4868907
Lamont,CA,-118.91427,35.25968,15120,"Lamont, CA",geonames,5364916
Santa Barbara,HN,-88.23756,14.92217,15119,"Santa Barbara, HN",geonames,3601691
Tecpan de Galeana,GR,-100.63032,17.21976,15119,"Tecpan de Galeana, GR",geonames,3982170
East Brainerd,TN,-85.15023,34.99591,15114,"East Brainerd, TN",geonames,4619943
Rio Linda,CA,-121.44857,38.69101,15106,"Rio Linda, CA",geonames,5387687
Vandalia,OH,-84.19883,39.89061,15106,"Vandalia, OH",geonames,4527124
East Longmeadow,MA,-72.51259,42.06454,15102,"East Longmeadow, MA",geonames,4935434
Ramsey,NJ,-74.14098,41.05732,15102,"Ramsey, NJ",geonames,5103086
West Park,FL,-80.19894,25.98454,15097,"West Park, FL",geonames,4177897
Kenora,ON,-94.48985,49.76741,15096,"Kenora, ON",geonames,5991055
Greeneville,TN,-82.83099,36.16316,15094,"Greeneville, TN",geonames,4626334
Mount Vernon,IL,-88.90312,38.31727,15087,"Mount Vernon, IL",geonames,4245152
Adelphi,MD,-76.97192,39.00317,15086,"Adelphi, MD",geonames,4346991
Sooke,BC,-123.72762,48.37463,15086,"Sooke, BC",geonames,6151264
San Andres Xecul,GUA,-91.48307,14.90482,15074,San Andres Xecul,geonames,3590520
Front Royal,VA,-78.19444,38.91817,15070,"Front Royal, VA",geonames,4760232
Weston,WI,-89.54762,44.8908,15069,"Weston, WI",geonames,5278693
Tangancicuaro de Arista,MI,-102.20717,19.88684,15068,"Tangancicuaro de Arista, MI",geonames,3982545
Paradise,TT,-61.36298,10.65298,15067,Paradise,geonames,3573989
Spanish Springs,NV,-119.70741,39.64908,15064,"Spanish Springs, NV",geonames,5512827
Fort Leonard Wood,MO,-92.15717,37.70573,15061,"Fort Leonard Wood, MO",geonames,7259265
Duxbury,MA,-70.67226,42.04177,15059,"Duxbury, MA",geonames,4935211
Sterling,IL,-89.69622,41.78864,15057,"Sterling, IL",geonames,4912499
Williamsburg,VA,-76.70746,37.2707,15052,"Williamsburg, VA",geonames,4793846
San Rafael Arriba,CR,-84.07479,9.87648,15051,"San Rafael Arriba, CR",geonames,3621655
Somerton,AZ,-114.70968,32.59644,15048,"Somerton, AZ",geonames,5315062
Three Lakes,FL,-80.39839,25.64205,15047,"Three Lakes, FL",geonames,4175296
Xalatlaco,EM,-99.41844,19.18314,15043,"Xalatlaco, EM",geonames,3526611
La Trinite,MQ,-60.96319,14.73807,15040,La Trinite,geonames,3570446
Auburndale,FL,-81.78869,28.0653,15035,"Auburndale, FL",geonames,4146389
Santiago de Maria,SV,-88.46667,13.48333,15032,"Santiago de Maria, SV",geonames,3583199
Beatrice,NE,-96.7474,40.2664,15026,"Beatrice, NE",curated,
Gloversville,NY,-74.34375,43.05285,15023,"Gloversville, NY",geonames,5118743
Hereford,TX,-102.39932,34.81521,15021,"Hereford, TX",geonames,5523074
Eggertsville,NY,-78.80392,42.96339,15019,"Eggertsville, NY",geonames,5116303
Ocotlan de Morelos,OA,-96.67504,16.79183,15016,"Ocotlan de Morelos, OA",geonames,3522451
Alto Lucero,VE,-97.44194,20.95361,15011,"Alto Lucero, VE",geonames,3824536
Batavia,NY,-78.18752,42.99812,15010,"Batavia, NY",geonames,5108093
Guayos,CU,-79.46104,22.04888,15000,Guayos,geonames,3557432
Jamaica,CU,-82.16852,22.97559,15000,Jamaica,geonames,3556406
Le Plateau,QC,-75.7803,45.43514,15000,"Le Plateau, QC",geonames,10627796
Monctezuma,SL,-103.2667,22.6833,15000,"Monctezuma, SL",curated,
Suffolk Downs Station,MA,-70.99783,42.38982,15000,"Suffolk Downs Station, MA",geonames,4952355
Tiptonville,KY,-88.5717,36.7284,15000,Tiptonville,curated,
Armenia,SV,-89.49889,13.74361,14997,"Armenia, SV",geonames,3587333
Benito Juarez,VE,-97.84015,22.20261,14990,"Benito Juarez, VE",geonames,3824169
Bull Run,VA,-77.52055,38.78373,14983,"Bull Run, VA",geonames,4749854
Ammon,ID,-111.96664,43.46964,14960,"Ammon, ID",geonames,5583997
Guajiquiro,HN,-87.83333,14.11667,14959,"Guajiquiro, HN",geonames,3609395
Fort Saskatchewan,AB,-113.21382,53.69814,14957,"Fort Saskatchewan, AB",geonames,5955948
New River,AZ,-112.13599,33.91587,14952,"New River, AZ",geonames,5306523
Kilgore,TX,-94.87577,32.38626,14947,"Kilgore, TX",geonames,4703199
Calkini,CM,-90.05119,20.36905,14934,"Calkini, CM",geonames,3531793
Fullerton,PA,-75.47324,40.63176,14925,"Fullerton, PA",geonames,5190679
Oteapan,VE,-94.66615,18.00173,14925,"Oteapan, VE",geonames,3522279
Knik-Fairview,AK,-149.60012,61.51262,14923,"Knik-Fairview, AK",geonames,7262897
Nuevo Arraijan,PA,-79.72023,8.92643,14920,"Nuevo Arraijan, PA",geonames,3703833
San Nicolas de Bari,CU,-81.91333,22.78444,14914,San Nicolas de Bari,geonames,3538758
Hudson,MA,-71.56618,42.39176,14907,"Hudson, MA",geonames,4940094
Tonawanda,NY,-78.88031,43.02033,14907,"Tonawanda, NY",geonames,5141175
Villa Rica,GA,-84.91911,33.73205,14904,"Villa Rica, GA",geonames,4228452
Alfredo V. Bonfil,QR,-86.84706,21.08776,14900,"Alfredo V. Bonfil, QR",geonames,3822723
North New Hyde Park,NY,-73.69319,40.74316,14899,"North New Hyde Park, NY",geonames,5129147
Burquitlam,BC,-122.88333,49.26667,14896,"Burquitlam, BC",geonames,5912150
Johnstown,CO,-104.9122,40.33693,14896,"Johnstown, CO",geonames,5578536
Lamentin,GP,-61.63166,16.27047,14891,Lamentin,geonames,3579023
Tolland,CT,-72.36869,41.87149,14891,"Tolland, CT",geonames,4844273
Canyon,TX,-101.9188,34.98033,14887,"Canyon, TX",geonames,5518239
Chemax,YU,-87.93693,20.65562,14885,"Chemax, YU",geonames,3531042
Jacksonville,TX,-95.2705,31.96378,14884,"Jacksonville, TX",geonames,4700550
Berea,KY,-84.29632,37.56869,14882,Berea,geonames,4283974
Tenafly,NJ,-73.96292,40.92538,14880,"Tenafly, NJ",geonames,5105300
Marco,FL,-81.72898,25.9726,14879,"Marco, FL",geonames,4163384
Tizapan el Alto,JA,-103.0447,20.15942,14877,"Tizapan el Alto, JA",geonames,3981491
Santa Ana Nextlalpan,EM,-99.07496,19.74171,14871,"Santa Ana Nextlalpan, EM",geonames,3517731
Jackson,MO,-89.66621,37.38227,14869,"Jackson, MO",geonames,4392163
Corinth,MS,-88.52227,34.93425,14866,"Corinth, MS",geonames,4422713
Coto De Caza,CA,-117.58699,33.60419,14866,"Coto De Caza, CA",geonames,5339873
Englewood,FL,-82.3526,26.96201,14863,"Englewood, FL",geonames,4154465
San Miguel Canoa,PU,-98.10306,19.15194,14863,"San Miguel Canoa, PU",geonames,3518281
Coronango,PU,-98.30594,19.1209,14859,"Coronango, PU",geonames,3517265
Crowley,TX,-97.36252,32.57903,14853,"Crowley, TX",geonames,4684434
Saint John,IN,-87.47004,41.45004,14850,"Saint John, IN",geonames,4925793
Midlothian,IL,-87.71755,41.62531,14847,"Midlothian, IL",geonames,4902181
Welby,CO,-104.95915,39.83665,14846,"Welby, CO",geonames,5443482
Bodden Town,KY,-81.2542,19.27647,14845,Bodden Town,geonames,3580733
Horsham,PA,-75.12851,40.17844,14842,"Horsham, PA",geonames,5194302
Mastic Beach,NY,-72.85205,40.76677,14841,"Mastic Beach, NY",geonames,5126209
Mashpee,MA,-70.48114,41.64844,14834,"Mashpee, MA",geonames,4943297
Summerside,PE,-63.78869,46.3912,14829,"Summerside, PE",geonames,6159244
Masonboro,NC,-77.84748,34.17934,14826,"Masonboro, NC",geonames,4478253
Powder Springs,GA,-84.68382,33.85955,14826,"Powder Springs, GA",geonames,4217214
Gaspe,QC,-64.48194,48.83341,14819,"Gaspe, QC",geonames,5959878
Jennings,MO,-90.26039,38.71922,14819,"Jennings, MO",geonames,4392445
Matane,QC,-67.52197,48.82857,14812,"Matane, QC",geonames,6696260
Head of Westport,MA,-71.06199,41.62094,14809,"Head of Westport, MA",geonames,4939191
Santo Tomas,NI,-85.09059,12.06938,14809,"Santo Tomas, NI",geonames,3616349
Comox,BC,-124.93613,49.68294,14806,"Comox, BC",geonames,5926432
Tlaxco,TL,-98.11997,19.61442,14806,"Tlaxco, TL",geonames,3515349
Cerritos,SL,-100.28474,22.42835,14804,"Cerritos, SL",geonames,4014795
Nuuk,GL,-51.72157,64.18347,14798,Nuuk,geonames,3421319
Sierra Vista Southeast,AZ,-110.21637,31.45385,14797,"Sierra Vista Southeast, AZ",geonames,7261785
East Highland Park,VA,-77.40693,37.58098,14796,"East Highland Park, VA",geonames,4756972
Tlalmanalco,EM,-98.80115,19.20521,14786,"Tlalmanalco, EM",geonames,3515438
Sterling,CO,-103.2077,40.6255,14777,"Sterling, CO",curated,
Glen Allen,VA,-77.50637,37.66598,14774,"Glen Allen, VA",geonames,4761054
Johnson City,NY,-75.95881,42.11563,14773,"Johnson City, NY",geonames,5122794
Nuevo San Juan Parangaricutiro,MI,-102.13064,19.41751,14772,"Nuevo San Juan Parangaricutiro, MI",geonames,3994594
Mineral Wells,TX,-98.11282,32.80846,14754,"Mineral Wells, TX",geonames,4711647
Scottsbluff,NE,-103.6672,41.8666,14745,"Scottsbluff, NE",curated,
Mississippi Mills,ON,-76.19939,45.23341,14740,"Mississippi Mills, ON",geonames,6075370
La Entrada,HN,-88.74627,15.06381,14739,"La Entrada, HN",geonames,3607986
Santa Catarina Ixtahuacan,GUA,-91.35866,14.79797,14734,Santa Catarina Ixtahuacan,geonames,3589458
Cherryland,CA,-122.1033,37.67938,14728,"Cherryland, CA",geonames,5336190
Loreto,BS,-111.34888,26.01217,14724,Loreto,geonames,3998287
Scottsboro,AL,-86.03415,34.67231,14722,"Scottsboro, AL",geonames,4088916
Ozark,AL,-85.64049,31.45906,14719,"Ozark, AL",geonames,4081936
Alexander City,AL,-85.95385,32.94401,14718,"Alexander City, AL",geonames,4829843
Lady Lake,FL,-81.92286,28.91749,14717,"Lady Lake, FL",geonames,4161118
Niceville,FL,-86.48217,30.51686,14714,"Niceville, FL",geonames,4165995
Prince Rupert,BC,-130.32098,54.31507,14708,"Prince Rupert, BC",geonames,6113406
West Norriton,PA,-75.37852,40.12955,14702,"West Norriton, PA",geonames,5218827
Owosso,MI,-84.17664,42.9978,14699,"Owosso, MI",geonames,5004792
Blytheville,AR,-89.91898,35.9273,14694,"Blytheville, AR",geonames,4102412
Ellington,CT,-72.46981,41.90399,14693,"Ellington, CT",geonames,4833883
Whitewater,WI,-88.73233,42.83362,14692,"Whitewater, WI",geonames,5278931
Lebanon,MO,-92.66379,37.6806,14688,"Lebanon, MO",geonames,4394794
Hollins,VA,-79.9431,37.34125,14673,"Hollins, VA",geonames,4764534
Forrest City,AR,-90.78983,35.00815,14672,"Forrest City, AR",geonames,4111382
Parkway,CA,-121.45884,38.49602,14670,"Parkway, CA",geonames,5381305
Quiroga,MI,-101.52322,19.66479,14669,"Quiroga, MI",geonames,3991110
Colesville,MD,-77.00192,39.07566,14647,"Colesville, MD",geonames,4351951
Graham,NC,-79.40058,36.06903,14647,"Graham, NC",geonames,4468525
Cinnaminson,NJ,-74.99267,39.99678,14646,"Cinnaminson, NJ",geonames,4501234
Santa Cruz del Valle,JA,-103.43333,20.53333,14637,"Santa Cruz del Valle, JA",geonames,3984437
Fraser,MI,-82.94937,42.5392,14636,"Fraser, MI",geonames,4993369
Chaparral,NM,-106.38566,32.02376,14631,"Chaparral, NM",geonames,5461353
Clark,NJ,-74.31,40.63,14628,"Clark, NJ",geonames,5096655
Juan Rodriguez Clara,VE,-95.40099,17.99283,14628,"Juan Rodriguez Clara, VE",geonames,3520214
Norridge,IL,-87.82728,41.96336,14621,"Norridge, IL",geonames,4903803
Hammonton,NJ,-74.80239,39.63651,14618,"Hammonton, NJ",geonames,4502129
Zephyrhills,FL,-82.18119,28.23362,14611,"Zephyrhills, FL",geonames,4178941
Ciudad Hidalgo,CS,-92.15195,14.68018,14606,"Ciudad Hidalgo, CS",geonames,3530595
College Park,GA,-84.44937,33.65344,14601,"College Park, GA",geonames,4188815
Groveton,VA,-77.0847,38.76734,14598,"Groveton, VA",geonames,4762493
Hawaiian Gardens,CA,-118.07284,33.8314,14592,"Hawaiian Gardens, CA",geonames,5355782
Bloomsburg,PA,-76.45495,41.0037,14585,"Bloomsburg, PA",geonames,5180934
Thibodaux,LA,-90.82287,29.79576,14584,"Thibodaux, LA",geonames,4343429
San Manuel de Colohete,HN,-88.66667,14.45,14583,"San Manuel de Colohete, HN",geonames,3601919
West Nipissing,ON,-79.92451,46.37157,14583,"West Nipissing, ON",geonames,6179259
Santo Tomas,SV,-89.13333,13.64083,14581,"Santo Tomas, SV",geonames,3583183
Saint John East,NB,-66.04066,45.2878,14579,"Saint John East, NB",geonames,6138520
Valle Vista,CA,-116.89336,33.7478,14578,"Valle Vista, CA",geonames,5405346
Alamo,CA,-122.03218,37.8502,14570,"Alamo, CA",geonames,5322794
Druid Hills,GA,-84.33604,33.78038,14568,"Druid Hills, GA",geonames,4192088
El Llano,HG,-99.31976,20.06537,14559,"El Llano, HG",geonames,3528788
Rayside-Balfour,ON,-81.20763,46.60873,14557,"Rayside-Balfour, ON",geonames,6117731
Yankton,SD,-97.39728,42.87111,14557,"Yankton, SD",geonames,5233053
Las Amapolas,VE,-96.19778,19.15194,14553,"Las Amapolas, VE",geonames,3823668
Beech Grove,IN,-86.08998,39.72199,14548,"Beech Grove, IN",geonames,4254304
Cedar Mill,OR,-122.81093,45.52484,14546,"Cedar Mill, OR",geonames,5718492
Lake Saint Louis,MO,-90.78568,38.79755,14545,"Lake Saint Louis, MO",geonames,4394302
San Lucas Toliman,GUA,-91.14659,14.59471,14545,San Lucas Toliman,geonames,3589850
Tantramar,NB,-64.39984,45.93365,14545,"Tantramar, NB",geonames,13592168
Northview,MI,-85.60059,43.04558,14541,"Northview, MI",geonames,5003952
Harrisburg,NC,-80.65784,35.32395,14539,"Harrisburg, NC",geonames,4470109
Warrington,FL,-87.27497,30.38409,14531,"Warrington, FL",geonames,4177465
Progreso,MO,-99.1526,18.88008,14525,"Progreso, MO",geonames,8858125
Royal Kunia,HI,-158.0267,21.39392,14525,"Royal Kunia, HI",geonames,7262791
Greece,NY,-77.69306,43.20978,14519,"Greece, NY",geonames,5119251
Springdale,NJ,-74.97,39.881,14518,"Springdale, NJ",geonames,4504250
Phillipsburg,NJ,-75.19018,40.69371,14515,"Phillipsburg, NJ",geonames,5102615
Guachochi,CH,-107.0713,26.82037,14513,"Guachochi, CH",geonames,4005545
Hopatcong,NJ,-74.65933,40.93288,14510,"Hopatcong, NJ",geonames,5099289
Worthington,OH,-83.01796,40.09312,14498,"Worthington, OH",geonames,5177396
Greensburg,PA,-79.53893,40.30146,14495,"Greensburg, PA",geonames,5192029
Whitman,MA,-70.9356,42.08066,14495,"Whitman, MA",geonames,4955544
Hartselle,AL,-86.93528,34.44343,14493,"Hartselle, AL",geonames,4066449
Miami Springs,FL,-80.2895,25.82232,14490,"Miami Springs, FL",geonames,4164223
South Farmingdale,NY,-73.44012,40.72066,14486,"South Farmingdale, NY",geonames,5138837
East Islip,NY,-73.18567,40.73204,14475,"East Islip, NY",geonames,5115923
Kerman,CA,-120.05988,36.72356,14475,"Kerman, CA",geonames,5362909
Warsaw,IN,-85.85305,41.2381,14472,"Warsaw, IN",geonames,4927854
Glasgow,KY,-85.91192,36.99588,14470,Glasgow,geonames,4292826
Woodward,OK,-99.2455,36.3745,14461,"Woodward, OK",curated,
North Branford,CT,-72.76732,41.3276,14454,"North Branford, CT",geonames,4839636
Benito Juarez,TB,-92.5302,17.83316,14451,"Benito Juarez, TB",geonames,3532281
Brooks,AB,-111.88509,50.58341,14451,"Brooks, AB",geonames,5909514
Fairview,NJ,-73.99903,40.8126,14451,"Fairview, NJ",geonames,5097801
Desamparados,CR,-84.50626,9.94727,14448,"Desamparados, CR",geonames,3623935
Springfield,NJ,-74.31723,40.70491,14429,"Springfield, NJ",geonames,5104952
Chubbuck,ID,-112.46609,42.92075,14428,"Chubbuck, ID",geonames,5588842
Scott Lake,FL,-80.23199,25.94148,14425,"Scott Lake, FL",geonames,4172294
Limon,HN,-85.5,15.86667,14421,"Limon, HN",geonames,3606010
Las Varas,NA,-105.1363,21.17968,14419,"Las Varas, NA",geonames,3999162
Robbinsdale,MN,-93.33856,45.03219,14418,"Robbinsdale, MN",geonames,5043439
Tihuatlan,VE,-97.53335,20.71449,14417,"Tihuatlan, VE",geonames,3515603
Franklin Park,PA,-80.08784,40.5834,14415,"Franklin Park, PA",geonames,5190360
Lindenhurst,IL,-88.02619,42.41058,14408,"Lindenhurst, IL",geonames,4900013
Bridgetown,OH,-84.63717,39.15311,14407,"Bridgetown, OH",geonames,4507067
Callaway,FL,-85.56993,30.15298,14405,"Callaway, FL",geonames,4149635
Rio Grande City,TX,-98.8203,26.37979,14404,"Rio Grande City, TX",geonames,4722837
Pineville,LA,-92.4343,31.3224,14403,"Pineville, LA",geonames,4337291
Cahokia,IL,-90.19011,38.57088,14402,"Cahokia, IL",geonames,4234969
Iosco,MI,-83.5147,44.2695,14400,"Iosco, MI",curated,
Port Antonio,JM,-76.45215,18.17889,14400,Port Antonio,geonames,3489005
Reeves,TX,-103.6584,31.232,14400,"Reeves, TX",curated,
Vernon,TX,-99.2861,34.1513,14400,"Vernon, TX",curated,
Willapa Hills,WA,-123.7329,46.6865,14400,"Willapa Hills, WA",curated,
Sarasota Springs,FL,-82.47954,27.30894,14395,"Sarasota Springs, FL",geonames,4172150
Mill Valley,CA,-122.54498,37.90604,14394,"Mill Valley, CA",geonames,5373121
Hugo,MN,-92.99327,45.15997,14388,"Hugo, MN",geonames,5030884
Moultrie,GA,-83.78906,31.17991,14377,"Moultrie, GA",geonames,4210397
Brooklyn Park,MD,-76.61636,39.22844,14373,"Brooklyn Park, MD",geonames,4349599
Chicago Ridge,IL,-87.77922,41.70142,14373,"Chicago Ridge, IL",geonames,4887492
Cutlerville,MI,-85.66364,42.84086,14370,"Cutlerville, MI",geonames,4990242
Morris,IL,-88.42118,41.35725,14363,"Morris, IL",geonames,4902706
Santa Clara del Cobre,MI,-101.63991,19.40664,14359,"Santa Clara del Cobre, MI",geonames,3980184
Hartford,WI,-88.37899,43.31778,14355,"Hartford, WI",geonames,5255628
Brookside,DE,-75.72688,39.66706,14353,"Brookside, DE",geonames,4141674
Beacon,NY,-73.96958,41.50482,14347,"Beacon, NY",geonames,5108219
Highland Park,NJ,-74.42432,40.49594,14347,"Highland Park, NJ",geonames,5099057
Woodcrest,CA,-117.35727,33.88224,14347,"Woodcrest, CA",geonames,5410382
Goascoran,HN,-87.61667,13.58333,14342,"Goascoran, HN",geonames,3609608
Belle-Baie,NB,-65.74496,47.76532,14335,"Belle-Baie, NB",geonames,13592147
Greendale,WI,-87.99592,42.94057,14333,"Greendale, WI",geonames,5255057
Antioch,IL,-88.09564,42.47724,14329,"Antioch, IL",geonames,4883393
High River,AB,-113.86867,50.58341,14324,"High River, AB",geonames,5975038
San Vicente,NA,-105.25012,20.74888,14324,"San Vicente, NA",geonames,4029310
Hunters Creek,FL,-81.42229,28.36056,14321,"Hunters Creek, FL",geonames,4159416
Carthage,MO,-94.31022,37.17645,14319,"Carthage, MO",geonames,4380202
Manorville,NY,-72.80788,40.87371,14314,"Manorville, NY",geonames,5125817
Phelan,CA,-117.57228,34.42611,14304,"Phelan, CA",geonames,5382362
Glasgow,DE,-75.74521,39.60483,14303,"Glasgow, DE",geonames,4142683
Berea,SC,-82.45596,34.8854,14295,"Berea, SC",geonames,4570664
Glens Falls,NY,-73.64401,43.30952,14291,"Glens Falls, NY",geonames,5118693
General Miguel Aleman,VE,-96.79665,18.8921,14287,"General Miguel Aleman, VE",geonames,3823806
Los Osos,CA,-120.8324,35.31109,14276,"Los Osos, CA",geonames,5368565
New Franklin,OH,-81.54151,40.94172,14275,"New Franklin, OH",geonames,5164274
Lacombe,AB,-113.7353,52.46681,14258,"Lacombe, AB",geonames,6035615
Hershey,PA,-76.65025,40.28592,14257,"Hershey, PA",geonames,5193342
Knightdale,NC,-78.48056,35.78765,14256,"Knightdale, NC",geonames,4474527
Palmira,VE,-97.11139,18.88278,14256,"Palmira, VE",geonames,8858127
Hewitt,TX,-97.19584,31.46239,14252,"Hewitt, TX",geonames,4697330
Villa de El Carmen Tequexquitla,TL,-97.6535,19.32426,14249,"Villa de El Carmen Tequexquitla, TL",geonames,3815299
Cheran,MI,-101.95403,19.68621,14245,"Cheran, MI",geonames,4014409
Tlaxcoapan,HG,-99.22042,20.09163,14241,"Tlaxcoapan, HG",geonames,3515351
Alpine,CA,-116.76641,32.83505,14236,"Alpine, CA",geonames,5323401
Gibsonton,FL,-82.38259,27.85364,14234,"Gibsonton, FL",geonames,4156748
Pueblo Yaqui,SO,-110.034,27.35515,14234,"Pueblo Yaqui, SO",geonames,3991547
Gantt,SC,-82.42429,34.80012,14229,"Gantt, SC",geonames,4579484
Lakeway,TX,-97.97959,30.36377,14217,"Lakeway, TX",geonames,4705041
Moorestown-Lenola,NJ,-74.96441,39.96591,14217,"Moorestown-Lenola, NJ",geonames,7258303
Murraysville,NC,-77.84748,34.29572,14215,"Murraysville, NC",geonames,4481345
Pichucalco,CS,-93.11591,17.51,14212,"Pichucalco, CS",geonames,3521574
Canton,IL,-90.03512,40.55809,14211,"Canton, IL",geonames,4831990
Bradley Gardens,NJ,-74.6546,40.56288,14206,"Bradley Gardens, NJ",geonames,5095887
Elk Plain,WA,-122.39762,47.05316,14205,"Elk Plain, WA",geonames,5793609
Camano,WA,-122.52821,48.17399,14202,"Camano, WA",geonames,5788816
Jalpa,ZA,-102.97906,21.63241,14199,"Jalpa, ZA",geonames,4004148
Bayou Boeuf,LA,-90.59675,29.86937,14195,"Bayou Boeuf, LA",geonames,4315756
Grand Bayou Mobile Home Park,LA,-90.77711,29.90802,14195,"Grand Bayou Mobile Home Park, LA",geonames,7707961
Blossom Park,ON,-75.62667,45.34889,14190,"Blossom Park, ON",geonames,5904032
Berkeley Heights,NJ,-74.44265,40.68343,14179,"Berkeley Heights, NJ",geonames,5095617
Mount Holly,NC,-81.01591,35.29819,14176,"Mount Holly, NC",geonames,4480560
Butucu,AW,-69.91439,12.47246,14175,Butucu,geonames,3577256
San Nicolas,AW,-69.90713,12.43624,14175,San Nicolas,geonames,3577089
Tenancingo de Degollado,EM,-99.5903,18.96136,14174,"Tenancingo de Degollado, EM",geonames,3516006
Rosemere,QC,-73.79919,45.63338,14173,"Rosemere, QC",geonames,6127681
Cherry Hill Mall,NJ,-75.00906,39.93595,14171,"Cherry Hill Mall, NJ",geonames,4501204
Oldsmar,FL,-82.6651,28.03418,14170,"Oldsmar, FL",geonames,4166936
Williams Lake,BC,-122.14451,52.14153,14168,"Williams Lake, BC",geonames,6182212
Fort Payne,AL,-85.71969,34.44425,14150,"Fort Payne, AL",geonames,4062861
Sainte-Monique,QC,-71.84911,48.73339,14150,"Sainte-Monique, QC",geonames,6138048
Wykagyl,NY,-73.79902,40.94149,14146,"Wykagyl, NY",geonames,5145142
Jefferson Valley-Yorktown,NY,-73.80066,41.31797,14142,"Jefferson Valley-Yorktown, NY",geonames,7258782
Five Forks,SC,-82.22956,34.80484,14140,"Five Forks, SC",geonames,4578602
Hayden,ID,-116.78658,47.76602,14133,"Hayden, ID",geonames,5595320
Red Bluff,CA,-122.23583,40.17849,14131,"Red Bluff, CA",geonames,5570065
Tepoztlan,MO,-99.10051,18.98622,14130,"Tepoztlan, MO",geonames,3515811
New Fairfield,CT,-73.48568,41.46648,14126,"New Fairfield, CT",geonames,4839345
Piraera,HN,-88.46667,14.06667,14124,"Piraera, HN",geonames,3603604
Forest Park,IL,-87.81367,41.87948,14123,"Forest Park, IL",geonames,4892775
Hickory Hills,IL,-87.82506,41.72559,14122,"Hickory Hills, IL",geonames,4895767
Hyannis,MA,-70.2828,41.65289,14120,"Hyannis, MA",geonames,4940190
Hazel Crest,IL,-87.69449,41.5717,14118,"Hazel Crest, IL",geonames,4895416
Zunil,GUA,-91.48345,14.78463,14118,Zunil,geonames,3587510
Anahuac,VE,-97.85506,22.20275,14116,"Anahuac, VE",geonames,3532870
Whitefish Bay,WI,-87.90009,43.11334,14110,"Whitefish Bay, WI",geonames,5278897
Weehawken,NJ,-74.02042,40.76955,14104,"Weehawken, NJ",geonames,5106184
North Reading,MA,-71.07867,42.57509,14101,"North Reading, MA",geonames,4945734
Barillas,GUA,-91.31583,15.80361,14100,Barillas,geonames,3599575
Indiana,PA,-79.15253,40.62146,14100,"Indiana, PA",geonames,5194868
San Jose el Alto,QT,-100.38221,20.65345,14094,"San Jose el Alto, QT",geonames,3986090
Pierre,SD,-100.351,44.3683,14091,"Pierre, SD",curated,
Fish Hawk,FL,-82.21092,27.85058,14087,"Fish Hawk, FL",geonames,4155430
Longwood,FL,-81.3384,28.70305,14085,"Longwood, FL",geonames,4162783
Barracks Row,DC,-76.995,38.88128,14080,Washington D.C.,geonames,13526883
Jasper,AL,-87.27751,33.83122,14071,"Jasper, AL",geonames,4069659
Reidsville,NC,-79.66447,36.35486,14067,"Reidsville, NC",geonames,4487682
Dentsville,SC,-80.95815,34.06404,14062,"Dentsville, SC",geonames,4576573
Northbridge,MA,-71.64951,42.15148,14061,"Northbridge, MA",geonames,4945848
New Cassel,NY,-73.56957,40.75899,14059,"New Cassel, NY",geonames,5128478
Rosedale,CA,-119.14538,35.38357,14058,"Rosedale, CA",geonames,5388843
Apollo Beach,FL,-82.40759,27.77308,14055,"Apollo Beach, FL",geonames,4146161
Ezequiel Montes,QT,-99.89872,20.6657,14053,"Ezequiel Montes, QT",geonames,3527656
Waycross,GA,-82.3557,31.21368,14053,"Waycross, GA",geonames,4229763
Ruiz,NA,-105.1449,21.95053,14050,"Ruiz, NA",geonames,3988361
Washington,MO,-91.01209,38.55811,14050,"Washington, MO",geonames,4413621
Chippewa Falls,WI,-91.39293,44.93691,14047,"Chippewa Falls, WI",geonames,5248511
Westwood,MA,-71.2245,42.21399,14029,"Westwood, MA",geonames,4955317
Mount Washington,KY,-85.54579,38.05006,14028,Mount Washington,geonames,4301732
East Bridgewater,MA,-70.95921,42.03343,14021,"East Bridgewater, MA",geonames,4935330
Trancoso,ZA,-102.36588,22.73566,14021,"Trancoso, ZA",geonames,3981145
Washington Court House,OH,-83.43908,39.53645,14019,"Washington Court House, OH",geonames,4527660
Halawa,HI,-157.92167,21.37944,14014,"Halawa, HI",geonames,5855319
Rocky Point,NY,-72.92538,40.9526,14014,"Rocky Point, NY",geonames,5134235
Holliston,MA,-71.4245,42.2001,14010,"Holliston, MA",geonames,4939693
Collingswood,NJ,-75.07128,39.91817,14000,"Collingswood, NJ",geonames,4501306
Concepcion,CR,-84.00123,9.92683,14000,"Concepcion, CR",geonames,3624142
Duvernay-Est,QC,-73.60514,45.65476,14000,"Duvernay-Est, QC",geonames,5944528
Horizon West,FL,-81.6227,28.43383,14000,"Horizon West, FL",geonames,7315230
King City,CA,-121.126,36.2127,14000,"King City, CA",curated,
Canmore,AB,-115.35206,51.08335,13992,"Canmore, AB",geonames,5914894
Elfers,FL,-82.72232,28.21668,13986,"Elfers, FL",geonames,4154336
McFarland,CA,-119.22927,35.67801,13985,"McFarland, CA",geonames,5371530
Sayula de Aleman,VE,-94.95986,17.88191,13980,"Sayula de Aleman, VE",geonames,3516723
Sabana de la Mar,DO,-69.38843,19.05934,13977,Sabana de la Mar,geonames,3493568
Beach Park,IL,-87.8573,42.42224,13976,"Beach Park, IL",geonames,4884249
Sun Lakes,AZ,-111.87542,33.21116,13975,"Sun Lakes, AZ",geonames,5316209
Fairburn,GA,-84.58104,33.56706,13967,"Fairburn, GA",geonames,4194121
Lincoln,IL,-89.36482,40.14838,13966,"Lincoln, IL",geonames,4899822
Seekonk,MA,-71.337,41.80843,13966,"Seekonk, MA",geonames,4950541
Upper Grand Lagoon,FL,-85.74076,30.16326,13963,"Upper Grand Lagoon, FL",geonames,4176277
Villa de Zaachila,OA,-96.74934,16.95048,13959,"Villa de Zaachila, OA",geonames,3514189
Willowick,OH,-81.46873,41.6331,13957,"Willowick, OH",geonames,5177007
Ciudad Manuel Doblado,GT,-101.95303,20.72778,13956,"Ciudad Manuel Doblado, GT",geonames,4013705
Orange,CT,-73.02566,41.27843,13956,"Orange, CT",geonames,4840104
Real del Valle (El Paraiso) [Fraccionamiento],JA,-103.36972,20.54556,13949,"Real del Valle (El Paraiso) [Fraccionamiento], JA",geonames,8858129
South Venice,FL,-82.42426,27.05311,13949,"South Venice, FL",geonames,4173593
Cueramaro,GT,-101.67173,20.62586,13948,"Cueramaro, GT",geonames,4012341
Maumee,OH,-83.65382,41.56283,13940,"Maumee, OH",geonames,5162137
Allouez,WI,-88.01621,44.47749,13930,"Allouez, WI",geonames,5243770
Nacaome,HN,-87.48913,13.53917,13929,"Nacaome, HN",geonames,3604522
Paradise Valley,AZ,-111.94265,33.53115,13922,"Paradise Valley, AZ",geonames,5308049
Simcoe,ON,-80.29967,42.8334,13922,"Simcoe, ON",geonames,6147962
Moberly,MO,-92.43824,39.41837,13919,"Moberly, MO",geonames,4398730
Wood Dale,IL,-87.97896,41.96336,13917,"Wood Dale, IL",geonames,4916975
Covington,GA,-83.86018,33.59678,13916,"Covington, GA",geonames,4189785
Saint Simon Mills,GA,-81.40732,31.17079,13915,"Saint Simon Mills, GA",geonames,4220861
Levelland,TX,-102.37796,33.58732,13914,"Levelland, TX",geonames,5525042
Amherstburg,ON,-83.09985,42.10009,13910,"Amherstburg, ON",geonames,5884472
Miahuatlan,PU,-97.43953,18.54983,13909,"Miahuatlan, PU",geonames,3516936
Saraland,AL,-88.07056,30.82074,13906,"Saraland, AL",geonames,4088628
Villa del Campo,BC,-116.73833,32.5075,13906,"Villa del Campo, BC",geonames,8858130
Livingston,CA,-120.72353,37.38688,13902,"Livingston, CA",geonames,5367427
Marietta,OH,-81.45484,39.41535,13900,"Marietta, OH",geonames,4517586
Falls Church,VA,-77.17109,38.88233,13892,"Falls Church, VA",geonames,4758390
Acala,CS,-92.80772,16.5561,13889,"Acala, CS",geonames,3533483
Metuchen,NJ,-74.3632,40.54316,13886,"Metuchen, NJ",geonames,5101125
Pembroke,ON,-77.11616,45.81681,13882,"Pembroke, ON",geonames,6100832
Olean,NY,-78.42974,42.07756,13870,"Olean, NY",geonames,5129780
Oneonta,NY,-75.06377,42.45286,13862,"Oneonta, NY",geonames,5129852
Ephrata,PA,-76.17884,40.17982,13861,"Ephrata, PA",geonames,5188815
San Jacinto Amilpas,OA,-96.76228,17.10188,13860,"San Jacinto Amilpas, OA",geonames,3801595
Circleville,OH,-82.94601,39.60062,13857,"Circleville, OH",geonames,4508778
San Salvador Cuauhtenco,DF,-99.08983,19.19276,13856,"San Salvador Cuauhtenco, DF",geonames,3827382
Forest City,FL,-81.44334,28.66678,13854,"Forest City, FL",geonames,4155824
Grand Falls-Windsor,NL,-55.66492,48.93324,13853,"Grand Falls-Windsor, NL",geonames,5964378
Alajuelita,CR,-84.10037,9.90294,13845,"Alajuelita, CR",geonames,3624951
Apaxco de Ocampo,EM,-99.17112,19.97512,13836,"Apaxco de Ocampo, EM",geonames,3532803
Harper Woods,MI,-82.92408,42.43309,13836,"Harper Woods, MI",geonames,4995368
Paradera,AW,-70.00688,12.5351,13834,Paradera,geonames,3577150
Princeton Meadows,NJ,-74.56377,40.33177,13834,"Princeton Meadows, NJ",geonames,5102941
Whitehall,PA,-79.99089,40.36118,13834,"Whitehall, PA",geonames,5219271
Batabano,CU,-82.29006,22.71736,13832,Batabano,geonames,3567655
Tlacolula de Matamoros,OA,-96.47764,16.95525,13821,"Tlacolula de Matamoros, OA",geonames,3515484
Andrews,TX,-102.54572,32.31872,13816,"Andrews, TX",geonames,5516288
Hendersonville,NC,-82.46095,35.31873,13814,"Hendersonville, NC",geonames,4470592
Wauconda,IL,-88.13925,42.25891,13814,"Wauconda, IL",geonames,4915725
Fort Carson,CO,-104.78886,38.73749,13813,"Fort Carson, CO",geonames,5422140
Oak Park,CA,-118.76287,34.17917,13811,"Oak Park, CA",geonames,5378408
Stanford,CA,-122.16608,37.42411,13809,"Stanford, CA",geonames,5398563
Pottsville,PA,-76.1955,40.68565,13802,"Pottsville, PA",geonames,5207080
Vicente Guerrero,OA,-96.70139,16.93306,13794,"Vicente Guerrero, OA",geonames,8858131
Homosassa Springs,FL,-82.57593,28.80359,13791,"Homosassa Springs, FL",geonames,4159077
Ladson,SC,-80.10981,32.98573,13790,"Ladson, SC",geonames,4584277
Swampscott,MA,-70.91755,42.47093,13787,"Swampscott, MA",geonames,4952468
Negril,JM,-78.3481,18.26844,13779,Negril,geonames,3489331
Auburn,CA,-121.07689,38.89657,13776,"Auburn, CA",geonames,5325223
Sharonville,OH,-84.41327,39.26811,13774,"Sharonville, OH",geonames,4524499
Elizabethton,TN,-82.21069,36.34872,13772,"Elizabethton, TN",geonames,4620634
Villa Juarez,SO,-109.83707,27.12981,13770,"Villa Juarez, SO",geonames,3980161
Atarasquillo,EM,-99.46899,19.32831,13769,"Atarasquillo, EM",geonames,3517284
Clarksburg,MD,-77.27943,39.23872,13766,"Clarksburg, MD",geonames,4351708
McMinnville,TN,-85.76998,35.6834,13759,"McMinnville, TN",geonames,4640882
Cromwell,CT,-72.64537,41.5951,13750,"Cromwell, CT",geonames,4832121
Buford,GA,-84.00435,34.12066,13748,"Buford, GA",geonames,4185110
San Miguel Chicaj,GUA,-90.39442,15.09472,13747,San Miguel Chicaj,geonames,3589730
West Richland,WA,-119.36141,46.3043,13746,"West Richland, WA",geonames,5815599
Wixom,MI,-83.53633,42.52476,13746,"Wixom, MI",geonames,5015351
Brisas Barra de Suchiate,CS,-92.22414,14.53588,13743,"Brisas Barra de Suchiate, CS",geonames,3516497
Greenlawn,NY,-73.36512,40.86899,13742,"Greenlawn, NY",geonames,5119377
Intibuca,HN,-88.17608,14.31226,13741,"Intibuca, HN",geonames,3608834
Stony Brook,NY,-73.14094,40.92565,13740,"Stony Brook, NY",geonames,5139865
Mountain Home,ID,-115.6912,43.13295,13730,"Mountain Home, ID",geonames,5601615
Waimalu,HI,-157.93882,21.38955,13730,"Waimalu, HI",geonames,5854530
Carpinteria,CA,-119.51846,34.39888,13727,"Carpinteria, CA",geonames,5334423
Salida,CA,-121.08494,37.70576,13722,"Salida, CA",geonames,5391291
Sienna Plantation,TX,-95.508,29.48607,13721,"Sienna Plantation, TX",geonames,4728608
Seabrook,TX,-95.02548,29.56412,13716,"Seabrook, TX",geonames,4727596
La Joya,MO,-99.12337,18.89064,13715,"La Joya, MO",geonames,11228715
Gardendale,AL,-86.81277,33.6601,13711,"Gardendale, AL",geonames,4063765
Hidalgo,TX,-98.26307,26.10035,13709,"Hidalgo, TX",geonames,4697442
Muscle Shoals,AL,-87.66753,34.74481,13706,"Muscle Shoals, AL",geonames,4078964
Buda,TX,-97.84028,30.08521,13705,"Buda, TX",geonames,4050880
Mebane,NC,-79.26696,36.09597,13698,"Mebane, NC",geonames,4478877
Baker,LA,-91.16816,30.58824,13695,"Baker, LA",geonames,4315312
Richton Park,IL,-87.70338,41.48448,13695,"Richton Park, IL",geonames,4907514
Ingersoll,ON,-80.88302,43.03339,13693,"Ingersoll, ON",geonames,5983175
Lyndhurst,OH,-81.48873,41.52005,13691,"Lyndhurst, OH",geonames,5161493
Athens,TN,-84.59299,35.44285,13688,"Athens, TN",geonames,4603284
Fort Campbell North,KY,-87.46056,36.65429,13685,Fort Campbell North,geonames,7259770
San Pedro Pochutla,OA,-96.4657,15.74555,13685,"San Pedro Pochutla, OA",geonames,3517970
Union Hidalgo,OA,-94.82952,16.4723,13683,"Union Hidalgo, OA",geonames,3514916
East Greenwich,RI,-71.45589,41.66038,13682,"East Greenwich, RI",geonames,5221875
Palos Verdes Estates,CA,-118.39245,33.80105,13682,"Palos Verdes Estates, CA",geonames,5380883
Thompson,MB,-97.85579,55.7435,13678,"Thompson, MB",geonames,6165406
Canton,MS,-90.03675,32.61264,13676,"Canton, MS",geonames,4420617
Boerne,TX,-98.73197,29.79466,13674,"Boerne, TX",geonames,4675373
Santa Maria Xonacatepec,PU,-98.10361,19.08944,13673,"Santa Maria Xonacatepec, PU",geonames,3517190
Saint Ann's Bay,JM,-77.20098,18.43581,13671,Saint Ann's Bay,geonames,3488713
Roselle Park,NJ,-74.26431,40.66455,13670,"Roselle Park, NJ",geonames,5103503
San Pablo,GUA,-92.00415,14.93269,13668,San Pablo,geonames,3589677
San Antonio Suchitepequez,GUA,-91.41442,14.53938,13666,San Antonio Suchitepequez,geonames,3590412
Fort Mill,SC,-80.94508,35.00737,13662,"Fort Mill, SC",geonames,4578977
Aldama,TM,-98.07523,22.92096,13661,"Aldama, TM",geonames,3533079
East Wenatchee,WA,-120.29313,47.41568,13659,"East Wenatchee, WA",geonames,5793271
Olivehurst,CA,-121.55219,39.09545,13656,"Olivehurst, CA",geonames,5379264
Yahualica de Gonzalez Gallo,JA,-102.88611,21.17978,13655,"Yahualica de Gonzalez Gallo, JA",geonames,3979982
Bexley,OH,-82.93768,39.96895,13654,"Bexley, OH",geonames,4506487
Moss Point,MS,-88.53446,30.41159,13654,"Moss Point, MS",geonames,4436743
Cuitlahuac,VE,-96.72281,18.81429,13651,"Cuitlahuac, VE",geonames,3529911
Gutierrez Zamora,VE,-97.08588,20.45347,13651,"Gutierrez Zamora, VE",geonames,3527186
Pell City,AL,-86.28609,33.58621,13646,"Pell City, AL",geonames,4082589
Martinsville,VA,-79.87254,36.69153,13645,"Martinsville, VA",geonames,4771808
Copley,OH,-81.64457,41.09894,13641,"Copley, OH",geonames,5151117
Monroe,GA,-83.71323,33.79484,13641,"Monroe, GA",geonames,4209884
San Pedro Tultepec,EM,-99.50934,19.26514,13634,"San Pedro Tultepec, EM",geonames,3827267
Cayce,SC,-81.07398,33.96571,13619,"Cayce, SC",geonames,4573888
West Freehold,NJ,-74.30126,40.24206,13613,"West Freehold, NJ",geonames,5106262
Miami,OK,-94.87746,36.87451,13611,"Miami, OK",geonames,4542692
La Grange Park,IL,-87.86173,41.83475,13608,"La Grange Park, IL",geonames,4898850
Port Orchard,WA,-122.63625,47.54037,13607,"Port Orchard, WA",geonames,5807236
Millbury,MA,-71.76007,42.19398,13606,"Millbury, MA",geonames,4944122
Hampton Bays,NY,-72.51759,40.86899,13603,"Hampton Bays, NY",geonames,5119899
Grover Beach,CA,-120.62128,35.12164,13600,"Grover Beach, CA",geonames,5354552
New Hamburg,ON,-80.6997,43.38339,13595,"New Hamburg, ON",geonames,6087591
Strathmore,AB,-113.38523,51.05011,13592,"Strathmore, AB",geonames,6158023
East Norriton,PA,-75.33637,40.15043,13590,"East Norriton, PA",geonames,7258242
Quilali,NI,-86.026,13.56695,13590,"Quilali, NI",geonames,3617109
San Andres,HN,-88.55,14.21667,13585,"San Andres, HN",geonames,3602531
Poncitlan,JA,-102.92395,20.38111,13581,"Poncitlan, JA",geonames,3992212
Lebanon,NH,-72.25176,43.64229,13579,"Lebanon, NH",geonames,5088597
Jericho,NY,-73.53985,40.79204,13567,"Jericho, NY",geonames,5122638
Lewisville,NC,-80.41922,36.09708,13567,"Lewisville, NC",geonames,4475767
Coyuca de Benitez,GR,-100.08714,17.00895,13566,"Coyuca de Benitez, GR",geonames,4012608
Hudson,WI,-92.75687,44.97469,13566,"Hudson, WI",geonames,5257080
Morelos,MI,-101.23889,19.64889,13565,"Morelos, MI",geonames,8858132
Sainte-Marie,QC,-71.01168,46.43401,13565,"Sainte-Marie, QC",geonames,6945989
Sharon,PA,-80.4934,41.23311,13562,"Sharon, PA",geonames,5211683
Cotija de la Paz,MI,-102.70212,19.8101,13560,"Cotija de la Paz, MI",geonames,4012685
Miguel Auza,ZA,-103.45113,24.29445,13551,"Miguel Auza, ZA",geonames,3995943
Verona,NJ,-74.24015,40.82982,13545,"Verona, NJ",geonames,5105809
Swansea,IL,-89.98899,38.53394,13543,"Swansea, IL",geonames,4251003
Warrensville Heights,OH,-81.53623,41.43505,13542,"Warrensville Heights, OH",geonames,5175726
Monjas,GUA,-89.87246,14.50309,13541,Monjas,geonames,3592477
Southern Pines,NC,-79.39225,35.17405,13539,"Southern Pines, NC",geonames,4492722
Riverdale,IL,-87.6331,41.63337,13536,"Riverdale, IL",geonames,4907683
Glenmont,MD,-77.0497,39.05789,13529,"Glenmont, MD",geonames,4356280
Henderson,TX,-94.79938,32.15322,13529,"Henderson, TX",geonames,4046332
North Mankato,MN,-94.03385,44.1733,13529,"North Mankato, MN",geonames,5039537
Hockessin,DE,-75.6966,39.78761,13527,"Hockessin, DE",geonames,4142969
Destin,FL,-86.49578,30.39353,13523,"Destin, FL",geonames,4153188
Mount Dora,FL,-81.64452,28.80249,13519,"Mount Dora, FL",geonames,4165069
Lynden,WA,-122.45211,48.9465,13517,"Lynden, WA",geonames,5802035
Etzatlan,JA,-104.07899,20.76652,13513,"Etzatlan, JA",geonames,4006380
Naranja,FL,-80.42283,25.51816,13509,"Naranja, FL",geonames,4165580
Havre de Grace,MD,-76.09162,39.54928,13504,"Havre de Grace, MD",geonames,4357617
Palmetto Estates,FL,-80.362,25.62149,13498,"Palmetto Estates, FL",geonames,4167647
Waxhaw,NC,-80.7434,34.92459,13495,"Waxhaw, NC",geonames,4497833
White Center,WA,-122.35485,47.51732,13495,"White Center, WA",geonames,5815759
River Ridge,LA,-90.21563,29.9602,13494,"River Ridge, LA",geonames,4338818
Talanga,HN,-87.08333,14.4,13492,"Talanga, HN",geonames,3601072
Olympia Heights,FL,-80.35533,25.72677,13488,"Olympia Heights, FL",geonames,4166979
Village of Campton Hills,IL,-88.3975,41.9366,13483,"Village of Campton Hills, IL",geonames,6930979
Conway,FL,-81.33062,28.50278,13467,"Conway, FL",geonames,4151745
Glenn Dale,MD,-76.82053,38.98761,13466,"Glenn Dale, MD",geonames,4356289
San Marino,CA,-118.10646,34.1214,13464,"San Marino, CA",geonames,5392400
Englewood,OH,-84.30217,39.87756,13460,"Englewood, OH",geonames,4511064
Orangeburg,SC,-80.85565,33.49182,13460,"Orangeburg, SC",geonames,4590184
Ascension,CH,-107.99642,31.09205,13456,"Ascension, CH",geonames,4003582
San Carlos,NI,-84.77794,11.12711,13451,"San Carlos, NI",geonames,3616911
Solana Beach,CA,-117.27115,32.99115,13449,"Solana Beach, CA",geonames,5396974
Timberwood Park,TX,-98.49741,29.69438,13447,"Timberwood Park, TX",geonames,4736922
Lockhart,TX,-97.67,29.88494,13446,"Lockhart, TX",geonames,4707295
Brecksville,OH,-81.62679,41.31978,13440,"Brecksville, OH",geonames,5148115
Marti,CU,-80.9187,22.94691,13439,Marti,geonames,3547519
Chesterton,IN,-87.0642,41.61059,13433,"Chesterton, IN",geonames,4918962
Sauk Rapids,MN,-94.1661,45.59191,13424,"Sauk Rapids, MN",geonames,5046038
South Park Township,PA,-79.99405,40.29864,13416,"South Park Township, PA",geonames,7259013
La Mira,MI,-102.32586,18.03658,13415,"La Mira, MI",geonames,4026074
Oatfield,OR,-122.60007,45.41418,13415,"Oatfield, OR",geonames,7262019
Paso del Macho,VE,-96.72419,18.97098,13413,"Paso del Macho, VE",geonames,3521833
Halawa Heights,HI,-157.91388,21.37848,13408,"Halawa Heights, HI",geonames,5855327
Duverge,DO,-71.52469,18.37839,13405,Duverge,geonames,3508694
Mont-Laurier,QC,-75.4993,46.55011,13405,"Mont-Laurier, QC",geonames,6077128
Villa Union,SI,-106.21947,23.18992,13404,"Villa Union, SI",geonames,3980125
La Democracia,GUA,-90.94806,14.22919,13400,La Democracia,geonames,3594753
Monroe,OH,-84.36216,39.44034,13393,"Monroe, OH",geonames,4518550
Kings Park West,VA,-77.29582,38.81443,13390,"Kings Park West, VA",geonames,7315398
Nesconset,NY,-73.154,40.85204,13387,"Nesconset, NY",geonames,5128433
Acuitlapilco,TL,-98.23542,19.27333,13386,"Acuitlapilco, TL",geonames,3533380
Empalme Escobedo,GT,-100.74892,20.67174,13384,"Empalme Escobedo, GT",geonames,4006804
Cambita Garabitos,DO,-70.19907,18.45458,13382,Cambita Garabitos,geonames,3510637
Belmopan,BZ,-88.76401,17.25376,13381,"Belmopan, BZ",geonames,3582672
Dunmore,PA,-75.63241,41.4198,13379,"Dunmore, PA",geonames,5187542
Grain Valley,MO,-94.19856,39.01501,13379,"Grain Valley, MO",geonames,4388402
Western Springs,IL,-87.90062,41.80975,13369,"Western Springs, IL",geonames,4916161
Riviere-Pilote,MQ,-60.90257,14.48738,13359,Riviere-Pilote,geonames,3569970
Coquimatlan,CL,-103.80952,19.20625,13358,"Coquimatlan, CL",geonames,4012905
Sault Ste. Marie,MI,-84.3458,46.4953,13355,"Sault Ste. Marie, MI",curated,
Discovery Bay,CA,-121.60023,37.90854,13352,"Discovery Bay, CA",geonames,5343202
Bedford,IN,-86.48721,38.86116,13347,"Bedford, IN",geonames,4254282
Cadereyta de Montes,QT,-99.81511,20.6948,13347,"Cadereyta de Montes, QT",geonames,3531863
Bellair-Meadowbrook Terrace,FL,-81.74341,30.17881,13343,"Bellair-Meadowbrook Terrace, FL",geonames,7259949
Minas de Oro,HN,-87.34654,14.79611,13341,"Minas de Oro, HN",geonames,3604795
Saint James,NY,-73.15678,40.87899,13338,"Saint James, NY",geonames,5135192
Ridge,NY,-72.89594,40.89399,13336,"Ridge, NY",geonames,5133832
New Ulm,MN,-94.46053,44.31246,13327,"New Ulm, MN",geonames,5039173
South Sioux City,NE,-96.41364,42.47388,13319,"South Sioux City, NE",geonames,5079250
Ciudad Dario,NI,-86.12402,12.73143,13318,"Ciudad Dario, NI",geonames,3620350
Warrenville,IL,-88.1734,41.81781,13317,"Warrenville, IL",geonames,4915525
Huron,SD,-98.21426,44.36332,13313,"Huron, SD",geonames,5228673
Shorewood,WI,-87.88758,43.08918,13311,"Shorewood, WI",geonames,5273084
Waunakee,WI,-89.45567,43.19194,13311,"Waunakee, WI",geonames,5278073
Jalacingo,VE,-97.3083,19.80333,13310,"Jalacingo, VE",geonames,3526625
San Andres Mixquic,DF,-98.96408,19.22512,13310,"San Andres Mixquic, DF",geonames,3523124
Juriquilla,QT,-100.45705,20.7114,13309,"Juriquilla, QT",geonames,4003675
Capilla de Guadalupe,JA,-102.59136,20.82718,13308,"Capilla de Guadalupe, JA",geonames,4015546
Beaufort,SC,-80.66993,32.4317,13306,"Beaufort, SC",geonames,4570284
Filomeno Mata,VE,-97.70392,20.20004,13304,"Filomeno Mata, VE",geonames,3527624
Portage la Prairie,MB,-98.29263,49.97282,13304,"Portage la Prairie, MB",geonames,6111529
San Miguel Octopan,GT,-100.74793,20.57435,13303,"San Miguel Octopan, GT",geonames,3985307
Avenal,CA,-120.12903,36.00412,13301,"Avenal, CA",geonames,5325327
Monticello,MN,-93.79414,45.30552,13299,"Monticello, MN",geonames,5038045
Riverhead,NY,-72.66204,40.91704,13299,"Riverhead, NY",geonames,5133926
West Carrollton City,OH,-84.25216,39.67228,13297,"West Carrollton City, OH",geonames,4527963
Franklin Park,NJ,-74.53515,40.43899,13295,"Franklin Park, NJ",geonames,5098247
Piney Green,NC,-77.32024,34.716,13293,"Piney Green, NC",geonames,4485355
Butler,PA,-79.89533,40.86118,13289,"Butler, PA",geonames,5182534
Citrus Ridge,FL,-81.64232,28.33385,13285,"Citrus Ridge, FL",geonames,4151162
Asuncion Nochixtlan,OA,-97.22569,17.4586,13284,"Asuncion Nochixtlan, OA",geonames,3532656
San Marcos,GR,-99.38921,16.79772,13282,"San Marcos, GR",geonames,3518461
Fergus Falls,MN,-96.07756,46.28302,13281,"Fergus Falls, MN",geonames,5026416
Manati,CU,-76.93456,21.31117,13278,Manati,geonames,3548099
Beeville,TX,-97.74974,28.40095,13277,"Beeville, TX",geonames,4673258
California City,CA,-117.9859,35.1258,13277,"California City, CA",geonames,5332748
Gonzalez,FL,-87.29136,30.58158,13273,"Gonzalez, FL",geonames,4156975
Vadnais Heights,MN,-93.07383,45.05747,13266,"Vadnais Heights, MN",geonames,5051197
San Juan Chamelco,GUA,-90.33044,15.42433,13264,San Juan Chamelco,geonames,3589917
North Adams,MA,-73.10871,42.70092,13263,"North Adams, MA",geonames,4945486
Sabanilla,CR,-84.03408,9.94706,13251,"Sabanilla, CR",geonames,3622023
Palmetto,FL,-82.57232,27.52143,13249,"Palmetto, FL",geonames,4167632
Santa Rosa de Lima,SV,-87.89361,13.62472,13249,"Santa Rosa de Lima, SV",geonames,3583214
Lake Forest Park,WA,-122.28096,47.75676,13243,"Lake Forest Park, WA",geonames,5800227
Zimapan,HG,-99.3818,20.73814,13243,"Zimapan, HG",geonames,3514031
Tepetlixpa,EM,-98.82129,19.02893,13239,"Tepetlixpa, EM",geonames,3817608
Spring Lake,NC,-78.97281,35.16794,13234,"Spring Lake, NC",geonames,4493035
Mercerville,NJ,-74.68655,40.23705,13230,"Mercerville, NJ",geonames,5101103
Colonial Park,PA,-76.80969,40.30064,13229,"Colonial Park, PA",geonames,5185006
Glenpool,OK,-96.00888,35.95537,13225,"Glenpool, OK",geonames,4537641
Brus Laguna,HN,-84.48333,15.75,13224,"Brus Laguna, HN",geonames,3614663
Fruitville,FL,-82.4576,27.32977,13224,"Fruitville, FL",geonames,4156340
Red Hill,SC,-79.2581,33.99961,13223,"Red Hill, SC",geonames,4592485
Almecatla,PU,-98.23597,19.14286,13217,"Almecatla, PU",geonames,3518543
Lindsay,CA,-119.08816,36.20301,13217,"Lindsay, CA",geonames,5366604
Calera,AL,-86.7536,33.1029,13213,"Calera, AL",geonames,4053050
San Mateo Ixtatan,GUA,-91.47806,15.83194,13213,San Mateo Ixtatan,geonames,3589770
Ticuantepe,NI,-86.20493,12.02263,13209,"Ticuantepe, NI",geonames,3616064
University Heights,OH,-81.53735,41.49783,13202,"University Heights, OH",geonames,5174830
Carriere,MS,-89.65256,30.61686,13198,"Carriere, MS",geonames,4420719
Cadillac,MI,-85.4012,44.252,13197,"Cadillac, MI",curated,
Eldorado,SI,-107.36722,24.32444,13197,"Eldorado, SI",geonames,3976535
Atlantic Beach,FL,-81.3987,30.33441,13193,"Atlantic Beach, FL",geonames,4146354
Lea Hill,WA,-122.18151,47.32621,13182,"Lea Hill, WA",geonames,5555235
Streator,IL,-88.83535,41.12087,13182,"Streator, IL",geonames,4912698
Waianae,HI,-158.18555,21.43785,13177,"Waianae, HI",geonames,5854189
Lone Tree,CO,-104.8863,39.55171,13175,"Lone Tree, CO",geonames,5429208
Teays Valley,WV,-81.9293,38.45009,13175,"Teays Valley, WV",geonames,4824469
Brandermill,VA,-77.64971,37.43209,13173,"Brandermill, VA",geonames,4748726
Soddy-Daisy,TN,-85.19079,35.2359,13171,"Soddy-Daisy, TN",geonames,4658766
Snoqualmie,WA,-121.82539,47.52871,13169,"Snoqualmie, WA",geonames,5810995
Fostoria,OH,-83.41687,41.157,13167,"Fostoria, OH",geonames,5154905
Las Vegas,NM,-105.2239,35.5939,13166,"Las Vegas, NM",curated,
Oakland,NJ,-74.26431,41.01315,13165,"Oakland, NJ",geonames,5102118
Short Hills,NJ,-74.32543,40.74788,13165,"Short Hills, NJ",geonames,5104630
Joyabaj,GUA,-90.80161,14.99311,13164,Joyabaj,geonames,3595148
Powell River,BC,-124.52368,49.83278,13157,"Powell River, BC",geonames,6112608
Wayland,MA,-71.36145,42.3626,13155,"Wayland, MA",geonames,4954654
Raynham,MA,-71.0731,41.94871,13153,"Raynham, MA",geonames,4948449
Coatesville,PA,-75.82384,39.98316,13148,"Coatesville, PA",geonames,4557247
Clayton,OH,-84.3605,39.86311,13146,"Clayton, OH",geonames,4508885
Crowley,LA,-92.37458,30.21409,13144,"Crowley, LA",geonames,4321310
McPherson,KS,-97.66421,38.37084,13144,"McPherson, KS",geonames,4275261
Harrison,AR,-93.10768,36.22979,13138,"Harrison, AR",geonames,4113956
San Gregorio Cuautzingo,EM,-98.85742,19.25962,13138,"San Gregorio Cuautzingo, EM",geonames,3519214
North Perth,ON,-80.96723,43.7251,13130,"North Perth, ON",geonames,6090405
Saddle Brook,NJ,-74.09264,40.89899,13130,"Saddle Brook, NJ",geonames,5103637
Bandabou,CW,-69.06533,12.27177,13125,Bandabou,geonames,13308488
East Cambridge,MA,-71.08005,42.36676,13122,"East Cambridge, MA",geonames,4935352
Bellefontaine,OH,-83.75966,40.36116,13117,"Bellefontaine, OH",geonames,5146965
Black Forest,CO,-104.70081,39.01305,13116,"Black Forest, CO",geonames,5414069
Santiago Tianguistenco de Galeana,EM,-99.46644,19.18024,13106,"Santiago Tianguistenco de Galeana, EM",geonames,3515679
Ridgefield Park,NJ,-74.02153,40.85704,13102,"Ridgefield Park, NJ",geonames,5103256
Santa Maria del Rio,SL,-100.73815,21.79615,13099,"Santa Maria del Rio, SL",geonames,3984074
Grovetown,GA,-82.19818,33.45042,13093,"Grovetown, GA",geonames,4198514
Bardstown,KY,-85.4669,37.80923,13091,Bardstown,geonames,4283133
Windham,NH,-71.30423,42.80064,13091,"Windham, NH",geonames,5094817
Worthington,MN,-95.5964,43.61996,13090,"Worthington, MN",geonames,5053460
Florida City,FL,-80.47922,25.44789,13085,"Florida City, FL",geonames,4155669
Commerce,CA,-118.15979,34.00057,13081,"Commerce, CA",geonames,5338929
La Grande,OR,-118.08772,45.32458,13074,"La Grande, OR",geonames,5735537
Centro de Readaptacion Social,JA,-103.19361,20.55444,13071,"Centro de Readaptacion Social, JA",geonames,8858133
Saint Marys,PA,-78.56086,41.42784,13070,"Saint Marys, PA",geonames,5210117
Stoughton,WI,-89.21789,42.91695,13067,"Stoughton, WI",geonames,5274787
Geneva,NY,-76.97774,42.86896,13062,"Geneva, NY",geonames,5118398
Meadville,PA,-80.15145,41.64144,13061,"Meadville, PA",geonames,5200644
Lockhart,FL,-81.44257,28.61944,13060,"Lockhart, FL",geonames,4162539
Harwich,MA,-70.07585,41.68622,13059,"Harwich, MA",geonames,4939004
Guerrero Negro,BS,-114.05589,27.96005,13054,Guerrero Negro,geonames,4021858
South Charleston,WV,-81.69957,38.36843,13045,"South Charleston, WV",geonames,4822764
Medway,MA,-71.39673,42.14176,13042,"Medway, MA",geonames,4943648
Marshall,MO,-93.19687,39.12308,13039,"Marshall, MO",geonames,4397211
Santa Fe,TX,-95.10576,29.37801,13037,"Santa Fe, TX",geonames,4727022
Newton,NC,-81.22147,35.66986,13035,"Newton, NC",geonames,4482101
Balancan,TB,-91.53682,17.80903,13030,"Balancan, TB",geonames,3532443
North Auburn,CA,-121.08189,38.93129,13022,"North Auburn, CA",geonames,5377266
Tehachapi,CA,-118.44897,35.13219,13021,"Tehachapi, CA",geonames,5401297
Veintidos de Febrero,EM,-99.34667,19.61139,13021,"Veintidos de Febrero, EM",geonames,8858134
Saint Ann,MO,-90.38317,38.72727,13020,"Saint Ann, MO",geonames,4406783
Endicott,NY,-76.04937,42.09841,13014,"Endicott, NY",geonames,5116602
Thonotosassa,FL,-82.30231,28.06141,13014,"Thonotosassa, FL",geonames,4175269
Connersville,IN,-85.14107,39.64116,13010,"Connersville, IN",geonames,4256085
Ferndale,WA,-122.59101,48.8465,13010,"Ferndale, WA",geonames,5794276
Middleburg,FL,-81.86038,30.06885,13008,"Middleburg, FL",geonames,4164387
Rantoul,IL,-88.15588,40.30837,13008,"Rantoul, IL",geonames,4907131
Greenville,OH,-84.63301,40.10283,13006,"Greenville, OH",geonames,5156493
Saint Simons Island,GA,-81.36954,31.15051,13000,"Saint Simons Island, GA",geonames,4220866
Rochester,MI,-83.13382,42.68059,12993,"Rochester, MI",geonames,5007400
Key Biscayne,FL,-80.16282,25.69371,12990,"Key Biscayne, FL",geonames,4160789
Claremont,NH,-72.34676,43.37674,12984,"Claremont, NH",geonames,5084633
Bisee,LC,-60.97445,14.02429,12980,Bisee,geonames,3576854
Superior,CO,-105.1686,39.95276,12980,"Superior, CO",geonames,5440838
Auburn,IN,-85.05886,41.36699,12979,"Auburn, IN",geonames,4917712
Adolfo Ruiz Cortines,SI,-108.71894,25.70387,12978,"Adolfo Ruiz Cortines, SI",geonames,3976785
Saint Augustine,FL,-81.31452,29.89469,12975,"Saint Augustine, FL",geonames,4170894
Powell,OH,-83.07519,40.15784,12972,"Powell, OH",geonames,5167350
Justice,IL,-87.83783,41.74448,12968,"Justice, IL",geonames,4898152
Glen Carbon,IL,-89.98316,38.74838,12966,"Glen Carbon, IL",geonames,4239465
West Monroe,LA,-92.14764,32.51848,12966,"West Monroe, LA",geonames,4345850
Malibu,CA,-118.7804,34.02577,12965,"Malibu, CA",geonames,5369906
Borger,TX,-101.39739,35.66782,12964,"Borger, TX",geonames,5517469
College,AK,-147.80278,64.85694,12964,"College, AK",geonames,5859699
Shiloh,IL,-89.89732,38.56144,12961,"Shiloh, IL",geonames,4249910
Fort Drum,NY,-75.76189,44.05843,12955,"Fort Drum, NY",geonames,7257905
Truro,NS,-63.26538,45.36685,12954,"Truro, NS",geonames,6169587
San Julian,JA,-102.17967,21.01035,12949,"San Julian, JA",geonames,3985797
Grass Valley,CA,-121.06106,39.21906,12944,"Grass Valley, CA",geonames,5353775
Newington,VA,-77.18498,38.73845,12943,"Newington, VA",geonames,4775981
Rio Grande,OA,-97.43557,16.01108,12943,"Rio Grande, OA",geonames,3520259
Greenwich,CT,-73.62846,41.02649,12942,"Greenwich, CT",geonames,4835395
Lakeland North,WA,-122.27695,47.33343,12942,"Lakeland North, WA",geonames,7261608
Kingston,PA,-75.89686,41.26175,12941,"Kingston, PA",geonames,5196245
Fulton,MO,-91.94796,38.84671,12939,"Fulton, MO",geonames,4387496
El Dorado,KS,-96.86225,37.81724,12931,"El Dorado, KS",geonames,4270863
Wawarsing,NY,-74.35738,41.75898,12925,"Wawarsing, NY",geonames,5143443
Basseterre,KN,-62.72499,17.2955,12920,Basseterre,geonames,3575551
Quivican,CU,-82.35563,22.82341,12919,Quivican,geonames,3542965
Valparaiso,ZA,-103.57045,22.77094,12919,"Valparaiso, ZA",geonames,3980586
Dolbeau-Mistassini,QC,-72.23142,48.8786,12916,"Dolbeau-Mistassini, QC",geonames,5940934
Mounds View,MN,-93.20856,45.10497,12914,"Mounds View, MN",geonames,5038373
Chepo,PA,-79.10083,9.17019,12912,"Chepo, PA",geonames,3712505
Herrin,IL,-89.02757,37.80311,12910,"Herrin, IL",geonames,4240540
Guayape,HN,-86.83333,14.71667,12907,"Guayape, HN",geonames,3609152
Grenada,MS,-89.80842,33.769,12900,"Grenada, MS",geonames,4428539
Dover,OH,-81.47401,40.52062,12899,"Dover, OH",geonames,5152243
Guaimaca,HN,-86.81667,14.53333,12899,"Guaimaca, HN",geonames,3609418
Hanover,NJ,-74.36682,40.80454,12898,"Hanover, NJ",geonames,5098805
Dardenne Prairie,MO,-90.72902,38.7695,12890,"Dardenne Prairie, MO",geonames,4383306
Saint Helens,OR,-122.80649,45.864,12883,"Saint Helens, OR",geonames,5750041
Forest Hill,TX,-97.26918,32.67208,12881,"Forest Hill, TX",geonames,4691766
Weigelstown,PA,-76.82247,39.98371,12875,"Weigelstown, PA",geonames,4562088
Bog Walk,JM,-77.00541,18.10205,12873,Bog Walk,geonames,3491293
Dallas,GA,-84.84077,33.92371,12870,"Dallas, GA",geonames,4190598
Glendale,WI,-87.93564,43.13529,12870,"Glendale, WI",geonames,5254404
York Beach,ME,-70.60894,43.17148,12854,"York Beach, ME",geonames,4983611
Sonoyta,SO,-112.85012,31.86323,12849,"Sonoyta, SO",geonames,3982837
Chiquimulilla,GUA,-90.38547,14.0838,12842,Chiquimulilla,geonames,3598462
Fraccionamiento Geovillas los Pinos,VE,-96.22639,19.21722,12840,"Fraccionamiento Geovillas los Pinos, VE",geonames,8858135
Holiday City-Berkeley,NJ,-74.27803,39.9638,12831,"Holiday City-Berkeley, NJ",geonames,7258741
Constant Spring,JM,-76.79372,18.05078,12830,Constant Spring,geonames,3490880
Lowertown,ON,-75.69319,45.43193,12824,"Lowertown, ON",geonames,6061551
San Martin de las Piramides,EM,-98.83554,19.70582,12812,"San Martin de las Piramides, EM",geonames,3518414
Hot Springs Village,AR,-92.99879,34.67204,12807,"Hot Springs Village, AR",geonames,4115429
Ewarton,JM,-77.08536,18.18333,12797,Ewarton,geonames,3490539
Fruita,CO,-108.72899,39.15887,12795,"Fruita, CO",geonames,5422534
Kettering,MD,-76.81469,38.88456,12790,"Kettering, MD",geonames,4359858
Athens,TX,-95.85552,32.20487,12788,"Athens, TX",geonames,4671545
New Carrollton,MD,-76.87997,38.96983,12786,"New Carrollton, MD",geonames,4363611
Port Neches,TX,-93.95851,29.99132,12786,"Port Neches, TX",geonames,4720072
Hamilton Square,NJ,-74.65321,40.22733,12784,"Hamilton Square, NJ",geonames,5098781
San Marcos,HG,-99.33547,20.03056,12779,"San Marcos, HG",geonames,3518454
Fallsburg,NY,-74.60127,41.73204,12773,"Fallsburg, NY",geonames,5116900
Charlton,MA,-71.97007,42.13565,12764,"Charlton, MA",geonames,4932823
Juan Morales,MO,-98.92194,18.81139,12756,"Juan Morales, MO",geonames,8858136
Charcas,SL,-101.11346,23.12943,12748,"Charcas, SL",geonames,4014501
Bedford,OH,-81.53651,41.39311,12747,"Bedford, OH",geonames,5146831
Andover,KS,-97.13643,37.7139,12745,"Andover, KS",geonames,4267594
Amapala,HN,-87.65389,13.29222,12743,"Amapala, HN",geonames,3615213
Finneytown,OH,-84.5205,39.20034,12741,"Finneytown, OH",geonames,4511642
Quemado de Gueines,CU,-80.25275,22.78849,12736,Quemado de Gueines,geonames,3543077
Saint-Francois,GP,-61.27332,16.25236,12732,Saint-Francois,geonames,3578441
Canton,MD,-76.56663,39.28039,12731,"Canton, MD",geonames,4350327
West End,BS,-78.97702,26.68711,12724,West End,geonames,3571224
Elk City,OK,-99.40426,35.41199,12717,"Elk City, OK",geonames,4535823
New Kensington,PA,-79.76477,40.56979,12713,"New Kensington, PA",geonames,5203211
Valtierrilla,GT,-101.12857,20.53225,12713,"Valtierrilla, GT",geonames,3980580
Conneaut,OH,-80.55424,41.94756,12712,"Conneaut, OH",geonames,5150986
Laurentides,QC,-72.28239,47.13336,12710,"Laurentides, QC",geonames,6050539
Oluta,VE,-94.89662,17.92972,12709,"Oluta, VE",geonames,3522350
Derby,CT,-73.089,41.32065,12700,"Derby, CT",geonames,4832745
Temascalcingo,EM,-100.00369,19.91635,12698,"Temascalcingo, EM",geonames,3516049
Boone,IA,-93.88023,42.0597,12692,"Boone, IA",geonames,4849051
Minden,LA,-93.28684,32.61543,12690,"Minden, LA",geonames,4333533
Middle Valley,TN,-85.18468,35.1959,12684,"Middle Valley, TN",geonames,4641495
Markham,IL,-87.69477,41.59365,12682,"Markham, IL",geonames,4901229
Belle Chasse,LA,-89.99063,29.85493,12679,"Belle Chasse, LA",geonames,4316329
Riviera Beach,MD,-76.50802,39.16678,12677,"Riviera Beach, MD",geonames,4366966
Pelham,NH,-71.32451,42.73453,12676,"Pelham, NH",geonames,5090910
Candelaria,CU,-82.95954,22.73851,12675,Candelaria,geonames,3565768
Pedley,CA,-117.47588,33.97529,12672,"Pedley, CA",geonames,5381796
El Sobrante,CA,-122.29525,37.97715,12669,"El Sobrante, CA",geonames,5345888
On Top of the World,FL,-82.29129,29.11516,12668,"On Top of the World, FL",geonames,13405904
Nanakuli,HI,-158.15429,21.39362,12666,"Nanakuli, HI",geonames,5851349
McComb,MS,-90.45315,31.24379,12661,"McComb, MS",geonames,4435318
Winkler,MB,-97.94104,49.1817,12660,"Winkler, MB",geonames,6183204
Half Moon Bay,CA,-122.42859,37.46355,12657,"Half Moon Bay, CA",geonames,5354943
Sylacauga,AL,-86.25164,33.17317,12657,"Sylacauga, AL",geonames,4092671
Centralia,IL,-89.1334,38.52505,12655,"Centralia, IL",geonames,4235587
Lilburn,GA,-84.14297,33.8901,12655,"Lilburn, GA",geonames,4205724
West Valley,WA,-120.60507,46.59207,12655,"West Valley, WA",geonames,5815605
Artondale,WA,-122.62069,47.29954,12653,"Artondale, WA",geonames,5785909
San Anselmo,CA,-122.56164,37.97465,12653,"San Anselmo, CA",geonames,5391615
Lincolnwood,IL,-87.73006,42.00448,12646,"Lincolnwood, IL",geonames,4899988
Isla Mujeres,QR,-86.73105,21.23114,12642,"Isla Mujeres, QR",geonames,3526756
Branson,MO,-93.2185,36.6437,12638,"Branson, MO",curated,
Fredericksburg,TX,-98.872,30.2752,12636,"Fredericksburg, TX",curated,
Kentville,NS,-64.49605,45.0771,12636,"Kentville, NS",geonames,5991148
San Pedro Apatlaco,MO,-98.95972,18.79306,12630,"San Pedro Apatlaco, MO",geonames,3532808
Alturas,CA,-120.5425,41.4873,12626,"Alturas, CA",curated,
Montgomeryville,PA,-75.24379,40.24733,12624,"Montgomeryville, PA",geonames,5201776
Panama City Beach,FL,-85.80549,30.17659,12624,"Panama City Beach, FL",geonames,4167695
Channel Land,KY,-81.21762,19.34365,12623,Channel Land,geonames,3580713
Maxcanu,YU,-90.002,20.58567,12621,"Maxcanu, YU",geonames,3523436
Pastores,GUA,-90.75473,14.59433,12621,Pastores,geonames,3591574
San Ignacio,BZ,-89.0696,17.1588,12621,"San Ignacio, BZ",geonames,3581194
Palolo,HI,-157.78041,21.3128,12620,"Palolo, HI",geonames,5852076
Joppatowne,MD,-76.358,39.414,12616,"Joppatowne, MD",geonames,4359619
Uxbridge,MA,-71.62951,42.07732,12614,"Uxbridge, MA",geonames,4953804
Winter Hill,MA,-71.09894,42.39593,12613,"Winter Hill, MA",geonames,4955986
Lombardia,MI,-102.05111,19.15806,12610,"Lombardia, MI",geonames,3998318
Effingham,IL,-88.54338,39.12004,12604,"Effingham, IL",geonames,4237727
Eufaula,AL,-85.14549,31.89127,12596,"Eufaula, AL",geonames,4060954
Channahon,IL,-88.22867,41.42948,12594,"Channahon, IL",geonames,4887198
Wetaskiwin,AB,-113.36869,52.96683,12594,"Wetaskiwin, AB",geonames,6179602
Moody,AL,-86.49082,33.59094,12593,"Moody, AL",geonames,4076842
Dennery,LC,-60.89132,13.91409,12589,Dennery,geonames,3576765
Port Hope,ON,-78.39953,44.01682,12587,"Port Hope, ON",geonames,6111882
Loveland,OH,-84.26383,39.26895,12585,"Loveland, OH",geonames,4517140
South Daytona,FL,-81.0045,29.16582,12584,"South Daytona, FL",geonames,4173431
La Julia,DO,-69.93333,18.46667,12575,La Julia,geonames,3502052
Platteville,WI,-90.47846,42.73416,12572,"Platteville, WI",geonames,5267332
El Fuerte,SI,-108.61816,26.41691,12566,"El Fuerte, SI",geonames,4009788
Gaffney,SC,-81.64982,35.07179,12566,"Gaffney, SC",geonames,4579418
Kemp Mill,MD,-77.01914,39.039,12564,"Kemp Mill, MD",geonames,4359721
Rogers,MN,-93.55301,45.18885,12562,"Rogers, MN",geonames,5043608
Lumberton,NJ,-74.80516,39.96595,12559,"Lumberton, NJ",geonames,4502820
Progreso,BC,-115.58434,32.58165,12557,"Progreso, BC",geonames,3979439
Azalea Park,FL,-81.30062,28.54111,12556,"Azalea Park, FL",geonames,4146464
Lakeland,TN,-89.74036,35.23064,12553,"Lakeland, TN",geonames,4635268
Rendon,TX,-97.2414,32.57625,12552,"Rendon, TX",geonames,4722231
Palos Heights,IL,-87.79644,41.66809,12545,"Palos Heights, IL",geonames,4905259
Wickliffe,OH,-81.45345,41.60533,12545,"Wickliffe, OH",geonames,5176759
Verona,WI,-89.53318,42.99083,12540,"Verona, WI",geonames,5277142
Woodhaven,MI,-83.2416,42.13893,12539,"Woodhaven, MI",geonames,5015456
Bonita,CA,-117.03003,32.65783,12538,"Bonita, CA",geonames,5329954
Kewanee,IL,-89.92483,41.24559,12533,"Kewanee, IL",geonames,4898433
Tempoal de Sanchez,VE,-98.38829,21.51998,12526,"Tempoal de Sanchez, VE",geonames,3516019
San Antonio la Isla,EM,-99.56685,19.16441,12525,"San Antonio la Isla, EM",geonames,3519833
Meambar,HN,-87.76667,14.78333,12522,"Meambar, HN",geonames,3604894
Woodland Park,NJ,-74.19487,40.88982,12518,"Woodland Park, NJ",geonames,5106303
Tototlan,JA,-102.7913,20.54219,12516,"Tototlan, JA",geonames,3981165
Elliot Lake,ON,-82.63315,46.38336,12508,"Elliot Lake, ON",geonames,5947866
Bainbridge,GA,-84.57547,30.9038,12507,"Bainbridge, GA",geonames,4180775
Cambridge,MD,-76.07883,38.56317,12507,"Cambridge, MD",geonames,4350175
Los Arabos,CU,-80.72084,22.72959,12504,Los Arabos,geonames,3549463
Bedford,MA,-71.27617,42.49065,12502,"Bedford, MA",geonames,4930183
Windsor Locks,CT,-72.62731,41.92926,12498,"Windsor Locks, CT",geonames,4845926
Sandy Hill,ON,-75.67863,45.42519,12490,"Sandy Hill, ON",geonames,6140750
Winnetka,IL,-87.7359,42.10808,12472,"Winnetka, IL",geonames,4916891
New Providence,NJ,-74.40154,40.69843,12469,"New Providence, NJ",geonames,5101775
Santa Maria Zacatepec,PU,-98.36528,19.12333,12466,"Santa Maria Zacatepec, PU",geonames,8858137
Green River,WY,-109.46625,41.52858,12465,"Green River, WY",geonames,5826559
Grand Terrace,CA,-117.31365,34.0339,12464,"Grand Terrace, CA",geonames,5353484
Patchogue,NY,-73.01511,40.76565,12463,"Patchogue, NY",geonames,5130672
Cedar Grove,NJ,-74.22903,40.85177,12457,"Cedar Grove, NJ",geonames,5096371
Santa Maria Huexoculco,EM,-98.8205,19.25804,12456,"Santa Maria Huexoculco, EM",geonames,3817648
Ardmore,PA,-75.28546,40.00678,12455,"Ardmore, PA",geonames,5178481
Wilmington,OH,-83.82854,39.44534,12449,"Wilmington, OH",geonames,4528463
Ringwood,NJ,-74.24543,41.11343,12448,"Ringwood, NJ",geonames,5103286
Ontario,OR,-116.9629,44.0266,12438,"Ontario, OR",curated,
North Madison,IN,-85.39663,38.76784,12435,"North Madison, IN",geonames,4262293
Abbeville,LA,-92.13429,29.97465,12434,"Abbeville, LA",geonames,4314295
Fort Atkinson,WI,-88.83705,42.92889,12426,"Fort Atkinson, WI",geonames,5253498
La Tijera,JA,-103.44056,20.58167,12425,"La Tijera, JA",geonames,8858138
Lake Arrowhead,CA,-117.18921,34.24834,12424,"Lake Arrowhead, CA",geonames,5364414
Irondale,AL,-86.70721,33.53816,12423,"Irondale, AL",geonames,4069243
Lumberton,TX,-94.19963,30.26577,12421,"Lumberton, TX",geonames,4708328
Larkspur,CA,-122.53525,37.93409,12417,"Larkspur, CA",geonames,5365113
Mount Vernon,VA,-77.10082,38.71412,12416,"Mount Vernon, VA",geonames,7258318
Port Lavaca,TX,-96.62609,28.615,12416,"Port Lavaca, TX",geonames,4720067
Brookhaven,MS,-90.44065,31.57906,12414,"Brookhaven, MS",geonames,4419500
Fernway,PA,-80.13089,40.69479,12414,"Fernway, PA",geonames,5189493
Tecalitlan,JA,-103.30708,19.47156,12411,"Tecalitlan, JA",geonames,3982269
Midland Acres,KY,-81.22061,19.29862,12410,Midland Acres,geonames,3580590
Bochil,CS,-92.8947,16.99618,12404,"Bochil, CS",geonames,3532182
Soledad de Doblado,VE,-96.42142,19.04637,12398,"Soledad de Doblado, VE",geonames,3516563
Ottawa,KS,-95.26775,38.61557,12387,"Ottawa, KS",geonames,4276816
Wilton Manors,FL,-80.13893,26.16036,12385,"Wilton Manors, FL",geonames,4178485
Four Corners,TX,-95.65772,29.66857,12382,"Four Corners, TX",geonames,4692051
Federal Heights,CO,-104.99859,39.85137,12381,"Federal Heights, CO",geonames,5421709
Puerto Escondido,PA,-80.09566,9.19419,12371,"Puerto Escondido, PA",geonames,3702412
Aldergrove,BC,-122.47087,49.05801,12363,"Aldergrove, BC",geonames,7669018
Spring Creek,NV,-115.5859,40.72659,12361,"Spring Creek, NV",geonames,5708894
Cuilapam de Guerrero,OA,-96.78003,16.99626,12360,"Cuilapam de Guerrero, OA",geonames,3529915
Runaway Bay,JM,-77.3357,18.45962,12358,Runaway Bay,geonames,3488726
New Baltimore,MI,-82.73686,42.68114,12354,"New Baltimore, MI",geonames,5003369
Forestville,MD,-76.87497,38.84511,12353,"Forestville, MD",geonames,4355274
Sydney Mines,NS,-60.21767,46.23669,12353,"Sydney Mines, NS",geonames,7303783
Agate Beach,OR,-124.06178,44.67734,12351,"Agate Beach, OR",geonames,5710669
Chatham,IL,-89.70454,39.67616,12351,"Chatham, IL",geonames,4235683
Atco,NJ,-74.88739,39.76984,12350,"Atco, NJ",geonames,4500541
Mandeville,LA,-90.06563,30.35825,12345,"Mandeville, LA",geonames,4332455
Fernandina Beach,FL,-81.46259,30.66968,12339,"Fernandina Beach, FL",geonames,4155006
Miller Place,NY,-72.99621,40.95982,12339,"Miller Place, NY",geonames,5127043
Santiago Cuautlalpan,EM,-98.90136,19.43232,12336,"Santiago Cuautlalpan, EM",geonames,3817685
Mountain Home,AR,-92.38516,36.33534,12330,"Mountain Home, AR",geonames,4123037
Lake Los Angeles,CA,-117.82812,34.61249,12328,"Lake Los Angeles, CA",geonames,5364571
Cleveland,MS,-90.72482,33.744,12327,"Cleveland, MS",geonames,4422106
Dawson Creek,BC,-120.2403,55.75984,12323,"Dawson Creek, BC",geonames,5935804
Portland,TN,-86.51638,36.58171,12323,"Portland, TN",geonames,4650946
Gulfport,FL,-82.70343,27.74836,12322,"Gulfport, FL",geonames,4157687
Plover,WI,-89.54401,44.45636,12319,"Plover, WI",geonames,5267537
Sidney,BC,-123.40262,48.64964,12318,"Sidney, BC",geonames,6147439
Cornelius,OR,-123.05983,45.51984,12317,"Cornelius, OR",geonames,5720639
Broadlands,VA,-77.52027,39.01816,12313,"Broadlands, VA",geonames,4749103
Gravenhurst,ON,-79.36633,44.91681,12312,"Gravenhurst, ON",geonames,5965546
Northlake,IL,-87.89562,41.91725,12312,"Northlake, IL",geonames,4904102
Paris,ON,-80.38333,43.2,12310,"Paris, ON",geonames,6942553
Big Bear City,CA,-116.84503,34.26112,12304,"Big Bear City, CA",geonames,5328152
North Castle,NY,-73.68389,41.14,12304,"North Castle, NY",geonames,7249078
Pocri,PA,-80.54626,8.25639,12304,"Pocri, PA",geonames,3702631
Cabral,DO,-71.21667,18.25,12303,Cabral,geonames,3510885
Eatontown,NJ,-74.05097,40.29622,12301,"Eatontown, NJ",geonames,5097482
Almolonga,GUA,-91.49464,14.81591,12299,Almolonga,geonames,3599793
Coolidge,AZ,-111.51762,32.97784,12297,"Coolidge, AZ",geonames,5290663
Marion,AR,-90.19648,35.21453,12292,"Marion, AR",geonames,4120524
Turtle Rock,CA,-117.81015,33.64335,12288,"Turtle Rock, CA",geonames,12750391
West Plains,MO,-91.85237,36.72812,12285,"West Plains, MO",geonames,4414200
Plymouth,CT,-73.05289,41.67204,12284,"Plymouth, CT",geonames,4840844
Penal,TT,-61.46667,10.16667,12281,Penal,geonames,3573965
Santa Cruz,CR,-85.5851,10.26053,12281,"Santa Cruz, CR",geonames,3621607
Trenton,OH,-84.45772,39.48089,12281,"Trenton, OH",geonames,4526469
Overlea,MD,-76.52052,39.36344,12275,"Overlea, MD",geonames,4364690
North Merrick,NY,-73.56318,40.69121,12272,"North Merrick, NY",geonames,5129141
Villanueva,ZA,-102.88366,22.35451,12269,"Villanueva, ZA",geonames,3980140
Port Saint John,FL,-80.78867,28.47695,12267,"Port Saint John, FL",geonames,4169170
Green Valley,MD,-77.29721,39.30927,12262,"Green Valley, MD",geonames,4356836
Xicohtzinco,TL,-98.23377,19.17371,12255,"Xicohtzinco, TL",geonames,3815363
San Juan de las Huertas,EM,-99.75834,19.24755,12253,"San Juan de las Huertas, EM",geonames,3518702
Villa Lazaro Cardenas,PU,-97.70024,20.46193,12253,"Villa Lazaro Cardenas, PU",geonames,3818580
Okmulgee,OK,-95.96055,35.62344,12244,"Okmulgee, OK",geonames,4544383
South Miami,FL,-80.29338,25.7076,12242,"South Miami, FL",geonames,4173495
Santa Lucia Milpas Altas,GUA,-90.67632,14.57655,12234,Santa Lucia Milpas Altas,geonames,3589285
San Marcos Huixtoco,EM,-98.86369,19.29668,12229,"San Marcos Huixtoco, EM",geonames,3817656
Hasbrouck Heights,NJ,-74.0807,40.85816,12227,"Hasbrouck Heights, NJ",geonames,5098878
Jacksonville,AL,-85.7613,33.81382,12222,"Jacksonville, AL",geonames,4069553
Marysville,CA,-121.59135,39.14573,12216,"Marysville, CA",geonames,5370984
Clarkston,GA,-84.23964,33.80955,12215,"Clarkston, GA",geonames,4188233
Kingston,MA,-70.72448,41.99455,12208,"Kingston, MA",geonames,4941383
Davidson,NC,-80.83912,35.50233,12207,"Davidson, NC",geonames,4463053
Red Bank,NJ,-74.06431,40.34705,12204,"Red Bank, NJ",geonames,5103159
Winfield,KS,-96.99559,37.23975,12204,"Winfield, KS",geonames,4281897
Somerville,NJ,-74.60988,40.57427,12202,"Somerville, NJ",geonames,5104774
Kings Point,FL,-80.13977,26.44535,12201,"Kings Point, FL",geonames,4160932
San Josecito,CR,-84.1075,10.01265,12195,"San Josecito, CR",geonames,3621831
East Hanover,NJ,-74.36487,40.8201,12194,"East Hanover, NJ",geonames,5097421
La Magdalena Chichicaspa,EM,-99.32555,19.41237,12193,"La Magdalena Chichicaspa, EM",geonames,3523759
Spearfish,SD,-103.8593,44.4908,12193,"Spearfish, SD",curated,
Tucson Estates,AZ,-111.09093,32.18758,12192,"Tucson Estates, AZ",geonames,5318320
Cap-aux-Meules,QC,-61.85968,47.38208,12190,"Cap-aux-Meules, QC",geonames,5915327
Tarimoro,GT,-100.75605,20.28744,12188,"Tarimoro, GT",geonames,3982364
Haverstraw,NY,-73.96458,41.19759,12187,"Haverstraw, NY",geonames,5120238
Suamico,WI,-88.03927,44.63194,12187,"Suamico, WI",geonames,5274887
Union Market,DC,-76.99819,38.90857,12186,Washington D.C.,geonames,13526901
Tower Hill,JM,-76.65098,18.0128,12184,Tower Hill,geonames,3488236
Timberlake,VA,-79.25753,37.3207,12183,"Timberlake, VA",geonames,4789648
Yocon,HN,-86.7,15.01667,12182,"Yocon, HN",geonames,3600212
Riverview,MI,-83.17937,42.17421,12181,"Riverview, MI",geonames,5007323
Choctaw,OK,-97.26892,35.49756,12179,"Choctaw, OK",geonames,4533130
Ciudad de Nanacamilpa,TL,-98.53665,19.49339,12177,"Ciudad de Nanacamilpa, TL",geonames,3522855
Escanaba,MI,-87.0646,45.7452,12164,"Escanaba, MI",curated,
Babylon,NY,-73.32568,40.69566,12161,"Babylon, NY",geonames,5107612
Lake City,FL,-82.63929,30.18968,12161,"Lake City, FL",geonames,4161187
Blue Ash,OH,-84.37827,39.232,12159,"Blue Ash, OH",geonames,4506754
Travilah,MD,-77.26304,39.069,12159,"Travilah, MD",geonames,4371635
Hudson,FL,-82.69343,28.36445,12158,"Hudson, FL",geonames,4159335
Neosho,MO,-94.368,36.86896,12156,"Neosho, MO",geonames,4400183
Baraboo,WI,-89.74429,43.47109,12155,"Baraboo, WI",geonames,5244638
Freeport,TX,-95.35966,28.95414,12154,"Freeport, TX",geonames,4692355
San Gabriel Chilac,PU,-97.34697,18.32596,12149,"San Gabriel Chilac, PU",geonames,3519230
San Pedro de los Banos,EM,-99.83533,19.66873,12149,"San Pedro de los Banos, EM",geonames,3519535
Huixcolotla,PU,-97.77166,18.92073,12148,"Huixcolotla, PU",geonames,3517829
Stony Point,NY,-73.98708,41.22954,12147,"Stony Point, NY",geonames,5139927
Richmond,TX,-95.76078,29.58218,12138,"Richmond, TX",geonames,4722684
Acatenango,GUA,-90.94368,14.55451,12136,Acatenango,geonames,3600008
Arkansas City,KS,-97.03837,37.06197,12136,"Arkansas City, KS",geonames,4267661
Amherst,OH,-82.22238,41.39782,12135,"Amherst, OH",geonames,5145695
Petoa,HN,-88.28878,15.26939,12135,"Petoa, HN",geonames,3603799
New Kingman-Butler,AZ,-114.03226,35.26504,12134,"New Kingman-Butler, AZ",geonames,7261968
Speedway,IN,-86.26721,39.80227,12127,"Speedway, IN",geonames,4265146
Weatherford,OK,-98.70757,35.52616,12126,"Weatherford, OK",geonames,4554858
El Quetzal,GUA,-91.81757,14.76865,12122,El Quetzal,geonames,3596389
Port Royal,SC,-80.69265,32.37896,12122,"Port Royal, SC",geonames,4591896
Wells Branch,TX,-97.67945,30.44604,12120,"Wells Branch, TX",geonames,4740584
Luling,LA,-90.36647,29.93215,12119,"Luling, LA",geonames,4332109
Mount Sinai,NY,-73.02955,40.94704,12118,"Mount Sinai, NY",geonames,5127824
Brown Deer,WI,-87.96453,43.16334,12102,"Brown Deer, WI",geonames,5246917
Central Business District,SK,-106.66228,52.13032,12101,"Central Business District, SK",geonames,5919015
Salisbury,NY,-73.56013,40.74566,12093,"Salisbury, NY",geonames,5136107
Sacapulas,GUA,-91.08914,15.28801,12088,Sacapulas,geonames,3590690
La Guata,HN,-86.38333,15.08333,12084,"La Guata, HN",geonames,3607830
Senahu,GUA,-89.82215,15.4164,12084,Senahu,geonames,3588858
Dunkirk,NY,-79.33393,42.4795,12081,"Dunkirk, NY",geonames,5115495
Woodmere,LA,-90.08035,29.85798,12080,"Woodmere, LA",geonames,4346615
Washington,IN,-87.17279,38.65922,12078,"Washington, IN",geonames,4266586
Estacion Manuel,TM,-98.32182,22.72871,12077,"Estacion Manuel, TM",geonames,3523608
Cloquet,MN,-92.45936,46.72161,12075,"Cloquet, MN",geonames,5021632
Escazu,CR,-84.13989,9.91887,12071,"Escazu, CR",geonames,3623787
Comendador,DO,-71.70321,18.87755,12070,Comendador,geonames,3509386
Festus,MO,-90.39595,38.22061,12065,"Festus, MO",geonames,4386419
Chelsea,AL,-86.63026,33.34011,12059,"Chelsea, AL",geonames,4054852
Poquoson,VA,-76.34578,37.12237,12059,"Poquoson, VA",geonames,4779923
Irmo,SC,-81.18315,34.08598,12056,"Irmo, SC",geonames,4583057
Arouca,TT,-61.33487,10.62877,12054,Arouca,geonames,3575039
Lake Station,IN,-87.23892,41.57504,12054,"Lake Station, IN",geonames,4922541
Tepalcingo,MO,-98.84537,18.59498,12053,"Tepalcingo, MO",geonames,3515921
Brattleboro,VT,-72.5579,42.8509,12046,"Brattleboro, VT",curated,
Glenn Heights,TX,-96.85667,32.54875,12042,"Glenn Heights, TX",geonames,4693726
Madison,IN,-85.37996,38.73589,12040,"Madison, IN",geonames,4260853
Goldenrod,FL,-81.28868,28.61028,12039,"Goldenrod, FL",geonames,4156959
Artesia,NM,-104.4033,32.84233,12036,"Artesia, NM",geonames,5455796
Norton,OH,-81.63818,41.02922,12036,"Norton, OH",geonames,5165087
Edgewater,NJ,-73.97569,40.82704,12034,"Edgewater, NJ",geonames,5097575
Angel R. Cabada,VE,-95.4458,18.59601,12033,"Angel R. Cabada, VE",geonames,3532852
Fairfax Station,VA,-77.32554,38.80095,12030,"Fairfax Station, VA",geonames,4758102
Stafford,CT,-72.28897,41.98482,12029,"Stafford, CT",geonames,4843553
Further Ground,KY,-81.19896,19.34149,12028,Further Ground,geonames,3580662
The Mountain,KY,-81.19905,19.3309,12028,The Mountain,geonames,3580495
Centerton,AR,-94.28521,36.3598,12023,"Centerton, AR",geonames,4105168
Red Oak,TX,-96.80444,32.51764,12022,"Red Oak, TX",geonames,4721921
Smithfield,NC,-78.33945,35.50849,12022,"Smithfield, NC",geonames,4492168
Los Alamos,NM,-106.30697,35.88808,12019,"Los Alamos, NM",geonames,5476825
Clawson,MI,-83.14632,42.53337,12015,"Clawson, MI",geonames,4989005
North Palm Beach,FL,-80.08199,26.81756,12015,"North Palm Beach, FL",geonames,4166253
Salem,OH,-80.85675,40.90089,12003,"Salem, OH",geonames,5170511
Cacalomacan,EM,-99.70623,19.25311,12001,"Cacalomacan, EM",geonames,3531889
Cedar Lake,IN,-87.44115,41.36476,12000,"Cedar Lake, IN",geonames,4918805
El Carrizo,SI,-107.6481,25.099,12000,"El Carrizo, SI",curated,
Fortuna,CA,-124.15728,40.59819,12000,"Fortuna, CA",geonames,5563839
Parksville,BC,-124.31575,49.31947,12000,"Parksville, BC",geonames,6098642
Platte,WI,-90.4784,42.7343,12000,"Platte, WI",curated,
Queenswood Heights,ON,-75.50556,45.47083,12000,"Queenswood Heights, ON",geonames,6115156
Show Low,AZ,-110.0298,34.2542,12000,"Show Low, AZ",curated,
ile Dondaine,QC,-74.1637,45.2785,12000,"ile Dondaine, QC",curated,
ile Marie,QC,-73.3834,45.776,12000,"ile Marie, QC",curated,
Firestone,CO,-104.93664,40.11248,11999,"Firestone, CO",geonames,5577008
Glen Rock,NJ,-74.13292,40.96288,11999,"Glen Rock, NJ",geonames,5098436
Portales,NM,-103.3344,34.18619,11995,"Portales, NM",geonames,5484874
San Pedro Cahro,MI,-102.65328,20.11548,11987,"San Pedro Cahro, MI",geonames,3980390
Gladstone,OR,-122.59481,45.38068,11986,"Gladstone, OR",geonames,5728429
La Homa,TX,-98.36363,26.25007,11985,"La Homa, TX",geonames,4703972
Flores Costa Cuca,GUA,-91.86341,14.63238,11984,Flores Costa Cuca,geonames,3595721
Erin,ON,-80.06436,43.7729,11981,"Erin, ON",geonames,5949247
Martinsville,NJ,-74.55905,40.60121,11980,"Martinsville, NJ",geonames,5100924
Rothesay,NB,-65.96744,45.38046,11977,"Rothesay, NB",geonames,6128033
Kailua-Kona,HI,-155.99912,19.64016,11975,"Kailua-Kona, HI",geonames,5847504
Waconia,MN,-93.78691,44.8508,11968,"Waconia, MN",geonames,5051640
Shepherdsville,KY,-85.71579,37.9884,11967,Shepherdsville,geonames,4308163
Crestwood,MO,-90.38178,38.557,11966,"Crestwood, MO",geonames,4382833
Youngsville,LA,-91.99012,30.09965,11961,"Youngsville, LA",geonames,4346810
North Wantagh,NY,-73.50763,40.69343,11960,"North Wantagh, NY",geonames,5129254
Freehold,NJ,-74.27376,40.26011,11959,"Freehold, NJ",geonames,5098278
Heroica Villa de San Blas Atempa,OA,-95.22711,16.32608,11959,"Heroica Villa de San Blas Atempa, OA",geonames,3801960
Savaneta,AW,-69.93811,12.45026,11955,Savaneta,geonames,3577107
Huehuetoca,EM,-99.2037,19.82819,11948,"Huehuetoca, EM",geonames,3526957
Monfort Heights,OH,-84.59522,39.18839,11948,"Monfort Heights, OH",geonames,4518596
Scotts Valley,CA,-122.01468,37.05106,11945,"Scotts Valley, CA",geonames,5393971
Holly Hill,FL,-81.03756,29.24359,11943,"Holly Hill, FL",geonames,4158914
Leeds,AL,-86.54443,33.54816,11936,"Leeds, AL",geonames,4072130
El Coco,PA,-79.80806,8.87692,11935,"El Coco, PA",geonames,3711056
Richmond Hill,GA,-81.30344,31.93827,11935,"Richmond Hill, GA",geonames,4218752
Bogalusa,LA,-89.84869,30.79102,11933,"Bogalusa, LA",geonames,4317412
Bennsville,MD,-77.0122,38.60929,11923,"Bennsville, MD",geonames,4348418
Dranesville,VA,-77.34582,39.00067,11921,"Dranesville, VA",geonames,4756348
Guymon,OK,-101.48155,36.6828,11921,"Guymon, OK",geonames,5515743
West Haven,UT,-112.05105,41.203,11921,"West Haven, UT",geonames,5784540
Beauharnois,QC,-73.8725,45.31341,11918,"Beauharnois, QC",geonames,5896495
Bucyrus,OH,-82.97546,40.80839,11916,"Bucyrus, OH",geonames,5148635
Carleton Place,ON,-76.14938,45.13341,11901,"Carleton Place, ON",geonames,5917158
Kelso,WA,-122.90844,46.14678,11901,"Kelso, WA",geonames,5799571
El Sauce,NI,-86.53903,12.88687,11898,"El Sauce, NI",geonames,3619382
Bathurst,NB,-65.65112,47.61814,11897,"Bathurst, NB",geonames,6696259
Acatic,JA,-102.91055,20.78085,11890,"Acatic, JA",geonames,4019807
Pennsville,NJ,-75.51659,39.65345,11888,"Pennsville, NJ",geonames,4503555
San Pedro Los Banos,EM,-99.8217,19.62537,11886,"San Pedro Los Banos, EM",geonames,3517984
Ojuelos de Jalisco,JA,-101.59336,21.86367,11881,"Ojuelos de Jalisco, JA",geonames,3994216
Gander,NL,-54.61647,48.95624,11880,"Gander, NL",geonames,5959335
Maryville,MO,-94.87247,40.3461,11879,"Maryville, MO",geonames,5056172
Nacozari Viejo,SO,-109.65,30.4,11872,"Nacozari Viejo, SO",geonames,3995155
Clayton,CA,-121.93579,37.94103,11867,"Clayton, CA",geonames,5337841
Santa Ana,SO,-111.11882,30.5412,11864,"Santa Ana, SO",geonames,3984717
California,MD,-76.50745,38.3004,11857,"California, MD",geonames,4350049
Magdalena Milpas Altas,GUA,-90.67477,14.54801,11856,Magdalena Milpas Altas,geonames,3592770
Naranjo,CR,-84.37824,10.09866,11853,"Naranjo, CR",geonames,3622751
Lakeside,VA,-77.47693,37.60765,11849,"Lakeside, VA",geonames,4768423
Saint-Louis du Nord,HT,-72.72138,19.93397,11849,Saint-Louis du Nord,geonames,3717600
Terryville,NY,-73.06511,40.90899,11849,"Terryville, NY",geonames,5140694
Wanaque,NJ,-74.29404,41.03815,11848,"Wanaque, NJ",geonames,5106014
Cypress Lake,FL,-81.89925,26.53813,11846,"Cypress Lake, FL",geonames,4152639
Alexandria,MN,-95.37754,45.88524,11843,"Alexandria, MN",geonames,5016108
Maltrata,VE,-97.27538,18.81091,11842,"Maltrata, VE",geonames,3523670
Westwood Lake,FL,-80.37283,25.72927,11838,"Westwood Lake, FL",geonames,4178053
Glen Cairn,ON,-75.88,45.29278,11836,"Glen Cairn, ON",geonames,5961863
Lomas de San Agustin,JA,-103.46778,20.5275,11836,"Lomas de San Agustin, JA",geonames,8858139
Florham Park,NJ,-74.38821,40.78788,11835,"Florham Park, NJ",geonames,5098095
Morgan City,LA,-91.20677,29.69937,11835,"Morgan City, LA",geonames,4333811
Turin,SV,-89.76611,13.96639,11829,"Turin, SV",geonames,3582896
Jilotepec de Molina Enriquez,EM,-99.53278,19.95194,11828,"Jilotepec de Molina Enriquez, EM",geonames,3526501
Kingsburg,CA,-119.55402,36.51384,11824,"Kingsburg, CA",geonames,5363429
Georgetown,GA,-81.22733,31.98326,11823,"Georgetown, GA",geonames,4196917
Greensburg,IN,-85.48358,39.33727,11819,"Greensburg, IN",geonames,4258302
San Juan y San Pedro Tezompa,EM,-98.96073,19.2068,11819,"San Juan y San Pedro Tezompa, EM",geonames,3517956
Cottonwood,AZ,-112.00988,34.73919,11818,"Cottonwood, AZ",geonames,5291033
Schiller Park,IL,-87.8709,41.95586,11806,"Schiller Park, IL",geonames,4910743
Lovington,NM,-103.34855,32.94401,11800,"Lovington, NM",geonames,5477090
Sugarland Run,VA,-77.37526,39.03761,11799,"Sugarland Run, VA",geonames,4788216
San Juan Bautista,PA,-80.41622,7.96466,11798,"San Juan Bautista, PA",geonames,10179345
Pontiac,IL,-88.62978,40.88087,11794,"Pontiac, IL",geonames,4906438
Anacostia,DC,-76.98386,38.8665,11789,Washington D.C.,geonames,4137523
Bridgeton,MO,-90.41151,38.767,11786,"Bridgeton, MO",geonames,4378391
Cruz Grande,GR,-99.12356,16.72241,11783,"Cruz Grande, GR",geonames,3530066
Franklin,OH,-84.30411,39.55895,11783,"Franklin, OH",geonames,4512203
Woodinville,WA,-122.16346,47.75427,11782,"Woodinville, WA",geonames,5816449
Ascencion,CH,-107.98333,31.1,11781,"Ascencion, CH",geonames,4018109
Colorado Triangle,DC,-77.03331,38.95614,11780,Washington D.C.,geonames,13526887
Newport East,RI,-71.28752,41.51579,11769,"Newport East, RI",geonames,7257658
Red Bank,TN,-85.29413,35.11229,11769,"Red Bank, TN",geonames,4652341
Snyder,TX,-100.91762,32.71789,11768,"Snyder, TX",geonames,5530921
Lansing,KS,-94.90024,39.24861,11767,"Lansing, KS",geonames,4274236
Santa Rosalia,BS,-112.26706,27.34035,11765,Santa Rosalia,geonames,3983805
Beachwood,OH,-81.50873,41.4645,11762,"Beachwood, OH",geonames,5146711
Lower Burrell,PA,-79.75727,40.55312,11761,"Lower Burrell, PA",geonames,5199087
Somersworth,NH,-70.86534,43.26175,11759,"Somersworth, NH",geonames,5092813
Trophy Club,TX,-97.18362,32.9979,11759,"Trophy Club, TX",geonames,4737676
Landenberg,PA,-75.77133,39.77733,11757,"Landenberg, PA",geonames,4559070
Clayburn,BC,-122.26176,49.0691,11755,"Clayburn, BC",geonames,5923436
Jose Maria Morelos,QR,-88.70866,19.74887,11750,"Jose Maria Morelos, QR",geonames,3822989
Zaragoza,SV,-89.28889,13.58944,11749,"Zaragoza, SV",geonames,3582790
Evanston,WY,-110.9632,41.2683,11747,"Evanston, WY",curated,
Puerto Armuelles,PA,-82.86206,8.27775,11743,"Puerto Armuelles, PA",geonames,3702431
Healdsburg,CA,-122.86916,38.61047,11742,"Healdsburg, CA",geonames,5356012
Blackfoot,ID,-112.34498,43.19047,11740,"Blackfoot, ID",geonames,5586093
Eastern Passage,NS,-63.48199,44.61685,11738,"Eastern Passage, NS",geonames,5945566
Las Lomas,PA,-82.38901,8.42897,11726,"Las Lomas, PA",geonames,3706410
Ayotlan,JA,-102.32778,20.52943,11724,"Ayotlan, JA",geonames,4017936
Montmagny,QC,-70.55493,46.98043,11724,"Montmagny, QC",geonames,6325529
South Lyon,MI,-83.65161,42.46059,11722,"South Lyon, MI",geonames,5010548
Cordoba (Santa Leticia),VE,-96.97889,18.90861,11720,"Cordoba (Santa Leticia), VE",geonames,8858140
Carver,MA,-70.76254,41.88344,11718,"Carver, MA",geonames,4932388
Douglas,GA,-82.84987,31.50881,11718,"Douglas, GA",geonames,4191916
Wallington,NJ,-74.11375,40.85316,11716,"Wallington, NJ",geonames,5105974
Ocean Pines,MD,-75.15574,38.39539,11710,"Ocean Pines, MD",geonames,4364326
El Rosario,OA,-96.69209,17.04271,11707,"El Rosario, OA",geonames,3520194
Jensen Beach,FL,-80.22977,27.25449,11707,"Jensen Beach, FL",geonames,4160171
Lahaina,HI,-156.67982,20.87526,11704,"Lahaina, HI",geonames,5849996
Emeryville,CA,-122.28525,37.83132,11694,"Emeryville, CA",geonames,5346462
Azle,TX,-97.54586,32.89513,11693,"Azle, TX",geonames,4671800
East Bethel,MN,-93.20245,45.31941,11692,"East Bethel, MN",geonames,5024937
West Henrietta,NY,-77.66167,43.04006,11691,"West Henrietta, NY",geonames,5143834
Martinsville,IN,-86.42833,39.42783,11690,"Martinsville, IN",geonames,4261032
Seven Hills,OH,-81.67624,41.39533,11690,"Seven Hills, OH",geonames,5171657
Dzitbalche,CM,-90.05611,20.31857,11686,"Dzitbalche, CM",geonames,3529650
Macedonia,OH,-81.50845,41.31367,11686,"Macedonia, OH",geonames,5161539
Weston,MA,-71.30311,42.36676,11682,"Weston, MA",geonames,4955259
Buenos Aires,CR,-83.33277,9.17298,11680,"Buenos Aires, CR",geonames,3624593
Salsipuedes,DO,-70.37985,19.40552,11675,Salsipuedes,geonames,3493271
Waipio,HI,-157.99906,21.41823,11674,"Waipio, HI",geonames,5854717
Magnolia,AR,-93.23933,33.26707,11669,"Magnolia, AR",geonames,4120323
Oquirrh,UT,-112.03383,40.6305,11668,"Oquirrh, UT",geonames,5779333
River Edge,NJ,-74.03986,40.92871,11668,"River Edge, NJ",geonames,5103301
Sensenti,HN,-88.93761,14.49379,11668,"Sensenti, HN",geonames,3601367
Guttenberg,NJ,-74.00375,40.79205,11665,"Guttenberg, NJ",geonames,5098698
Saint Romuald,QC,-71.23921,46.75818,11663,"Saint Romuald, QC",geonames,8740846
Harrisonville,MO,-94.3471,38.6551,11662,"Harrisonville, MO",curated,
Mexico,MO,-91.88295,39.16976,11660,"Mexico, MO",geonames,4398103
Chajul,GUA,-91.0352,15.48523,11657,Chajul,geonames,3598804
Plan de Ayala,VE,-97.47482,20.54745,11657,"Plan de Ayala, VE",geonames,3824524
North Lindenhurst,NY,-73.38151,40.71427,11652,"North Lindenhurst, NY",geonames,5129125
Wyandanch,NY,-73.3604,40.75399,11647,"Wyandanch, NY",geonames,5145135
Goshen,OH,-84.16132,39.23339,11644,"Goshen, OH",geonames,4512940
Villa Vasquez,DO,-71.4464,19.7411,11642,Villa Vasquez,geonames,3491905
Manto,HN,-86.38333,14.91667,11641,"Manto, HN",geonames,3605042
San Francisco Ocotlan,PU,-98.28345,19.13411,11636,"San Francisco Ocotlan, PU",geonames,3522454
Tenancingo,TL,-98.20132,19.14725,11636,"Tenancingo, TL",geonames,3815451
Lexington Park,MD,-76.45384,38.26679,11626,"Lexington Park, MD",geonames,4360592
Arlington,TN,-89.66147,35.2962,11625,"Arlington, TN",geonames,4603001
Ravenna,OH,-81.24205,41.15756,11619,"Ravenna, OH",geonames,5167737
Summerland,BC,-119.66911,49.59977,11615,"Summerland, BC",geonames,6159232
El Arenal,JA,-103.6935,20.77629,11610,"El Arenal, JA",geonames,4011119
Enumclaw,WA,-121.9915,47.20427,11609,"Enumclaw, WA",geonames,5793822
Oskaloosa,IA,-92.64436,41.29639,11607,"Oskaloosa, IA",geonames,4870239
Verde Village,AZ,-112.01152,34.7105,11605,"Verde Village, AZ",geonames,7176038
El Campo,TX,-96.26969,29.19664,11604,"El Campo, TX",geonames,4688506
Lynnfield,MA,-71.04811,42.53898,11596,"Lynnfield, MA",geonames,4942821
Cocoa Beach,FL,-80.60922,28.32055,11595,"Cocoa Beach, FL",geonames,4151441
Cold Lake,AB,-110.18154,54.46525,11595,"Cold Lake, AB",geonames,5925024
Yamasa,DO,-70.02583,18.77315,11595,Yamasa,geonames,3491796
Jesus Gomez Portugal (Margaritas),AG,-102.29139,21.99917,11589,Jesus Gomez Portugal (Margaritas),geonames,4021296
Elizabethtown,PA,-76.60275,40.15287,11586,"Elizabethtown, PA",geonames,5188474
Mack,OH,-84.64967,39.15811,11585,"Mack, OH",geonames,4517323
Port Washington,WI,-87.87564,43.38722,11576,"Port Washington, WI",geonames,5267776
Robstown,TX,-97.66888,27.7903,11576,"Robstown, TX",geonames,4723212
View Royal,BC,-123.45261,48.45793,11575,"View Royal, BC",geonames,6174232
Lakeland South,WA,-122.28326,47.27843,11574,"Lakeland South, WA",geonames,7261609
Home Gardens,CA,-117.52088,33.87807,11570,"Home Gardens, CA",geonames,5357731
Villas,FL,-81.8687,26.55035,11569,"Villas, FL",geonames,4047914
Signal Hill,CA,-118.16785,33.80446,11565,"Signal Hill, CA",geonames,5395754
Sun Village,CA,-117.95676,34.55952,11565,"Sun Village, CA",geonames,7315210
Upper Montclair,NJ,-74.20126,40.84621,11565,"Upper Montclair, NJ",geonames,5105722
Archdale,NC,-79.97198,35.91458,11564,"Archdale, NC",geonames,4452871
Gualcince,HN,-88.55,14.11667,11564,"Gualcince, HN",geonames,3609370
Las Palmas,BS,-109.94235,22.93672,11562,Las Palmas,geonames,8858141
Tarrytown,NY,-73.85875,41.07621,11560,"Tarrytown, NY",geonames,5140538
Moss Bluff,LA,-93.19071,30.3027,11557,"Moss Bluff, LA",geonames,4333961
Mountain Park,GA,-84.12936,33.84427,11554,"Mountain Park, GA",geonames,4211428
Fulton,NY,-76.41716,43.32285,11552,"Fulton, NY",geonames,5118136
San Pedro Martir,QT,-100.47038,20.61787,11552,"San Pedro Martir, QT",geonames,4029453
Espita,YU,-88.30672,21.01062,11551,"Espita, YU",geonames,3527720
Garden City,ID,-116.23817,43.62211,11550,"Garden City, ID",geonames,5593814
Hauterive,QC,-68.25813,49.19572,11549,"Hauterive, QC",geonames,12076633
Urbana,OH,-83.75243,40.10839,11547,"Urbana, OH",geonames,5174897
Valley Falls,RI,-71.39061,41.90677,11547,"Valley Falls, RI",geonames,5225388
North Bellport,NY,-72.94288,40.77427,11545,"North Bellport, NY",geonames,5128905
Atescatempa,GUA,-89.74184,14.1755,11543,Atescatempa,geonames,3599633
San Gregorio de Nigua,DO,-70.05241,18.38336,11542,San Gregorio de Nigua,geonames,3493143
Troy,MO,-90.9807,38.97949,11542,"Troy, MO",geonames,4412089
Lakeland Village,CA,-117.34393,33.63863,11541,"Lakeland Village, CA",geonames,5364750
Tierra Colorada,GR,-99.52791,17.16571,11540,"Tierra Colorada, GR",geonames,3515643
Tomball,TX,-95.61605,30.09716,11540,"Tomball, TX",geonames,4737094
Greatwood,TX,-95.67578,29.55413,11538,"Greatwood, TX",geonames,4694896
Destrehan,LA,-90.35345,29.94322,11535,"Destrehan, LA",geonames,4322034
Gladeview,FL,-80.2356,25.83926,11535,"Gladeview, FL",geonames,4156824
Cheney,WA,-117.57576,47.48739,11534,"Cheney, WA",geonames,5789856
Richfield,WI,-88.19398,43.25612,11530,"Richfield, WI",geonames,5268838
Groveland,FL,-81.85119,28.55805,11528,"Groveland, FL",geonames,4157605
Grafton,WI,-87.95342,43.31973,11527,"Grafton, WI",geonames,5254739
Fall River,NS,-63.6154,44.81685,11526,"Fall River, NS",geonames,5951289
Ciudad Gustavo Diaz Ordaz,TM,-98.59647,26.2318,11523,"Ciudad Gustavo Diaz Ordaz, TM",geonames,3483393
Shady Hills,FL,-82.54288,28.41,11523,"Shady Hills, FL",geonames,4172602
Yeadon,PA,-75.25546,39.939,11523,"Yeadon, PA",geonames,4562430
Hobe Sound,FL,-80.13643,27.0595,11521,"Hobe Sound, FL",geonames,4158758
Nealtican,PU,-98.4272,19.0499,11517,"Nealtican, PU",geonames,3522781
Bacalar,QR,-88.39333,18.68109,11513,"Bacalar, QR",geonames,3532465
Chiautla de Tapia,PU,-98.60339,18.30149,11511,"Chiautla de Tapia, PU",geonames,3531006
Byram,MS,-90.24537,32.17932,11509,"Byram, MS",geonames,4420177
Claiborne,LA,-92.1918,32.51598,11507,"Claiborne, LA",geonames,4320107
Chesapeake Ranch Estates-Drum Point,MD,-76.41889,38.35022,11503,"Chesapeake Ranch Estates-Drum Point, MD",geonames,7258110
Canatlan,DG,-104.77397,24.52653,11495,"Canatlan, DG",geonames,4015683
Yulee,FL,-81.60649,30.6319,11491,"Yulee, FL",geonames,4178919
Nacozari de Garcia,SO,-109.68803,30.37462,11489,"Nacozari de Garcia, SO",geonames,3995157
Excelsior Springs,MO,-94.22606,39.33917,11486,"Excelsior Springs, MO",geonames,4385966
Rehoboth,MA,-71.24949,41.84038,11486,"Rehoboth, MA",geonames,4948545
Robinson,TX,-97.11472,31.46767,11484,"Robinson, TX",geonames,4723165
Cedarburg,WI,-87.98759,43.29667,11482,"Cedarburg, WI",geonames,5248171
Gainesville,VA,-77.61388,38.79567,11481,"Gainesville, VA",geonames,4760363
Lewisburg,TN,-86.78889,35.44924,11480,"Lewisburg, TN",geonames,4636442
Basse-Terre,GP,-61.73214,15.99714,11472,Basse-Terre,geonames,3579732
San Pedro Tlaltizapan,EM,-99.49956,19.19973,11472,"San Pedro Tlaltizapan, EM",geonames,3827278
Muna,YU,-89.71441,20.48831,11469,"Muna, YU",geonames,3522886
Cedral,SL,-100.72527,23.82099,11468,"Cedral, SL",geonames,4014914
Fort Liberte,HT,-71.8351,19.66254,11465,Fort Liberte,geonames,3725170
Royse City,TX,-96.33248,32.97512,11465,"Royse City, TX",geonames,4724241
Prairie Ridge,WA,-122.14873,47.1376,11464,"Prairie Ridge, WA",geonames,5807367
Anna,TX,-96.5486,33.349,11463,"Anna, TX",geonames,4670871
Bellmawr,NJ,-75.09462,39.86761,11462,"Bellmawr, NJ",geonames,4500750
North Saint Paul,MN,-92.99188,45.01247,11460,"North Saint Paul, MN",geonames,5039587
Melchor de Mencos,GUA,-89.15229,17.06606,11457,Melchor de Mencos,geonames,3598131
San Francisco Tecoxpa,DF,-99.00639,19.19167,11456,"San Francisco Tecoxpa, DF",geonames,8858142
Vicente Guerrero,BC,-115.98871,30.73054,11455,"Vicente Guerrero, BC",geonames,4013292
Hillsborough,CA,-122.37942,37.5741,11451,"Hillsborough, CA",geonames,5357155
Los Alamitos,CA,-118.07256,33.80307,11449,"Los Alamitos, CA",geonames,5368304
Endwell,NY,-76.02103,42.11285,11446,"Endwell, NY",geonames,5116603
Goulds,FL,-80.38228,25.56261,11446,"Goulds, FL",geonames,4157097
Clute,TX,-95.39883,29.02469,11444,"Clute, TX",geonames,4682163
Fenton,MI,-83.70495,42.79781,11442,"Fenton, MI",geonames,4992612
Ajijic,JA,-103.26138,20.29992,11439,"Ajijic, JA",geonames,4019054
Somerset,KY,-84.60411,37.09202,11439,Somerset,geonames,4308922
Ciudad Tecun Uman,GUA,-92.14039,14.67737,11432,Ciudad Tecun Uman,geonames,3598129
Samana,DO,-69.33407,19.20404,11432,Samana,geonames,3492997
Parker,SC,-82.45346,34.85067,11431,"Parker, SC",geonames,4590476
Mendota,CA,-120.38156,36.75356,11430,"Mendota, CA",geonames,5372190
Lakes by the Bay,FL,-80.32533,25.57233,11422,"Lakes by the Bay, FL",geonames,4161460
Mays Chapel,MD,-76.64941,39.43316,11420,"Mays Chapel, MD",geonames,4362009
Salem,WI,-88.11092,42.55474,11416,"Salem, WI",geonames,5271991
Haddonfield,NJ,-75.03767,39.8915,11414,"Haddonfield, NJ",geonames,4502103
Frederick,CO,-104.9372,40.09915,11413,"Frederick, CO",geonames,5577217
Webster,MA,-71.88007,42.0501,11412,"Webster, MA",geonames,4954677
Crossville,TN,-85.0269,35.94896,11411,"Crossville, TN",geonames,4616470
Hawaiian Paradise Park,HI,-154.97306,19.59333,11404,"Hawaiian Paradise Park, HI",geonames,5855809
D'Iberville,MS,-88.89086,30.42631,11400,"D'Iberville, MS",geonames,4423395
Trinidad,CO,-104.5005,37.1694,11400,"Trinidad, CO",curated,
Summit,IL,-87.81033,41.78809,11389,"Summit, IL",geonames,4912845
Piedmont,CA,-122.23163,37.82437,11376,"Piedmont, CA",geonames,5382514
Ridgefield,NJ,-74.00875,40.83427,11373,"Ridgefield, NJ",geonames,5103254
Carnot-Moon,PA,-80.21736,40.51856,11372,"Carnot-Moon, PA",geonames,7258082
Lyndon,KY,-85.60163,38.25674,11372,Lyndon,geonames,4299562
Newcastle,WA,-122.15568,47.53899,11370,"Newcastle, WA",geonames,5804676
Emmaus,PA,-75.49685,40.53954,11368,"Emmaus, PA",geonames,5188726
Greentree,NJ,-74.95572,39.89706,11367,"Greentree, NJ",geonames,4502049
Tyngsboro,MA,-71.42451,42.67676,11366,"Tyngsboro, MA",geonames,4953542
Sanchez,DO,-69.6137,19.2281,11365,Sanchez,geonames,3493198
Grosse Ile,MI,-83.14437,42.12921,11361,"Grosse Ile, MI",geonames,4994851
Jefferson Hills,PA,-79.93199,40.29118,11360,"Jefferson Hills, PA",geonames,5195297
Brentwood Village,DC,-76.98442,38.92094,11359,Washington D.C.,geonames,4137801
Ajuterique,HN,-87.70965,14.38304,11356,"Ajuterique, HN",geonames,3615279
Ocean City,NJ,-74.5746,39.27762,11355,"Ocean City, NJ",geonames,4503351
Camden,AR,-92.83433,33.58456,11347,"Camden, AR",geonames,4104182
Oxford,CT,-73.11678,41.43399,11345,"Oxford, CT",geonames,4840237
Waupun,WI,-88.72955,43.63332,11343,"Waupun, WI",geonames,5278106
Niles,MI,-86.25418,41.82977,11333,"Niles, MI",geonames,5003514
North Valley,NM,-106.62336,35.17338,11333,"North Valley, NM",geonames,5481793
Oak Hills,OR,-122.84121,45.54123,11333,"Oak Hills, OR",geonames,5743753
Ahome,SI,-109.17338,25.91985,11331,"Ahome, SI",geonames,4019098
Two Rivers,WI,-87.56925,44.15388,11331,"Two Rivers, WI",geonames,5276609
Gloucester City,NJ,-75.12041,39.89281,11329,"Gloucester City, NJ",geonames,4501943
Lakewood Park,FL,-80.40227,27.54309,11323,"Lakewood Park, FL",geonames,4161510
Smyrna,DE,-75.60465,39.29983,11319,"Smyrna, DE",geonames,4144764
Berlin,SV,-88.53333,13.5,11313,"Berlin, SV",geonames,3587266
Mango,FL,-82.30648,27.97974,11313,"Mango, FL",geonames,4163318
Gardnerville Ranchos,NV,-119.74129,38.88824,11312,"Gardnerville Ranchos, NV",geonames,5504473
East Grand Rapids,MI,-85.61003,42.94114,11311,"East Grand Rapids, MI",geonames,4991600
Sainte-Marthe-sur-le-Lac,QC,-73.9325,45.53338,11311,"Sainte-Marthe-sur-le-Lac, QC",geonames,6138032
Magalia,CA,-121.57831,39.81211,11310,"Magalia, CA",geonames,5369690
Broussard,LA,-91.96123,30.14715,11303,"Broussard, LA",geonames,4317985
Walker Mill,MD,-76.88831,38.87539,11302,"Walker Mill, MD",geonames,4372623
West Sedona,AZ,-111.80543,34.86724,11299,"West Sedona, AZ",geonames,5550192
Robertsville,NJ,-74.28792,40.34622,11297,"Robertsville, NJ",geonames,5103374
Nacajuca,TB,-93.01837,18.16963,11289,"Nacajuca, TB",geonames,3522865
Progreso Industrial,EM,-99.35687,19.63635,11289,"Progreso Industrial, EM",geonames,3521111
Merriam,KS,-94.69357,39.02362,11288,"Merriam, KS",geonames,4275393
Madison Heights,VA,-79.12308,37.43098,11285,"Madison Heights, VA",geonames,4771247
Woods Cross,UT,-111.89216,40.87161,11284,"Woods Cross, UT",geonames,5785116
Plano,IL,-88.53702,41.66281,11282,"Plano, IL",geonames,4906143
Warren,RI,-71.28255,41.73038,11280,"Warren, RI",geonames,5225502
The Wharf,DC,-77.02491,38.87913,11274,Washington D.C.,geonames,13526903
Shiloh,OH,-84.22855,39.81867,11272,"Shiloh, OH",geonames,4524642
Guthrie,OK,-97.42532,35.87894,11270,"Guthrie, OK",geonames,4538142
San Miguel Xoxtla,PU,-98.30758,19.16763,11269,"San Miguel Xoxtla, PU",geonames,3518224
Cusseta,GA,-84.7727,32.30543,11267,"Cusseta, GA",geonames,4190434
Huntington,VA,-77.07081,38.79234,11267,"Huntington, VA",geonames,4765392
Lewis Center,OH,-83.01018,40.1984,11261,"Lewis Center, OH",geonames,5160622
Estevan,SK,-102.98422,49.13337,11258,"Estevan, SK",geonames,5949568
Newtonville,MA,-71.20367,42.3501,11251,"Newtonville, MA",geonames,4945333
Wrentham,MA,-71.32811,42.06677,11251,"Wrentham, MA",geonames,4956266
North Sound Estates,KY,-81.30242,19.29303,11249,North Sound Estates,geonames,3580572
Loganville,GA,-83.90074,33.839,11248,"Loganville, GA",geonames,4206547
Breakers,KY,-81.19844,19.2961,11247,Breakers,geonames,3580725
Munhall,PA,-79.90005,40.39229,11247,"Munhall, PA",geonames,5202734
Westwood,NJ,-74.03264,40.99121,11247,"Westwood, NJ",geonames,5106351
Yazoo City,MS,-90.40565,32.85513,11245,"Yazoo City, MS",geonames,4451810
Minooka,IL,-88.26173,41.45531,11243,"Minooka, IL",geonames,4902386
Villa Cuauhtemoc,EM,-99.55872,19.41676,11241,"Villa Cuauhtemoc, EM",geonames,3514683
Campbellsville,KY,-85.34191,37.3434,11237,Campbellsville,geonames,4286717
San Pablo Atlazalpan,EM,-98.90763,19.21742,11236,"San Pablo Atlazalpan, EM",geonames,3518139
Lake Grove,NY,-73.11511,40.85288,11235,"Lake Grove, NY",geonames,5123796
Yorktown,IN,-85.49414,40.17365,11231,"Yorktown, IN",geonames,4928492
Farnham,QC,-72.98244,45.28338,11228,"Farnham, QC",geonames,5951644
Anenecuilco,MO,-98.98907,18.77738,11227,"Anenecuilco, MO",geonames,3532858
White House,TN,-86.65138,36.47032,11226,"White House, TN",geonames,4667282
Browns Mills,NJ,-74.58293,39.97261,11223,"Browns Mills, NJ",geonames,4500959
Mendota Heights,MN,-93.13827,44.88358,11223,"Mendota Heights, MN",geonames,5037280
Grosse Pointe Park,MI,-82.93742,42.37587,11220,"Grosse Pointe Park, MI",geonames,4994868
Shiloh,PA,-76.79719,39.97815,11218,"Shiloh, PA",geonames,4561215
Pike Creek Valley,DE,-75.69827,39.73622,11217,"Pike Creek Valley, DE",geonames,4144101
Beachwood,NJ,-74.19292,39.93901,11214,"Beachwood, NJ",geonames,4500709
Gonzalez,TM,-98.42715,22.82761,11212,"Gonzalez, TM",geonames,3482929
Haysville,KS,-97.35227,37.56446,11212,"Haysville, KS",geonames,4272788
North Smithfield,RI,-71.54951,41.96677,11212,"North Smithfield, RI",geonames,5223687
Spencer,IA,-95.14444,43.14136,11212,"Spencer, IA",geonames,4877138
Orange City,FL,-81.29867,28.94888,11210,"Orange City, FL",geonames,4167055
Berkley,CO,-105.02609,39.80443,11207,"Berkley, CO",geonames,5413519
Santa Cruz de las Flores,JA,-103.50278,20.48056,11204,"Santa Cruz de las Flores, JA",geonames,3984444
Pompton Lakes,NJ,-74.2907,41.00538,11202,"Pompton Lakes, NJ",geonames,5102825
River Forest,IL,-87.81395,41.89781,11199,"River Forest, IL",geonames,4907637
Pincourt,QC,-73.9825,45.38338,11197,"Pincourt, QC",geonames,6104876
Saint Peter,MN,-93.95801,44.32358,11196,"Saint Peter, MN",geonames,5045517
Jefferson,LA,-90.15313,29.96604,11193,"Jefferson, LA",geonames,4328973
Jerome,ID,-114.51865,42.72407,11184,"Jerome, ID",geonames,5597034
Springdale,OH,-84.48522,39.287,11182,"Springdale, OH",geonames,4525310
La Resolana,JA,-104.43421,19.6039,11180,"La Resolana, JA",geonames,4015040
Elwood,NY,-73.33512,40.84538,11177,"Elwood, NY",geonames,5116550
Grandview,WA,-119.9017,46.25097,11176,"Grandview, WA",geonames,5795969
Coldstream,BC,-119.20235,50.21649,11171,"Coldstream, BC",geonames,5925058
North Scituate,RI,-71.58729,41.83177,11171,"North Scituate, RI",geonames,5223685
El Tejar,VE,-96.16089,19.07497,11168,"El Tejar, VE",geonames,3528046
Calimaya,EM,-99.6181,19.16324,11165,"Calimaya, EM",geonames,3531798
Dudley,MA,-71.93007,42.0451,11165,"Dudley, MA",geonames,4935125
Webb City,MO,-94.463,37.14645,11165,"Webb City, MO",geonames,4413842
Tarboro,NC,-77.5358,35.89682,11164,"Tarboro, NC",geonames,4494513
Sierra Madre,CA,-118.05285,34.16167,11163,"Sierra Madre, CA",geonames,5395622
Camp Verde,AZ,-111.85432,34.56364,11155,"Camp Verde, AZ",geonames,5288261
Central 14th Street / WMATA Northern Bus Barn,DC,-77.03262,38.94467,11147,Washington D.C.,geonames,13526889
Mount Kisco,NY,-73.72708,41.20426,11145,"Mount Kisco, NY",geonames,5127744
Panajachel,GUA,-91.15676,14.74185,11142,Panajachel,geonames,3591750
San Bartolome Tlaltelulco,EM,-99.62964,19.22738,11141,"San Bartolome Tlaltelulco, EM",geonames,3827273
East Renton Highlands,WA,-122.11234,47.48482,11140,"East Renton Highlands, WA",geonames,5793242
Raymondville,TX,-97.78305,26.48146,11139,"Raymondville, TX",geonames,4721703
Chino Valley,AZ,-112.45378,34.75752,11137,"Chino Valley, AZ",geonames,5289658
Lantana,FL,-80.05199,26.58674,11136,"Lantana, FL",geonames,4161571
Becancour,QC,-72.43224,46.34106,11134,"Becancour, QC",geonames,5897209
Oneida,NY,-75.65129,43.09257,11134,"Oneida, NY",geonames,5129837
Dobbs Ferry,NY,-73.87264,41.01454,11131,"Dobbs Ferry, NY",geonames,5115123
Riverton,WY,-108.3801,43.0247,11129,"Riverton, WY",curated,
Grand Rapids,MN,-93.53021,47.23717,11127,"Grand Rapids, MN",geonames,5028537
Coshocton,OH,-81.85958,40.27202,11121,"Coshocton, OH",geonames,5151186
Nueva Concepcion,GUA,-91.3,14.2,11121,Nueva Concepcion,geonames,3592145
Cherry Creek,CO,-104.861,39.611,11120,"Cherry Creek, CO",geonames,8480048
Webster,TX,-95.11826,29.53773,11116,"Webster, TX",geonames,4740423
Helena-West Helena,AR,-90.59,34.5291,11109,"Helena-West Helena, AR",geonames,6331911
Saint-Raymond,QC,-71.83415,46.8901,11108,"Saint-Raymond, QC",geonames,8593826
Town and Country,MO,-90.46345,38.61228,11106,"Town and Country, MO",geonames,4411912
Lighthouse Point,FL,-80.08727,26.27564,11104,"Lighthouse Point, FL",geonames,4161957
Lawrenceburg,KY,-84.89662,38.0373,11103,Lawrenceburg,geonames,4297581
Village Park,HI,-158.03028,21.39806,11099,"Village Park, HI",geonames,5853965
Chinautla,PU,-97.38859,19.81996,11096,"Chinautla, PU",geonames,3530907
Jaltenco,EM,-99.0939,19.75298,11093,"Jaltenco, EM",geonames,3526600
South Yarmouth,MA,-70.18474,41.66678,11092,"South Yarmouth, MA",geonames,4951579
North Saanich,BC,-123.41933,48.66634,11089,"North Saanich, BC",geonames,6090579
Tepatepec,HG,-99.08981,20.24568,11084,"Tepatepec, HG",geonames,3515909
Canyon Lake,CA,-117.27309,33.68502,11080,"Canyon Lake, CA",geonames,5333976
Villas de la Hacienda [Fraccionamiento],JA,-103.38278,20.53111,11078,"Villas de la Hacienda [Fraccionamiento], JA",geonames,8858144
Morazan,HN,-87.6,15.31667,11076,"Morazan, HN",geonames,3604584
San Matias Tlalancaleca,PU,-98.49863,19.32536,11076,"San Matias Tlalancaleca, PU",geonames,3518352
East Milton,FL,-87.02163,30.61519,11074,"East Milton, FL",geonames,4154023
Pedernales,DO,-71.7467,18.03562,11072,Pedernales,geonames,3495137
Leicester,MA,-71.90868,42.24593,11064,"Leicester, MA",geonames,4941835
Grand Haven,MI,-86.22839,43.06307,11062,"Grand Haven, MI",geonames,4994325
Peru,IN,-86.06888,40.75365,11060,"Peru, IN",geonames,4924733
Vicente Noble,DO,-71.18009,18.38443,11060,Vicente Noble,geonames,3492030
Lakeland Highlands,FL,-81.95008,27.95975,11056,"Lakeland Highlands, FL",geonames,4161444
Joint Base Lewis McChord,WA,-122.57694,47.10787,11046,"Joint Base Lewis McChord, WA",geonames,7261292
San Juan Cotzal,GUA,-91.03481,15.43368,11046,San Juan Cotzal,geonames,3589913
Saint Albans,WV,-81.83624,38.38565,11044,"Saint Albans, WV",geonames,4820938
Burkburnett,TX,-98.57061,34.09787,11043,"Burkburnett, TX",geonames,4677526
Diamond Springs,CA,-120.81494,38.69463,11037,"Diamond Springs, CA",geonames,5343038
Londonderry,NH,-71.37395,42.86509,11037,"Londonderry, NH",geonames,5088905
Sonoma,CA,-122.45804,38.29186,11037,"Sonoma, CA",geonames,5397095
El Empalme,PA,-82.52244,9.41468,11035,"El Empalme, PA",geonames,3710920
Millington,TN,-89.89731,35.34147,11027,"Millington, TN",geonames,4641998
Little Chute,WI,-88.31844,44.27999,11026,"Little Chute, WI",geonames,5260262
Le Gros-Morne,MQ,-61.0,14.7,11025,Le Gros-Morne,geonames,3570584
Blackfalds,AB,-113.7853,52.38342,11015,"Blackfalds, AB",geonames,5902599
Mineral del Monte,HG,-98.67364,20.1383,11015,"Mineral del Monte, HG",geonames,3523180
Jalpan de Serra,QT,-99.47183,21.21745,11010,"Jalpan de Serra, QT",geonames,3526601
Frank Sound,KY,-81.18194,19.30239,11007,Frank Sound,geonames,3580666
Amatitan,JA,-103.73016,20.83423,11006,"Amatitan, JA",geonames,4018597
Vermilion-on-the-Lake,OH,-82.32377,41.42838,11006,"Vermilion-on-the-Lake, OH",geonames,5175080
Saucillo,CH,-105.29276,28.0299,11004,"Saucillo, CH",geonames,3983312
La Tuque,QC,-72.7824,47.43337,11001,"La Tuque, QC",geonames,6050416
Suffern,NY,-74.14959,41.11482,11001,"Suffern, NY",geonames,5140072
Condega,NI,-86.39846,13.36502,11000,"Condega, NI",geonames,3620298
Eleuthera,BS,-76.1547,25.03,11000,Eleuthera,curated,
Guazapa,SV,-89.17306,13.87694,10995,"Guazapa, SV",geonames,3585636
Chalco,NE,-96.1503,41.18389,10994,"Chalco, NE",geonames,5065495
West Point,MS,-88.65033,33.60762,10990,"West Point, MS",geonames,4450753
San Bartolo Cuautlalpan,EM,-99.01044,19.8151,10989,"San Bartolo Cuautlalpan, EM",geonames,3519644
Zimatlan de Alvarez,OA,-96.78484,16.86707,10986,"Zimatlan de Alvarez, OA",geonames,3514027
Crestwood,IL,-87.74154,41.64463,10984,"Crestwood, IL",geonames,4889113
Mountain Top,PA,-75.87742,41.16953,10982,"Mountain Top, PA",geonames,5202535
Doctor Phillips,FL,-81.49229,28.44945,10981,"Doctor Phillips, FL",geonames,4153367
Totowa,NJ,-74.20987,40.9051,10973,"Totowa, NJ",geonames,5105455
Acanceh,YU,-89.45332,20.81291,10968,"Acanceh, YU",geonames,3533472
Tixkokob,YU,-89.39476,21.0012,10968,"Tixkokob, YU",geonames,3515521
Atlautla,EM,-98.77859,19.02188,10967,"Atlautla, EM",geonames,3532601
Mitchellville,MD,-76.808,38.92,10967,"Mitchellville, MD",geonames,4362624
Parrilla II,TB,-92.92468,17.87702,10967,"Parrilla II, TB",geonames,11425680
Little Ferry,NJ,-74.04208,40.85288,10963,"Little Ferry, NJ",geonames,5100542
Warman,SK,-106.56791,52.31679,10961,"Warman, SK",geonames,6176226
Martin,TN,-88.85034,36.3434,10959,"Martin, TN",geonames,4639684
Union,MO,-91.00848,38.45005,10957,"Union, MO",geonames,4412454
Damascus,OR,-122.45898,45.41762,10952,"Damascus, OR",geonames,5722088
Highland Park,MI,-83.09687,42.40559,10949,"Highland Park, MI",geonames,4996017
Vidor,TX,-94.01545,30.1316,10945,"Vidor, TX",geonames,4739226
Cordele,GA,-83.78239,31.96351,10943,"Cordele, GA",geonames,4189423
San Antonio,CR,-84.18592,9.9816,10938,"San Antonio, CR",geonames,3621967
Conjunto Habitacional Villas del Pedregal,MI,-101.30361,19.68361,10934,"Conjunto Habitacional Villas del Pedregal, MI",geonames,8858150
Bluffdale,UT,-111.93882,40.48967,10931,"Bluffdale, UT",geonames,5771716
Malvern,AR,-92.81295,34.36231,10928,"Malvern, AR",geonames,4120388
Natrona Heights,PA,-79.72977,40.6234,10927,"Natrona Heights, PA",geonames,5202903
Stratford,PE,-63.07948,46.21792,10927,"Stratford, PE",geonames,6157974
Putla Villa de Guerrero,OA,-97.92843,17.02622,10925,"Putla Villa de Guerrero, OA",geonames,3520935
Seymour,TN,-83.72462,35.89064,10919,"Seymour, TN",geonames,4656630
Quartz Hill,CA,-118.21813,34.64526,10912,"Quartz Hill, CA",geonames,5385393
Gulf Gate Estates,FL,-82.51471,27.25173,10911,"Gulf Gate Estates, FL",geonames,4157657
Storm Lake,IA,-95.20972,42.64109,10910,"Storm Lake, IA",geonames,4877655
Fairfield,AL,-86.91194,33.48594,10907,"Fairfield, AL",geonames,4061206
Trinity,FL,-82.68177,28.18085,10907,"Trinity, FL",geonames,4047906
Ironton,OH,-82.68294,38.53675,10900,"Ironton, OH",geonames,4515247
Lincolnton,NC,-81.25453,35.47375,10900,"Lincolnton, NC",geonames,4475995
Brooklyn,OH,-81.73541,41.43977,10899,"Brooklyn, OH",geonames,5148346
Franklin Lakes,NJ,-74.2057,41.01676,10899,"Franklin Lakes, NJ",geonames,5098242
Newman,CA,-121.02076,37.31383,10899,"Newman, CA",geonames,5376870
Summerfield,MD,-76.8683,38.90454,10898,"Summerfield, MD",geonames,7315263
Corning,NY,-77.05469,42.14285,10897,"Corning, NY",geonames,5113760
Doraville,GA,-84.28326,33.89816,10896,"Doraville, GA",geonames,4191768
Sturgis,MI,-85.41915,41.79922,10896,"Sturgis, MI",geonames,5011428
DeRidder,LA,-93.28905,30.84631,10890,"DeRidder, LA",geonames,4321781
Cowansville,QC,-72.74913,45.20008,10887,"Cowansville, QC",geonames,5931074
Ogdensburg,NY,-75.48634,44.69423,10883,"Ogdensburg, NY",geonames,5129626
Atencingo,PU,-98.60542,18.51347,10879,"Atencingo, PU",geonames,3532636
Woodbury,NY,-74.10598,41.36454,10879,"Woodbury, NY",geonames,5144948
Nuevo Ideal,DG,-105.07455,24.88819,10876,"Nuevo Ideal, DG",geonames,3994607
Taylorville,IL,-89.29453,39.54894,10873,"Taylorville, IL",geonames,4251141
Weyburn,SK,-103.85109,49.66675,10870,"Weyburn, SK",geonames,6179652
Citrus,CA,-117.89173,34.11501,10866,"Citrus, CA",geonames,5337551
El Parral,CS,-93.00428,16.37022,10865,"El Parral, CS",geonames,3816612
Pomoca,TB,-92.93056,18.04972,10864,"Pomoca, TB",geonames,8858151
Summerfield,NC,-79.90476,36.20875,10861,"Summerfield, NC",geonames,4493990
San Sebastian,HN,-88.5,14.25,10857,"San Sebastian, HN",geonames,3601732
Acushnet,MA,-70.90782,41.68066,10850,"Acushnet, MA",geonames,4928720
Waynesboro,PA,-77.57777,39.75593,10848,"Waynesboro, PA",geonames,4562070
East Liverpool,OH,-80.57729,40.61868,10846,"East Liverpool, OH",geonames,5152709
Coldwater,MI,-85.00052,41.94033,10844,"Coldwater, MI",geonames,4989266
Villa Corzo,CS,-93.26802,16.18463,10841,"Villa Corzo, CS",geonames,3514684
Highland City,FL,-81.87786,27.9653,10834,"Highland City, FL",geonames,4158604
Miami Shores,FL,-80.19283,25.86315,10831,"Miami Shores, FL",geonames,4164211
Maltby,WA,-122.11318,47.8051,10830,"Maltby, WA",geonames,5802236
Winchester Center,CT,-73.13483,41.9001,10830,"Winchester Center, CT",geonames,4845889
Cuyotenango,GUA,-91.57179,14.54006,10825,Cuyotenango,geonames,3597750
Monagrillo,PA,-80.43302,7.98262,10821,"Monagrillo, PA",geonames,3704187
Burr Ridge,IL,-87.91839,41.74892,10818,"Burr Ridge, IL",geonames,4886090
Santa Catarina Mita,GUA,-89.74285,14.45131,10817,Santa Catarina Mita,geonames,3589456
Villa de San Francisco,HN,-86.96667,14.16667,10816,"Villa de San Francisco, HN",geonames,3600338
Sedro-Woolley,WA,-122.23611,48.50389,10815,"Sedro-Woolley, WA",geonames,5809902
Lindon,UT,-111.72076,40.34329,10810,"Lindon, UT",geonames,5777332
Sweetwater,TX,-100.40594,32.47095,10809,"Sweetwater, TX",geonames,5531968
Pine Castle,FL,-81.36785,28.47195,10805,"Pine Castle, FL",geonames,4168418
Mount Holly,NJ,-74.78766,39.99289,10804,"Mount Holly, NJ",geonames,4503134
La Riviera,CA,-121.3569,38.56685,10802,"La Riviera, CA",geonames,5364095
Vieques,PR,-65.4571,18.1217,10800,"Vieques, PR",curated,
Marinette,WI,-87.63066,45.09998,10799,"Marinette, WI",geonames,5261852
Bellefontaine Neighbors,MO,-90.2265,38.74033,10798,"Bellefontaine Neighbors, MO",geonames,4376444
Van Wert,OH,-84.58412,40.86949,10798,"Van Wert, OH",geonames,5175079
Mantua,CU,-84.283,22.29172,10797,Mantua,geonames,3547930
Monroe,WI,-89.63845,42.60112,10796,"Monroe, WI",geonames,5263331
Muskegon Heights,MI,-86.23895,43.20113,10796,"Muskegon Heights, MI",geonames,5003140
Holbrook,MA,-71.00866,42.1551,10791,"Holbrook, MA",geonames,4939637
Elmira,ON,-80.5497,43.60009,10790,"Elmira, ON",geonames,5948045
Broomall,PA,-75.35658,39.9815,10789,"Broomall, PA",geonames,4556802
Worth,IL,-87.79728,41.68975,10784,"Worth, IL",geonames,4917171
Smithfield,UT,-111.83272,41.83826,10782,"Smithfield, UT",geonames,5781551
Esquipulas del Norte,HN,-86.53333,15.3,10781,"Esquipulas del Norte, HN",geonames,3609734
Farmersville,CA,-119.20678,36.29773,10774,"Farmersville, CA",geonames,5347742
Crestline,CA,-117.2856,34.24195,10770,"Crestline, CA",geonames,5340674
Whitehall Estates,KY,-81.38208,19.31313,10768,Whitehall Estates,geonames,3580471
Santa Maria del Real,HN,-85.95,14.76667,10767,"Santa Maria del Real, HN",geonames,3601543
San Ramon,CR,-84.47022,10.08802,10765,"San Ramon, CR",geonames,3621644
Chahuites,OA,-94.19491,16.28824,10763,"Chahuites, OA",geonames,3531218
Simojovel de Allende,CS,-92.714,17.14012,10762,"Simojovel de Allende, CS",geonames,3516651
Jackson,WY,-110.7624,43.4799,10760,"Jackson, WY",curated,
Kings Mountain,NC,-81.34119,35.24513,10760,"Kings Mountain, NC",geonames,4474388
Liure,HN,-87.09194,13.53583,10760,"Liure, HN",geonames,3605950
Platon Sanchez,VE,-98.37456,21.27182,10758,"Platon Sanchez, VE",geonames,3521344
Viera East,FL,-80.71449,28.26234,10757,"Viera East, FL",geonames,7315241
Lowes Island,VA,-77.35221,39.05983,10756,"Lowes Island, VA",geonames,4770931
Delhi,CA,-120.77854,37.43216,10755,"Delhi, CA",geonames,5342522
Degollado,JA,-102.14976,20.46702,10753,"Degollado, JA",geonames,4012045
Roessleville,NY,-73.80707,42.69508,10753,"Roessleville, NY",geonames,5134257
Sussex,WI,-88.22204,43.1339,10753,"Sussex, WI",geonames,5275222
Villa Union,DG,-104.04462,23.9753,10753,"Villa Union, DG",geonames,3980124
Vista Hermosa de Negrete,MI,-102.47426,20.27297,10752,"Vista Hermosa de Negrete, MI",geonames,3980037
Arkadelphia,AR,-93.05378,34.12093,10745,"Arkadelphia, AR",geonames,4099647
Van Ness,DC,-77.06299,38.94316,10745,Washington D.C.,geonames,13526902
Saks,AL,-85.83969,33.69871,10744,"Saks, AL",geonames,4088146
Talgua,HN,-88.7,14.7,10744,"Talgua, HN",geonames,3601063
Collegedale,TN,-85.05023,35.05313,10743,"Collegedale, TN",geonames,4614720
Echelon,NJ,-74.99572,39.84845,10743,"Echelon, NJ",geonames,4501632
Vermillion,SD,-96.92921,42.77944,10738,"Vermillion, SD",geonames,5232592
Minneola,FL,-81.74619,28.57444,10735,"Minneola, FL",geonames,4164575
Tamalpais-Homestead Valley,CA,-122.53625,37.87834,10735,"Tamalpais-Homestead Valley, CA",geonames,7262659
Middlesboro,KY,-83.71658,36.60842,10730,Middlesboro,geonames,4300717
Chocaman,VE,-97.03291,19.01214,10727,"Chocaman, VE",geonames,3530778
Galeana,MO,-99.2124,18.6381,10726,"Galeana, MO",geonames,3761660
Lyons,IL,-87.81811,41.81337,10722,"Lyons, IL",geonames,4900749
Holly Springs,GA,-84.50132,34.17399,10719,"Holly Springs, GA",geonames,4201047
Fort Madison,IA,-91.31515,40.62976,10717,"Fort Madison, IA",geonames,4857507
Puerto Escondido (Tepeolulco Puerto Escondido),EM,-99.09806,19.55194,10717,"Puerto Escondido (Tepeolulco Puerto Escondido), EM",geonames,8858153
Bolivar,MO,-93.41047,37.61448,10714,"Bolivar, MO",geonames,4377835
Bastrop,LA,-91.91144,32.77828,10713,"Bastrop, LA",geonames,4315535
Atchison,KS,-95.12164,39.56305,10712,"Atchison, KS",geonames,4267733
Largo,MD,-76.83025,38.89761,10709,"Largo, MD",geonames,4360345
Fredonia,NY,-79.33171,42.44006,10705,"Fredonia, NY",geonames,5117926
Cheval,FL,-82.51454,28.14862,10702,"Cheval, FL",geonames,4150727
Santa Catarina Ayotzingo,EM,-98.92985,19.20948,10702,"Santa Catarina Ayotzingo, EM",geonames,3517673
Halfway,MD,-77.75888,39.62065,10701,"Halfway, MD",geonames,4357176
Petal,MS,-89.26006,31.34656,10701,"Petal, MS",geonames,4440837
Kapa'a,HI,-159.31895,22.07521,10699,"Kapa'a, HI",geonames,5848280
Rosaryville,MD,-76.80969,38.75678,10697,"Rosaryville, MD",geonames,4367344
Chichihualco,GR,-99.67624,17.65902,10690,"Chichihualco, GR",geonames,3530955
Little Falls,NJ,-74.2082,40.86899,10688,"Little Falls, NJ",geonames,5100540
Somers Point,NJ,-74.5946,39.31762,10688,"Somers Point, NJ",geonames,4504186
Darby,PA,-75.25907,39.91845,10687,"Darby, PA",geonames,4557485
Cubulco,GUA,-90.62871,15.10452,10681,Cubulco,geonames,3597837
Sainte-Anne-des-Plaines,QC,-73.81156,45.76468,10680,"Sainte-Anne-des-Plaines, QC",geonames,6137753
Vidalia,GA,-82.41346,32.21769,10679,"Vidalia, GA",geonames,4228425
Gonzales,LA,-90.9201,30.23853,10678,"Gonzales, LA",geonames,4325889
Grimes,IA,-93.79106,41.68832,10676,"Grimes, IA",geonames,4859329
Picayune,MS,-89.67788,30.52556,10675,"Picayune, MS",geonames,4440975
Klahanie,WA,-122.00839,47.57097,10674,"Klahanie, WA",geonames,7315415
Batesville,AR,-91.64097,35.7698,10668,"Batesville, AR",geonames,4100525
Northbrook,OH,-84.58356,39.24645,10668,"Northbrook, OH",geonames,4519924
Nelson,BC,-117.28553,49.49985,10664,"Nelson, BC",geonames,6086871
Kennett,MO,-90.05565,36.23618,10662,"Kennett, MO",geonames,4393451
Santa Maria Zolotepec,EM,-99.49327,19.41728,10656,"Santa Maria Zolotepec, EM",geonames,3514013
Burlington,WI,-88.2762,42.67807,10650,"Burlington, WI",geonames,5247214
Placerville,CA,-120.79855,38.72963,10650,"Placerville, CA",geonames,5383559
Garden Acres,CA,-121.22939,37.96381,10648,"Garden Acres, CA",geonames,5351496
Muscoy,CA,-117.34421,34.15418,10644,"Muscoy, CA",geonames,5375938
Sandy,OR,-122.26148,45.39734,10644,"Sandy, OR",geonames,5750477
Saint-Canut,QC,-74.08376,45.71502,10643,"Saint-Canut, QC",geonames,6137557
Lansdowne,PA,-75.27185,39.93817,10639,"Lansdowne, PA",geonames,4559077
Morro Bay,CA,-120.8499,35.36581,10639,"Morro Bay, CA",geonames,5374920
Tecolutilla,TB,-93.33352,18.28251,10637,"Tecolutilla, TB",geonames,3516149
Sainte-Adele,QC,-74.13251,45.95008,10634,"Sainte-Adele, QC",geonames,6137696
Satellite Beach,FL,-80.59005,28.17612,10633,"Satellite Beach, FL",geonames,4172173
Lambton Shores,ON,-81.93309,43.16678,10631,"Lambton Shores, ON",geonames,6049024
Scottdale,GA,-84.26409,33.78983,10631,"Scottdale, GA",geonames,4221732
Massena,NY,-74.89186,44.9281,10629,"Massena, NY",geonames,5126194
Old Saybrook,CT,-72.3762,41.29177,10627,"Old Saybrook, CT",geonames,4840035
Bedford Heights,OH,-81.52734,41.417,10625,"Bedford Heights, OH",geonames,5146840
Unidad Habitacional Jose Maria Morelos y Pavon,MO,-99.26222,18.82028,10625,"Unidad Habitacional Jose Maria Morelos y Pavon, MO",geonames,8858154
Sabana Yegua,DO,-71.01667,18.71667,10624,Sabana Yegua,geonames,3493410
Vashon,WA,-122.45985,47.44732,10624,"Vashon, WA",geonames,5814647
Soto la Marina,TM,-98.20525,23.76922,10620,"Soto la Marina, TM",geonames,3516522
San Francisco Telixtlahuaca,OA,-96.90478,17.29627,10618,"San Francisco Telixtlahuaca, OA",geonames,3519255
Camp Pendleton South,CA,-117.37929,33.22844,10616,"Camp Pendleton South, CA",geonames,7260997
Forest Acres,SC,-80.98981,34.01932,10615,"Forest Acres, SC",geonames,4578841
Winton,CA,-120.61325,37.38938,10613,"Winton, CA",geonames,5410144
Keokuk,IA,-91.38487,40.39727,10609,"Keokuk, IA",geonames,4863349
Dolores,GUA,-89.41704,16.51178,10604,Dolores,geonames,3597722
Eureka,MO,-90.6279,38.50255,10602,"Eureka, MO",geonames,4385835
West Perrine,FL,-80.36283,25.60594,10602,"West Perrine, FL",geonames,4177917
Jucuapa,SV,-88.38333,13.51667,10601,"Jucuapa, SV",geonames,3585398
Santa Ana Tlacotenco,DF,-98.99788,19.17569,10593,"Santa Ana Tlacotenco, DF",geonames,3517728
Nueva Palestina,CS,-91.26,16.81722,10588,"Nueva Palestina, CS",geonames,8858155
Norwell,MA,-70.79393,42.16177,10581,"Norwell, MA",geonames,4945936
Gardere,LA,-91.14011,30.34575,10580,"Gardere, LA",geonames,4325507
Accokeek,MD,-77.02831,38.66762,10573,"Accokeek, MD",geonames,4346952
Union City,TN,-89.05701,36.42423,10573,"Union City, TN",geonames,4664170
Vienna,WV,-81.54846,39.32702,10573,"Vienna, WV",geonames,4825976
Santaquin,UT,-111.78521,39.97551,10572,"Santaquin, UT",geonames,5546452
North Versailles,PA,-79.80949,40.37979,10571,"North Versailles, PA",geonames,5203785
Lawrenceburg,TN,-87.33474,35.2423,10569,"Lawrenceburg, TN",geonames,4635849
Trou du Nord,HT,-72.02442,19.61668,10569,Trou du Nord,geonames,3716224
Roscoe,IL,-89.00927,42.41335,10565,"Roscoe, IL",geonames,4908126
Acoyapa,NI,-85.17113,11.97028,10563,"Acoyapa, NI",geonames,3620978
Tlaltizapan,MO,-99.11868,18.6863,10563,"Tlaltizapan, MO",geonames,3515415
El Naranjo,SL,-99.32968,22.52597,10562,"El Naranjo, SL",geonames,3483997
Hillsdale,NJ,-74.04042,41.0026,10559,"Hillsdale, NJ",geonames,5099087
Exeter,CA,-119.14205,36.29606,10548,"Exeter, CA",geonames,5347239
Arteaga,MI,-102.29113,18.35679,10537,"Arteaga, MI",geonames,4018128
Alamosa,CO,-105.789,37.5781,10536,"Alamosa, CO",curated,
San Juanito,CH,-107.60107,27.97213,10535,"San Juanito, CH",geonames,3985819
San Pedro Zacapa,HN,-88.11373,14.7565,10535,"San Pedro Zacapa, HN",geonames,3601780
Belmont,NC,-81.0373,35.24292,10533,"Belmont, NC",geonames,4454860
Forestville,OH,-84.34494,39.07506,10532,"Forestville, OH",geonames,4512083
Weddington,NC,-80.7609,35.02237,10531,"Weddington, NC",geonames,4497956
Huautla de Jimenez,PU,-96.84088,18.1315,10528,"Huautla de Jimenez, PU",geonames,3526987
Farmington,MI,-83.37632,42.46448,10523,"Farmington, MI",geonames,4992519
Matiguas,NI,-85.46218,12.83734,10523,"Matiguas, NI",geonames,3617694
Chesapeake Ranch Estates,MD,-76.41773,38.34624,10519,"Chesapeake Ranch Estates, MD",geonames,4351228
Fox Lake,IL,-88.1837,42.39669,10518,"Fox Lake, IL",geonames,4892950
Manchester,TN,-86.0886,35.48174,10517,"Manchester, TN",geonames,4639224
The Pinery,CO,-104.73442,39.45527,10517,"The Pinery, CO",geonames,5441384
Tlaixpan,PU,-97.73818,18.91217,10513,"Tlaixpan, PU",geonames,3518363
Pine Hill,NJ,-74.99211,39.78428,10510,"Pine Hill, NJ",geonames,4503606
La Canada,QT,-100.33114,20.60639,10506,"La Canada, QT",geonames,4003211
Montgomery,OH,-84.35411,39.22811,10506,"Montgomery, OH",geonames,4518597
Bound Brook,NJ,-74.53849,40.56844,10497,"Bound Brook, NJ",geonames,5095860
Dent,OH,-84.65134,39.18589,10497,"Dent, OH",geonames,4510062
Sebring,FL,-81.44091,27.49559,10497,"Sebring, FL",geonames,4172383
San Agustin Tlaxiaca,HG,-98.8864,20.1151,10496,"San Agustin Tlaxiaca, HG",geonames,3519972
Sauk Village,IL,-87.56754,41.48837,10493,"Sauk Village, IL",geonames,4910634
Rockport,TX,-97.05601,28.02077,10490,"Rockport, TX",geonames,4723422
Heath,OH,-82.4446,40.02284,10489,"Heath, OH",geonames,5157262
Ventnor City,NJ,-74.47737,39.34039,10486,"Ventnor City, NJ",geonames,4504598
Middle Island,NY,-72.93733,40.88427,10483,"Middle Island, NY",geonames,5126787
Las Veredas,BS,-109.70611,23.15028,10478,Las Veredas,geonames,8858156
Arizona City,AZ,-111.67096,32.75589,10475,"Arizona City, AZ",geonames,5551665
Richmond Heights,OH,-81.51012,41.55283,10469,"Richmond Heights, OH",geonames,5168063
Wyomissing,PA,-75.96521,40.32954,10469,"Wyomissing, PA",geonames,5220248
Santiago Tangamandapio,MI,-102.43534,19.95579,10463,"Santiago Tangamandapio, MI",geonames,3983630
Esperanza,CU,-80.09644,22.44649,10462,Esperanza,geonames,3559235
Acatlan de Juarez,JA,-103.59098,20.42238,10461,"Acatlan de Juarez, JA",geonames,4019790
Zaragoza,CO,-100.9223,28.4932,10461,"Zaragoza, CO",geonames,3979706
Calabazar de Sagua,CU,-79.89633,22.64608,10455,Calabazar de Sagua,geonames,3566235
San Juan de Abajo,NA,-105.19303,20.81501,10442,"San Juan de Abajo, NA",geonames,3985912
Temiskaming Shores,ON,-79.71529,47.49376,10442,"Temiskaming Shores, ON",geonames,6162659
Rawlins,WY,-107.2392,41.7908,10440,"Rawlins, WY",curated,
Burley,ID,-113.79279,42.53574,10436,"Burley, ID",geonames,5587385
Vermilion,OH,-82.36461,41.42199,10434,"Vermilion, OH",geonames,5175072
Key Largo,FL,-80.44728,25.08652,10433,"Key Largo, FL",geonames,4160795
Canandaigua,NY,-77.28804,42.87423,10431,"Canandaigua, NY",geonames,5111405
Warr Acres,OK,-97.61893,35.52256,10431,"Warr Acres, OK",geonames,4554687
Tres Rios,CR,-83.98789,9.90692,10430,"Tres Rios, CR",geonames,3621224
Grange Hill,JM,-78.18431,18.31062,10429,Grange Hill,geonames,3490273
Manville,NJ,-74.58766,40.54094,10429,"Manville, NJ",geonames,5100830
Jaltenango de la Paz,CS,-92.72469,15.87257,10427,"Jaltenango de la Paz, CS",geonames,3532856
West Haverstraw,NY,-73.98542,41.20954,10421,"West Haverstraw, NY",geonames,5143830
Profesor Carlos Hank Gonzalez,EM,-98.93889,19.37222,10416,"Profesor Carlos Hank Gonzalez, EM",geonames,8858157
Cantley,QC,-75.78265,45.5668,10412,"Cantley, QC",geonames,5915148
Lincoln Park,NJ,-74.30209,40.92427,10405,"Lincoln Park, NJ",geonames,5100477
Melvindale,MI,-83.1752,42.28254,10404,"Melvindale, MI",geonames,5001634
Cambridge,OH,-81.58846,40.03118,10402,"Cambridge, OH",geonames,5149007
Greencastle,IN,-86.86473,39.64449,10401,"Greencastle, IN",geonames,4258273
Big Rapids,MI,-85.48366,43.69808,10397,"Big Rapids, MI",geonames,4986020
North Ward,KY,-81.27053,19.28439,10394,North Ward,geonames,3580571
Pedro,KY,-81.27487,19.27581,10394,Pedro,geonames,3580556
Kinnelon,NJ,-74.3671,41.00176,10392,"Kinnelon, NJ",geonames,5100062
Ciudad del Maiz,SL,-99.60468,22.40187,10391,"Ciudad del Maiz, SL",geonames,3530598
Buenavista Tomatlan,MI,-102.58827,19.21145,10390,"Buenavista Tomatlan, MI",geonames,4016599
Palatka,FL,-81.63758,29.64858,10390,"Palatka, FL",geonames,4167482
Columbia,PA,-76.50441,40.03371,10388,"Columbia, PA",geonames,5185029
Sedona,AZ,-111.76099,34.86974,10388,"Sedona, AZ",geonames,5313667
Celina,OH,-84.57023,40.54894,10387,"Celina, OH",geonames,5149493
Norfolk,MA,-71.32506,42.11954,10386,"Norfolk, MA",geonames,4945453
Villa de Reyes,SL,-100.93418,21.80309,10383,"Villa de Reyes, SL",geonames,3980186
Portage,WI,-89.46262,43.53915,10382,"Portage, WI",geonames,5267785
Wabash,IN,-85.82054,40.79782,10381,"Wabash, IN",geonames,4927746
Struthers,OH,-80.60785,41.05256,10375,"Struthers, OH",geonames,5173256
Fairview,TX,-96.63166,33.1579,10372,"Fairview, TX",geonames,4689871
Vernal,UT,-109.5287,40.4555,10370,"Vernal, UT",curated,
Big Lake,MN,-93.74608,45.33246,10368,"Big Lake, MN",geonames,5018285
Pella,IA,-92.91631,41.40805,10363,"Pella, IA",geonames,4870915
Castle Pines North,CO,-104.89482,39.47174,10360,"Castle Pines North, CO",geonames,8299699
Mount Airy,NC,-80.60729,36.4993,10354,"Mount Airy, NC",geonames,4480378
Barrington,IL,-88.13619,42.15391,10353,"Barrington, IL",geonames,4884116
Durham,NH,-70.92645,43.13397,10345,"Durham, NH",geonames,5085618
West Point,UT,-112.08411,41.11828,10345,"West Point, UT",geonames,5784580
Barbican,JM,-78.10142,18.45038,10337,Barbican,geonames,3491465
San Agustin Acasaguastlan,GUA,-89.96967,14.945,10335,San Agustin Acasaguastlan,geonames,3590547
Silver Springs,FL,-82.05759,29.21664,10334,"Silver Springs, FL",geonames,4173002
Newberry,SC,-81.61872,34.27458,10331,"Newberry, SC",geonames,4589207
Linthicum,MD,-76.65275,39.20511,10324,"Linthicum, MD",geonames,4360713
Reading,OH,-84.44216,39.22367,10324,"Reading, OH",geonames,4522228
Rincon de Tamayo,GT,-100.75555,20.42348,10324,"Rincon de Tamayo, GT",geonames,3988648
Bluefield,WV,-81.22232,37.26984,10323,"Bluefield, WV",geonames,4799622
Wallaceburg,ON,-82.38853,42.59303,10323,"Wallaceburg, ON",geonames,6175411
Ciudad de Chiautla de Tapia,PU,-98.60389,18.3,10320,"Ciudad de Chiautla de Tapia, PU",geonames,3818957
Little Canada,MN,-93.08772,45.02691,10319,"Little Canada, MN",geonames,5034905
Eunice,LA,-92.41763,30.49437,10310,"Eunice, LA",geonames,4323900
Cuatro Cienegas de Carranza,CO,-102.06386,26.98542,10309,"Cuatro Cienegas de Carranza, CO",geonames,4012421
Wood River,IL,-90.09761,38.86116,10294,"Wood River, IL",geonames,4253387
Hull,MA,-70.90782,42.30204,10293,"Hull, MA",geonames,4940134
Oak Grove,SC,-81.14286,33.9809,10291,"Oak Grove, SC",geonames,7260518
Volcan,PA,-82.63896,8.78046,10286,"Volcan, PA",geonames,3700017
Hecelchakan,CM,-90.13357,20.17735,10285,"Hecelchakan, CM",geonames,3527149
Nahuatzen,MI,-101.91699,19.65427,10283,"Nahuatzen, MI",geonames,3995146
Cuajinicuilapa,GR,-98.41389,16.47347,10282,"Cuajinicuilapa, GR",geonames,3530046
Saint-Felicien,QC,-72.44906,48.65007,10278,"Saint-Felicien, QC",geonames,6138201
Selkirk,MB,-96.88452,50.1436,10278,"Selkirk, MB",geonames,6144054
Doctor Arroyo,NL,-100.18233,23.67216,10272,"Doctor Arroyo, NL",geonames,4011873
Nuevo Progreso,TM,-97.95149,26.05378,10272,"Nuevo Progreso, TM",geonames,3522525
Angus,ON,-79.88295,44.31681,10269,"Angus, ON",geonames,5885280
Benning Road,DC,-76.93758,38.88984,10269,Washington D.C.,geonames,13526884
Newport,OR,-124.05345,44.63678,10268,"Newport, OR",geonames,5742750
Beverly Hills,MI,-83.22326,42.52392,10267,"Beverly Hills, MI",geonames,4985891
Edwards,CO,-106.5942,39.64499,10266,"Edwards, CO",geonames,5420885
Cedar Hills,UT,-111.75854,40.41412,10265,"Cedar Hills, UT",geonames,5772581
Hawkesbury,ON,-74.61595,45.60009,10263,"Hawkesbury, ON",geonames,5972360
Pleasant Grove,AL,-86.97027,33.49094,10260,"Pleasant Grove, AL",geonames,4083846
Lancaster,NY,-78.67031,42.90061,10258,"Lancaster, NY",geonames,5123954
Nanticoke,PA,-76.00492,41.20536,10258,"Nanticoke, PA",geonames,5202855
El Colomo,CL,-104.25727,19.06015,10255,"El Colomo, CL",geonames,4010273
Milford,DE,-75.42797,38.91261,10252,"Milford, DE",geonames,4143658
Rossmoor,CA,-118.08506,33.78557,10244,"Rossmoor, CA",geonames,5388953
Timberlane,LA,-90.03202,29.87743,10243,"Timberlane, LA",geonames,4343659
Sleepy Hollow,NY,-73.85847,41.08565,10242,"Sleepy Hollow, NY",geonames,5138371
Cuitzeo del Porvenir,MI,-101.14053,19.96912,10239,"Cuitzeo del Porvenir, MI",geonames,4012194
Fairview Shores,FL,-81.39424,28.59111,10239,"Fairview Shores, FL",geonames,4154769
Waterloo,IL,-90.14983,38.33589,10236,"Waterloo, IL",geonames,4252548
Alpine,UT,-111.77799,40.45328,10235,"Alpine, UT",geonames,5770732
Beecher,MI,-83.6944,43.09003,10232,"Beecher, MI",geonames,4985521
Fraccionamiento la Trinidad,EM,-99.08278,19.82917,10230,"Fraccionamiento la Trinidad, EM",geonames,8858158
Roberval,QC,-72.23244,48.5168,10227,"Roberval, QC",geonames,6125653
Espanola,NM,-106.08058,35.99113,10224,"Espanola, NM",geonames,5467024
Fairmount,NY,-76.23854,43.04729,10224,"Fairmount, NY",geonames,5116811
Berwick,PA,-76.23327,41.05453,10223,"Berwick, PA",geonames,5180119
Roma,TX,-99.01581,26.40526,10223,"Roma, TX",geonames,8479429
Sainte-Agathe-des-Monts,QC,-74.28252,46.05009,10223,"Sainte-Agathe-des-Monts, QC",geonames,6137702
Fairmont,MN,-94.46108,43.65218,10221,"Fairmont, MN",geonames,5026114
River Grove,IL,-87.83589,41.92586,10219,"River Grove, IL",geonames,4907649
Las Matas de Santa Cruz,DO,-71.50471,19.67119,10218,Las Matas de Santa Cruz,geonames,3500367
Anderson,CA,-122.29778,40.44821,10217,"Anderson, CA",geonames,5558857
Felipe Carrillo Puerto,MI,-102.70687,19.16108,10217,"Felipe Carrillo Puerto, MI",geonames,4006337
Quecholac,PU,-97.65858,18.95471,10216,"Quecholac, PU",geonames,3520926
North Branch,MN,-92.98022,45.51135,10215,"North Branch, MN",geonames,5039421
Watervliet,NY,-73.70123,42.73008,10214,"Watervliet, NY",geonames,4833276
Hanson,MA,-70.88004,42.0751,10209,"Hanson, MA",geonames,4938829
Vail,AZ,-110.71203,32.04786,10208,"Vail, AZ",geonames,5319311
Hillcrest,DC,-76.95803,38.86206,10205,Washington D.C.,geonames,4139077
Zacatepec,PU,-97.5328,19.26631,10204,"Zacatepec, PU",geonames,3514162
Tetela del Volcan,MO,-98.72972,18.89306,10199,"Tetela del Volcan, MO",geonames,3515763
Gages Lake,IL,-87.98258,42.35169,10198,"Gages Lake, IL",geonames,4893371
Jefferson,GA,-83.57239,34.11705,10195,"Jefferson, GA",geonames,4202672
Raceland,LA,-90.59898,29.72743,10193,"Raceland, LA",geonames,4338298
Columbia,IL,-90.20122,38.44366,10191,"Columbia, IL",geonames,4236206
Moralillo,VE,-97.91254,22.22585,10191,"Moralillo, VE",geonames,3522973
Xaloztoc,TL,-98.04602,19.40775,10191,"Xaloztoc, TL",geonames,3514595
Bel Air,MD,-76.34829,39.53594,10190,"Bel Air, MD",geonames,4348240
Capitola,CA,-121.95329,36.97523,10189,"Capitola, CA",geonames,5334096
San Blas,NA,-105.28797,21.54076,10187,"San Blas, NA",geonames,3987544
Astoria,OR,-123.8313,46.1879,10181,"Astoria, OR",curated,
North Logan,UT,-111.80467,41.76937,10181,"North Logan, UT",geonames,5779025
Bohemia,NY,-73.11511,40.76926,10180,"Bohemia, NY",geonames,5109694
Jennings,LA,-92.65708,30.22243,10180,"Jennings, LA",geonames,4329037
Villa Gonzalez,DO,-70.78853,19.54057,10177,Villa Gonzalez,geonames,3491937
Akil,YU,-89.34726,20.2654,10176,"Akil, YU",geonames,3533117
Bellmead,TX,-97.10889,31.59405,10164,"Bellmead, TX",geonames,4673389
Forestdale,AL,-86.89638,33.57011,10162,"Forestdale, AL",geonames,4062774
Wells Beach Station,ME,-70.59144,43.32397,10162,"Wells Beach Station, ME",geonames,4982394
Lake Morton-Berrydale,WA,-122.10286,47.33251,10160,"Lake Morton-Berrydale, WA",geonames,7261595
Gold Camp,AZ,-111.30429,33.29367,10159,"Gold Camp, AZ",geonames,5296106
Gold Canyon,AZ,-111.43691,33.37145,10159,"Gold Canyon, AZ",geonames,7261353
Shasta Lake,CA,-122.37084,40.68043,10159,"Shasta Lake, CA",geonames,5571109
Lanham,MD,-76.8634,38.96875,10157,"Lanham, MD",geonames,4360321
Oratorio,GUA,-90.17583,14.22806,10155,Oratorio,geonames,3592019
Paris,TN,-88.32671,36.302,10150,"Paris, TN",geonames,4647963
Ixhuatlan del Sureste,VE,-94.3886,18.02137,10149,"Ixhuatlan del Sureste, VE",geonames,11839903
Great Neck,NY,-73.72846,40.80066,10143,"Great Neck, NY",geonames,5119218
Colts Neck,NJ,-74.17237,40.28761,10142,"Colts Neck, NJ",geonames,5096813
East Stroudsburg,PA,-75.18129,40.99954,10140,"East Stroudsburg, PA",geonames,5188075
Oil City,PA,-79.70644,41.43395,10137,"Oil City, PA",geonames,5204278
Norwalk,IA,-93.67883,41.47555,10135,"Norwalk, IA",geonames,4869386
Saint-Claude,GP,-61.69975,16.02515,10134,Saint-Claude,geonames,3578467
Marlton,NJ,-74.92183,39.89122,10133,"Marlton, NJ",geonames,4502911
Prevost,QC,-74.08251,45.86678,10132,"Prevost, QC",geonames,6113198
Nueva Santa Rosa,GUA,-90.27611,14.38111,10130,Nueva Santa Rosa,geonames,3592126
Galion,OH,-82.7899,40.73367,10127,"Galion, OH",geonames,5155414
Tanquian de Escobedo,SL,-98.66275,21.60587,10127,"Tanquian de Escobedo, SL",geonames,3516281
Denham Springs,LA,-90.95753,30.4874,10125,"Denham Springs, LA",geonames,4321988
Lower Valley,KY,-81.28431,19.2804,10125,Lower Valley,geonames,3580601
Mercier,QC,-73.73976,45.3105,10121,"Mercier, QC",geonames,6072206
Santa Cruz Amilpas,OA,-96.68333,17.05833,10120,"Santa Cruz Amilpas, OA",geonames,8858159
Ouanaminthe,HT,-71.72475,19.54934,10118,Ouanaminthe,geonames,3719436
Spryfield,NS,-63.61771,44.61163,10118,"Spryfield, NS",geonames,6154544
San Andres Ahuashuatepec,TL,-98.10654,19.37831,10114,"San Andres Ahuashuatepec, TL",geonames,3815201
Diriomo,NI,-86.05184,11.87631,10113,"Diriomo, NI",geonames,3620168
Essex Junction,VT,-73.11096,44.49061,10111,"Essex Junction, VT",geonames,5235952
San Diego Country Estates,CA,-116.78364,33.00671,10109,"San Diego Country Estates, CA",geonames,5391831
Santiago Jamiltepec,OA,-97.82277,16.28141,10107,"Santiago Jamiltepec, OA",geonames,3516948
Maynard,MA,-71.44951,42.43343,10106,"Maynard, MA",geonames,4943490
Otumba,EM,-98.75638,19.69985,10097,"Otumba, EM",geonames,3522265
Ciudad Arce,SV,-89.44722,13.84028,10095,"Ciudad Arce, SV",geonames,3586985
Waldwick,NJ,-74.11792,41.01065,10095,"Waldwick, NJ",geonames,5105957
Port Salerno,FL,-80.2006,27.14422,10091,"Port Salerno, FL",geonames,4169176
Parsons,KS,-95.26108,37.34034,10090,"Parsons, KS",geonames,4277011
Comstock Park,MI,-85.67003,43.03864,10088,"Comstock Park, MI",geonames,4989432
Santiago Tilapa,EM,-99.42089,19.18953,10087,"Santiago Tilapa, EM",geonames,3827335
Avon Park,FL,-81.50619,27.59587,10086,"Avon Park, FL",geonames,4146440
Mayfield,KY,-88.63672,36.74172,10080,Mayfield,geonames,4300105
Tillicum,BC,-123.4,48.45,10080,"Tillicum, BC",geonames,6166563
Bonham,TX,-96.17831,33.57733,10079,"Bonham, TX",geonames,4675577
Penetanguishene,ON,-79.91637,44.7834,10077,"Penetanguishene, ON",geonames,6100932
Lexington,NE,-99.7415,40.78084,10075,"Lexington, NE",geonames,5071934
Countryside,VA,-77.4136,39.04094,10072,"Countryside, VA",geonames,4754219
Waverly,IA,-92.47546,42.72581,10066,"Waverly, IA",geonames,4881024
Canyon Rim,UT,-111.82188,40.70661,10062,"Canyon Rim, UT",geonames,5772418
London,OH,-83.44825,39.88645,10060,"London, OH",geonames,4517009
North Andrews Gardens,FL,-80.14421,26.19147,10056,"North Andrews Gardens, FL",geonames,4166096
Opopeo,MI,-101.60677,19.41222,10055,"Opopeo, MI",geonames,3994164
Grajales,PU,-97.80307,19.22796,10054,"Grajales, PU",geonames,3520875
Marcala,HN,-88.03466,14.15661,10054,"Marcala, HN",geonames,3605005
Santa Ana Pacueco,GT,-102.01583,20.34722,10052,"Santa Ana Pacueco, GT",geonames,3984690
Paseos de San Juan,EM,-99.0175,19.78194,10050,"Paseos de San Juan, EM",geonames,8858160
Atmore,AL,-87.49387,31.02379,10049,"Atmore, AL",geonames,4830759
Clinton,TN,-84.13186,36.10341,10049,"Clinton, TN",geonames,4614214
Ciudad Tula,TM,-99.71187,22.99679,10043,"Ciudad Tula, TM",geonames,3515068
Oregon,WI,-89.38456,42.92611,10043,"Oregon, WI",geonames,5265785
Pueblo Nuevo,CS,-92.899,17.15996,10043,"Pueblo Nuevo, CS",geonames,3521070
Poulsbo,WA,-122.64654,47.73593,10041,"Poulsbo, WA",geonames,5807337
New Port Richey East,FL,-82.69261,28.26027,10036,"New Port Richey East, FL",geonames,7260490
Troy,IL,-89.88315,38.72921,10036,"Troy, IL",geonames,4251513
Guadalupe Victoria,PU,-97.3429,19.2911,10035,"Guadalupe Victoria, PU",geonames,3818786
Plymouth,IN,-86.30973,41.34366,10035,"Plymouth, IN",geonames,4924970
Monmouth,OR,-123.23399,44.84845,10032,"Monmouth, OR",geonames,5741227
Grantsville,UT,-112.4644,40.59994,10027,"Grantsville, UT",geonames,5775346
Elon,NC,-79.50669,36.10291,10024,"Elon, NC",geonames,4465285
Fantino,DO,-70.29972,19.12148,10024,Fantino,geonames,3505778
Woodbury,NJ,-75.15268,39.83817,10020,"Woodbury, NJ",geonames,4504915
Waggaman,LA,-90.21091,29.91854,10015,"Waggaman, LA",geonames,4344819
Pajacuaran,MI,-102.56431,20.11674,10014,"Pajacuaran, MI",geonames,3993926
Santiago Yancuitlalpan,EM,-99.30471,19.38404,10013,"Santiago Yancuitlalpan, EM",geonames,3818008
Fort Salonga,NY,-73.30095,40.9126,10008,"Fort Salonga, NY",geonames,5117703
Bluffton,IN,-85.17164,40.73866,10005,"Bluffton, IN",geonames,4918234
Silver City,NM,-108.28033,32.77007,10004,"Silver City, NM",geonames,5491487
Fairview,CA,-122.0458,37.67854,10003,"Fairview, CA",geonames,5347397
Del Aire,CA,-118.36952,33.91613,10001,"Del Aire, CA",geonames,5342425
Fort Knox,KY,-85.9564,37.8915,10000,Fort Knox,curated,
Hanceville,BC,-123.04458,51.91922,10000,"Hanceville, BC",geonames,5970063
Nuevo Leon,GUA,-91.09237,15.79369,10000,Nuevo Leon,geonames,11449731
Princes Town,TT,-61.37103,10.27184,10000,Princes Town,geonames,3573882
Sassier,HT,-74.11833,18.58336,10000,Sassier,geonames,12558105
Western Mountains,ME,-70.643,44.9653,10000,"Western Mountains, ME",curated,
White Mountains,NH,-71.1238,44.0378,10000,"White Mountains, NH",curated,
Cross Lanes,WV,-81.79068,38.42037,9995,"Cross Lanes, WV",geonames,4803372
Nueva Concepcion,SV,-89.3,14.13333,9990,"Nueva Concepcion, SV",geonames,3584266
Uniontown,PA,-79.71643,39.90008,9990,"Uniontown, PA",geonames,4561859
Shannon,MO,-91.4328,37.1498,9988,"Shannon, MO",curated,
Brinkleys,KY,-81.2409,19.34909,9987,Brinkleys,geonames,3580723
Driftwood Village,KY,-81.24647,19.35339,9987,Driftwood Village,geonames,3580682
South Huron,ON,-81.51647,43.31679,9982,"South Huron, ON",geonames,6152244
Pearsall,TX,-99.09503,28.89219,9980,"Pearsall, TX",geonames,4718107
Newton Highlands,MA,-71.1995,42.32093,9976,"Newton Highlands, MA",geonames,4945304
Fife,WA,-122.35707,47.23927,9970,"Fife, WA",geonames,5794328
Cottage Grove,OR,-123.05952,43.79762,9969,"Cottage Grove, OR",geonames,5720755
Carroll,IA,-94.86693,42.06582,9968,"Carroll, IA",geonames,4850478
Teocelo,VE,-96.97371,19.3856,9967,"Teocelo, VE",geonames,3515946
Tzucacab,YU,-89.05009,20.0721,9967,"Tzucacab, YU",geonames,3514961
Valle Dorado Inn,JA,-103.36194,20.52444,9966,"Valle Dorado Inn, JA",geonames,8858161
Hutland,KY,-81.21346,19.34922,9959,Hutland,geonames,3580633
Huitan,GUA,-91.63944,15.0492,9958,Huitan,geonames,3595406
Oriental,PU,-97.62051,19.37614,9957,"Oriental, PU",geonames,3522317
Lambertville,MI,-83.62799,41.76588,9953,"Lambertville, MI",geonames,4998769
Colonia Anahuac,CH,-106.74535,28.48395,9952,"Colonia Anahuac, CH",geonames,4018543
Peru,IL,-89.12897,41.32753,9952,"Peru, IL",geonames,4905770
Arden Hills,MN,-93.15661,45.05024,9951,"Arden Hills, MN",geonames,5016553
Croydon,PA,-74.9035,40.08733,9950,"Croydon, PA",geonames,5186053
Boca del Rio,VE,-96.10405,19.10464,9947,"Boca del Rio, VE",geonames,3532193
Pedro Escobedo,QT,-100.14469,20.50232,9946,"Pedro Escobedo, QT",geonames,3993126
Indianola,MS,-90.65509,33.45095,9943,"Indianola, MS",geonames,4430981
Champerico,GUA,-91.91339,14.29206,9941,Champerico,geonames,3598787
Juayua,SV,-89.74556,13.84139,9936,"Juayua, SV",geonames,3585401
Covington,LA,-90.10042,30.47549,9928,"Covington, LA",geonames,4321005
Dangriga,BZ,-88.23313,16.9697,9927,"Dangriga, BZ",geonames,3582228
Kendallville,IN,-85.26498,41.44144,9927,"Kendallville, IN",geonames,4922252
L'Ile-Perrot,QC,-73.9492,45.38338,9927,"L'Ile-Perrot, QC",geonames,6053877
Gasparillo,TT,-61.42603,10.31704,9925,Gasparillo,geonames,3574524
Timonium,MD,-76.61969,39.43705,9925,"Timonium, MD",geonames,4371420
Lake Monticello,VA,-78.33473,37.9232,9920,"Lake Monticello, VA",geonames,4768313
Lake Mohawk,NJ,-74.66016,41.01843,9916,"Lake Mohawk, NJ",geonames,5100190
Villa Zaragoza,SL,-100.73088,22.03716,9915,"Villa Zaragoza, SL",geonames,3979714
Flat Rock,MI,-83.29187,42.09643,9914,"Flat Rock, MI",geonames,4992940
Cape Canaveral,FL,-80.60477,28.40584,9912,"Cape Canaveral, FL",geonames,4149959
Villa Hidalgo,NA,-105.23149,21.74119,9908,"Villa Hidalgo, NA",geonames,3980168
Glenwood Springs,CO,-107.32478,39.55054,9906,"Glenwood Springs, CO",geonames,5423092
Miraflores,EM,-98.80741,19.2221,9904,"Miraflores, EM",geonames,3761194
Corte Madera,CA,-122.52748,37.92548,9901,"Corte Madera, CA",geonames,5339766
Tipp City,OH,-84.17216,39.95839,9899,"Tipp City, OH",geonames,4526365
General Zuazua,NL,-100.1078,25.89598,9898,"General Zuazua, NL",geonames,4005856
Harrison,OH,-84.81995,39.262,9897,"Harrison, OH",geonames,4513805
Warrenton,VA,-77.79527,38.71345,9897,"Warrenton, VA",geonames,4792255
Coral Hills,MD,-76.92108,38.87039,9895,"Coral Hills, MD",geonames,4352247
Deanwood,DC,-76.92942,38.89845,9895,Washington D.C.,geonames,4138231
Elkhorn,WI,-88.54454,42.67279,9895,"Elkhorn, WI",geonames,5251729
East Rockaway,NY,-73.66957,40.64205,9894,"East Rockaway, NY",geonames,5116049
Jiquipilas,CS,-93.64667,16.66806,9894,"Jiquipilas, CS",geonames,3526488
Fairfield,IA,-91.96267,41.00863,9892,"Fairfield, IA",geonames,4855967
Hope,AR,-93.59157,33.66706,9891,"Hope, AR",geonames,4115181
Hinton,AB,-117.58567,53.40009,9889,"Hinton, AB",geonames,5975503
Bloomingdale,TN,-82.48932,36.58455,9888,"Bloomingdale, TN",geonames,4607177
Notre-Dame-de-l'Ile-Perrot,QC,-73.9325,45.36678,9885,"Notre-Dame-de-l'Ile-Perrot, QC",geonames,6091369
San Marcos Tlacoyalco,PU,-97.60354,18.67388,9881,"San Marcos Tlacoyalco, PU",geonames,3518439
Santa Rosa,NL,-100.22031,25.82298,9880,"Santa Rosa, NL",geonames,3983895
New Albany,OH,-82.80879,40.08117,9879,"New Albany, OH",geonames,5164202
Quesnel,BC,-122.4931,52.97842,9879,"Quesnel, BC",geonames,6115187
Andover,FL,-80.21283,25.96843,9877,"Andover, FL",geonames,4146039
Brownsville,TN,-89.26229,35.59397,9876,"Brownsville, TN",geonames,4609116
Fort Lee,VA,-77.33442,37.24694,9874,"Fort Lee, VA",geonames,7257908
Keansburg,NJ,-74.12986,40.44177,9873,"Keansburg, NJ",geonames,5099961
Moncks Corner,SC,-80.01429,33.19632,9873,"Moncks Corner, SC",geonames,4587511
Paris,KY,-84.25299,38.2098,9870,Paris,geonames,4303602
Buenos Aires,MI,-102.28583,18.02444,9868,"Buenos Aires, MI",geonames,8858162
Kendall Square,MA,-71.08554,42.365,9861,"Kendall Square, MA",geonames,12382288
Northampton,PA,-75.49685,40.68621,9860,"Northampton, PA",geonames,5203804
Middleton,MA,-71.01616,42.59509,9859,"Middleton, MA",geonames,4943926
San Francisco Tetlanohcan,TL,-98.1637,19.2602,9858,"San Francisco Tetlanohcan, TL",geonames,3519250
Brandon,SD,-96.57199,43.5947,9856,"Brandon, SD",geonames,5226489
Woodley Park,DC,-77.05581,38.92872,9856,Washington D.C.,geonames,4141122
Rio Segundo,CR,-84.3171,10.2398,9853,"Rio Segundo, CR",geonames,3622074
San Jose de Las Matas,DO,-70.93819,19.33915,9853,San Jose de Las Matas,geonames,3493103
Cuencame de Ceniceros,DG,-103.69731,24.87116,9848,"Cuencame de Ceniceros, DG",geonames,4012344
Highland,IL,-89.6712,38.73949,9848,"Highland, IL",geonames,4240679
Morinville,AB,-113.65203,53.80014,9848,"Morinville, AB",geonames,6078636
Fate,TX,-96.38137,32.94151,9847,"Fate, TX",geonames,4690257
Russellville,AL,-87.72864,34.50787,9847,"Russellville, AL",geonames,4087313
San Martin Jilotepeque,GUA,-90.79259,14.78008,9846,San Martin Jilotepeque,geonames,3589780
Brambleton,VA,-77.5386,38.98205,9845,"Brambleton, VA",geonames,4748703
Rincon,GA,-81.23539,32.29603,9843,"Rincon, GA",geonames,4218882
Chiautla,EM,-98.88236,19.54895,9839,"Chiautla, EM",geonames,3531007
San Francisco del Valle,HN,-88.95608,14.43542,9839,"San Francisco del Valle, HN",geonames,3602277
La Labor,HN,-89.00272,14.48625,9838,"La Labor, HN",geonames,3607644
Chahuite,OA,-94.18333,16.3,9837,"Chahuite, OA",geonames,3531221
Cameron,MO,-94.24106,39.74028,9836,"Cameron, MO",geonames,4379644
Bastrop,TX,-97.3888,30.0541,9834,"Bastrop, TX",curated,
Shelton,WA,-123.10071,47.21509,9834,"Shelton, WA",geonames,5810176
Tekit,YU,-89.33404,20.53601,9834,"Tekit, YU",geonames,3516072
Tetlanohcan,TL,-98.16433,19.2603,9832,"Tetlanohcan, TL",geonames,3815359
Christiana,TN,-86.39944,35.71007,9830,"Christiana, TN",geonames,4613501
Pleasanton,TX,-98.47863,28.96719,9829,"Pleasanton, TX",geonames,4719720
Cody,WY,-109.0565,44.5263,9828,"Cody, WY",curated,
Edgewood,WA,-122.29373,47.2501,9826,"Edgewood, WA",geonames,5793406
Wapakoneta,OH,-84.19356,40.56783,9823,"Wapakoneta, OH",geonames,5175670
Monticello,AR,-91.79096,33.629,9820,"Monticello, AR",geonames,4122015
Corozal,BZ,-88.38849,18.39375,9815,"Corozal, BZ",geonames,3582305
Candelaria,CM,-91.04534,18.18574,9812,"Candelaria, CM",geonames,11778440
General Angel Flores (La Palma),SI,-107.65667,24.81917,9812,"General Angel Flores (La Palma), SI",geonames,8858163
New Hyde Park,NY,-73.68791,40.7351,9811,"New Hyde Park, NY",geonames,5128514
Waynesville,NC,-82.98875,35.48871,9809,"Waynesville, NC",geonames,4497868
Burlington,NJ,-74.86489,40.07122,9808,"Burlington, NJ",geonames,5096075
Maywood,NJ,-74.06181,40.9026,9805,"Maywood, NJ",geonames,5100972
Fort Oglethorpe,GA,-85.2569,34.94896,9803,"Fort Oglethorpe, GA",geonames,4195850
Petaquillas,GR,-99.45633,17.48636,9801,"Petaquillas, GR",geonames,3521607
Inwood,NY,-73.7468,40.62205,9792,"Inwood, NY",geonames,5122279
Cleveland Park,DC,-77.06553,38.93622,9790,Washington D.C.,geonames,4138070
Walnut Grove,WA,-122.59899,45.66789,9790,"Walnut Grove, WA",geonames,5814950
Washington,NC,-77.05217,35.54655,9788,"Washington, NC",geonames,4497666
Wyndham,VA,-77.61249,37.69848,9785,"Wyndham, VA",geonames,4794814
Hartford,VT,-72.33842,43.66063,9779,"Hartford, VT",geonames,5236879
Ballston Lake,NY,-73.86818,42.91174,9776,"Ballston Lake, NY",geonames,5107811
Lake Arbor,MD,-76.82969,38.90789,9776,"Lake Arbor, MD",geonames,4360138
San Ignacio Cerro Gordo,JA,-102.53658,20.74322,9774,"San Ignacio Cerro Gordo, JA",geonames,3986870
Merrydale,LA,-91.10844,30.5013,9772,"Merrydale, LA",geonames,4333161
Brisas de Zicatela,OA,-97.04194,15.83694,9771,"Brisas de Zicatela, OA",geonames,8858164
Minnehaha,WA,-122.6271,45.65901,9771,"Minnehaha, WA",geonames,5803622
Reserve,LA,-90.55175,30.05381,9766,"Reserve, LA",geonames,4338615
Progress,PA,-76.83136,40.28509,9765,"Progress, PA",geonames,5207214
Roma-Los Saenz,TX,-99.01586,26.40506,9765,"Roma-Los Saenz, TX",geonames,4723763
Union Park,FL,-81.28618,28.56806,9765,"Union Park, FL",geonames,4176109
Le Mars,IA,-96.16558,42.79416,9761,"Le Mars, IA",geonames,4864337
Alachua,FL,-82.42483,29.75163,9757,"Alachua, FL",geonames,4145719
East La Mirada,CA,-117.98895,33.92446,9757,"East La Mirada, CA",geonames,5344987
Marysville,MI,-82.48686,42.91253,9757,"Marysville, MI",geonames,5001084
Woodbury,CT,-73.209,41.54454,9755,"Woodbury, CT",geonames,4846028
Silverton,OR,-122.78315,45.00512,9753,"Silverton, OR",geonames,5752024
Baker City,OR,-117.83438,44.77487,9752,"Baker City, OR",geonames,5712169
Cairo,GA,-84.20214,30.87751,9752,"Cairo, GA",geonames,4185632
Cedartown,GA,-85.25593,34.01123,9750,"Cedartown, GA",geonames,4186955
Panthersville,GA,-84.27187,33.70733,9749,"Panthersville, GA",geonames,4214693
Heroica Ciudad de Ejutla de Crespo,OA,-96.73185,16.56516,9748,"Heroica Ciudad de Ejutla de Crespo, OA",geonames,3529510
San Francisco de Coray,HN,-87.53278,13.66139,9742,"San Francisco de Coray, HN",geonames,3602284
Ciudad Cuauhtemoc,VE,-97.83472,22.18439,9740,"Ciudad Cuauhtemoc, VE",geonames,3514682
Brownfield,TX,-102.27435,33.1812,9736,"Brownfield, TX",geonames,5517675
Vinings,GA,-84.46437,33.86483,9734,"Vinings, GA",geonames,4228518
Topes de Collantes,CU,-80.01543,21.91412,9729,Topes de Collantes,geonames,3535143
Otis,IN,-86.90586,41.59921,9726,"Otis, IN",geonames,4924547
Dunn,NC,-78.6089,35.30627,9723,"Dunn, NC",geonames,4464326
Tlatlauquitepec,PU,-97.49718,19.84765,9720,"Tlatlauquitepec, PU",geonames,3515363
Llano Bonito,PA,-80.42091,7.97404,9716,"Llano Bonito, PA",geonames,3705779
Etchojoa,SO,-109.62549,26.91065,9710,"Etchojoa, SO",geonames,4006388
San Juan de Opoa,HN,-88.69641,14.779,9709,"San Juan de Opoa, HN",geonames,3601993
Hermantown,MN,-92.23825,46.80689,9706,"Hermantown, MN",geonames,5029952
Hayes,JM,-77.23711,17.87569,9701,Hayes,geonames,3490106
Sumner,WA,-122.2404,47.20316,9700,"Sumner, WA",geonames,5812543
Ingleside,TX,-97.21166,27.8778,9695,"Ingleside, TX",geonames,4700033
Mexicaltzingo,EM,-99.58469,19.2113,9693,"Mexicaltzingo, EM",geonames,3518377
Boaz,AL,-86.16637,34.20065,9688,"Boaz, AL",geonames,4051059
Potsdam,NY,-74.98131,44.66978,9688,"Potsdam, NY",geonames,5132103
Colon,CR,-84.2417,9.91491,9687,"Colon, CR",geonames,3624171
Southborough,MA,-71.52451,42.30565,9686,"Southborough, MA",geonames,4951591
Las Vigas de Ramirez,VE,-97.09821,19.63722,9684,"Las Vigas de Ramirez, VE",geonames,3524580
Safford,AZ,-109.70758,32.83395,9683,"Safford, AZ",geonames,5312476
Old Man Bay,KY,-81.17652,19.34419,9682,Old Man Bay,geonames,3580566
San Pedro La Laguna,GUA,-91.27201,14.69297,9681,San Pedro La Laguna,geonames,3589637
Plantagenet,ON,-74.99369,45.5326,9680,"Plantagenet, ON",geonames,6106158
Sparta,WI,-90.81291,43.94413,9679,"Sparta, WI",geonames,5273927
Mountain House,CA,-121.54273,37.78326,9675,"Mountain House, CA",geonames,5375407
North Bend,OR,-124.22428,43.4065,9673,"North Bend, OR",geonames,5742974
Mazatecochco,TL,-98.18677,19.17865,9671,"Mazatecochco, TL",geonames,3523416
Snohomish,WA,-122.09818,47.91288,9670,"Snohomish, WA",geonames,5810988
Coffeyville,KS,-95.61637,37.0373,9669,"Coffeyville, KS",geonames,4269789
Parrilla,TB,-92.91752,17.91297,9664,"Parrilla, TB",geonames,3802710
Cocoyoc,MO,-98.98194,18.88417,9663,"Cocoyoc, MO",geonames,3530492
Park Forest Village,PA,-77.91695,40.80673,9660,"Park Forest Village, PA",geonames,5205094
Jocon,HN,-86.96667,15.28333,9659,"Jocon, HN",geonames,3608635
Winfield,IL,-88.1609,41.8617,9657,"Winfield, IL",geonames,4916826
Hampton,NH,-70.83894,42.93759,9656,"Hampton, NH",geonames,5087110
Clay,AL,-86.59971,33.7026,9655,"Clay, AL",geonames,4055650
Texistepec,VE,-94.81711,17.89476,9655,"Texistepec, VE",geonames,3515710
Sunbury,PA,-76.79441,40.86259,9652,"Sunbury, PA",geonames,5214814
Holmen,WI,-91.25625,43.9633,9651,"Holmen, WI",geonames,5256613
San Fernando,CS,-93.20699,16.87131,9651,"San Fernando, CS",geonames,3519396
Belle River,ON,-82.71192,42.29264,9650,"Belle River, ON",geonames,5897865
Fort Morgan,CO,-103.8,40.2503,9650,"Fort Morgan, CO",curated,
Overbrook,ON,-75.65204,45.42726,9650,"Overbrook, ON",geonames,6095514
Westview,FL,-80.24199,25.88204,9650,"Westview, FL",geonames,4178032
Trujillo,HN,-85.95263,15.91741,9646,"Trujillo, HN",geonames,3600591
Martensville,SK,-106.66792,52.28339,9645,"Martensville, SK",geonames,6067033
Kalaoa,HI,-155.98167,19.72861,9644,"Kalaoa, HI",geonames,5847746
Soquel,CA,-121.95663,36.98801,9644,"Soquel, CA",geonames,5397166
Bellevue,DC,-77.0197,38.82678,9643,Washington D.C.,geonames,4137715
Bladensburg,MD,-76.93386,38.93928,9640,"Bladensburg, MD",geonames,4348888
Tequisistlan Primero,EM,-98.95689,19.60002,9640,"Tequisistlan Primero, EM",geonames,11371777
Zaragoza,VE,-94.64231,17.95783,9639,"Zaragoza, VE",geonames,3824080
Jesup,GA,-81.88634,31.60785,9633,"Jesup, GA",geonames,4202810
Milton,FL,-87.03969,30.63241,9628,"Milton, FL",geonames,4164547
Mooresville,IN,-86.37416,39.61282,9623,"Mooresville, IN",geonames,4261585
Red Bank,SC,-81.23843,33.93209,9617,"Red Bank, SC",geonames,4592453
Danville,IN,-86.52639,39.7606,9614,"Danville, IN",geonames,4256447
Lorraine,QC,-73.78249,45.68338,9613,"Lorraine, QC",geonames,6060407
Parramos,GUA,-90.80303,14.60891,9613,Parramos,geonames,3591629
Rye Brook,NY,-73.68346,41.01926,9611,"Rye Brook, NY",geonames,5134696
La Salle,IL,-89.09175,41.33337,9609,"La Salle, IL",geonames,4898875
Tega Cay,SC,-81.02785,35.02431,9608,"Tega Cay, SC",geonames,4598379
Lock Haven,PA,-77.44693,41.13701,9604,"Lock Haven, PA",geonames,5198635
Murray,MN,-95.7558,43.9877,9600,"Murray, MN",curated,
Nonantum,MA,-71.20228,42.3626,9600,"Nonantum, MA",geonames,4945421
Girard,OH,-80.70147,41.15395,9599,"Girard, OH",geonames,5155755
Rosslyn,VA,-77.07248,38.89678,9599,"Rosslyn, VA",geonames,4782988
Bee Ridge,FL,-82.48065,27.28394,9598,"Bee Ridge, FL",geonames,4147145
Orange Cove,CA,-119.31373,36.62439,9598,"Orange Cove, CA",geonames,5379533
Pine Ridge,FL,-82.47343,28.93831,9598,"Pine Ridge, FL",geonames,4168563
San Juan de la Vega,GT,-100.76087,20.6242,9597,"San Juan de la Vega, GT",geonames,3985878
Rafael Delgado,VE,-97.07172,18.81014,9594,"Rafael Delgado, VE",geonames,3520877
Xicotencatl,TM,-98.94063,22.99799,9593,"Xicotencatl, TM",geonames,3483063
Gifford,FL,-80.40922,27.67531,9590,"Gifford, FL",geonames,4156752
Las Guaranas,DO,-70.20835,19.1931,9586,Las Guaranas,geonames,3500518
Rainbow City,AL,-86.04192,33.95482,9580,"Rainbow City, AL",geonames,4085336
Hackettstown,NJ,-74.82906,40.85399,9579,"Hackettstown, NJ",geonames,5098745
Hamburg,NY,-78.82948,42.71589,9576,"Hamburg, NY",geonames,5119833
Escuintla,CS,-92.65833,15.31944,9570,"Escuintla, CS",geonames,3527768
Bristol,PA,-74.85183,40.10067,9569,"Bristol, PA",geonames,5181688
Carmen,NL,-100.36362,25.93663,9568,"Carmen, NL",geonames,4015392
Clinton,OK,-98.96731,35.51561,9565,"Clinton, OK",geonames,4533738
Santiago Juxtlahuaca,OA,-98.01147,17.33462,9565,"Santiago Juxtlahuaca, OA",geonames,3516945
Picture Rocks,AZ,-111.24621,32.34591,9563,"Picture Rocks, AZ",geonames,5308778
Rifle,CO,-107.78312,39.5347,9563,"Rifle, CO",geonames,5436363
Santa Catarina Yecahuizotl,DF,-98.96461,19.31205,9563,"Santa Catarina Yecahuizotl, DF",geonames,3517649
Lachute,QC,-74.33253,45.65008,9562,"Lachute, QC",geonames,6024829
Chuckey,TN,-82.68821,36.21594,9560,"Chuckey, TN",geonames,4613533
Coweta,OK,-95.65081,35.95177,9559,"Coweta, OK",geonames,4534386
Lake Barcroft,VA,-77.15581,38.84789,9558,"Lake Barcroft, VA",geonames,4768185
Puerto Madero,CS,-92.42146,14.72076,9557,"Puerto Madero, CS",geonames,3520989
Higuera de Zaragoza,SI,-109.30219,25.96861,9555,"Higuera de Zaragoza, SI",geonames,4004850
Huixquilucan de Degollado,EM,-99.3498,19.36028,9554,"Huixquilucan de Degollado, EM",geonames,3526858
Port Perry,ON,-78.94441,44.10676,9553,"Port Perry, ON",geonames,7499201
Brock Hall,MD,-76.76108,38.85011,9552,"Brock Hall, MD",geonames,4349551
Pimentel,DO,-70.10884,19.18416,9550,Pimentel,geonames,3494768
Bethel,CT,-73.41401,41.37121,9549,"Bethel, CT",geonames,5282297
Brooklyn,MD,-76.60219,39.23039,9549,"Brooklyn, MD",geonames,4349594
Reedsburg,WI,-90.00263,43.53248,9548,"Reedsburg, WI",geonames,5268570
Maple Hills,NB,-64.86945,46.21332,9547,"Maple Hills, NB",geonames,13592162
Tanhuato de Guerrero,MI,-102.32813,20.28492,9546,"Tanhuato de Guerrero, MI",geonames,3982542
Chevy Chase,DC,-77.083,38.981,9545,Washington D.C.,geonames,4138011
Chevy Chase,MD,-77.07115,39.00287,9545,"Chevy Chase, MD",geonames,4351335
Val-des-Monts,QC,-75.66604,45.6501,9539,"Val-des-Monts, QC",geonames,6173012
San Jose de Gracia,MI,-103.02148,19.98959,9537,"San Jose de Gracia, MI",geonames,3994104
Prineville,OR,-120.83447,44.29985,9530,"Prineville, OR",geonames,5746901
Santa Ana,GUA,-89.82708,16.80582,9523,Santa Ana,geonames,3589507
Howell,MI,-83.9294,42.60726,9521,"Howell, MI",geonames,4996655
Marine Corps Base Hawaii - MCBH,HI,-157.74981,21.44336,9517,"Marine Corps Base Hawaii - MCBH, HI",geonames,7262734
Pecos,TX,-103.49323,31.42291,9517,"Pecos, TX",geonames,5528182
Tlahualilo de Zaragoza,DG,-103.44259,26.10743,9517,"Tlahualilo de Zaragoza, DG",geonames,3981469
Steger,IL,-87.63643,41.47003,9515,"Steger, IL",geonames,4912474
North Kensington,MD,-77.071,39.039,9514,"North Kensington, MD",geonames,4363960
White Marsh,MD,-76.43218,39.38372,9513,"White Marsh, MD",geonames,4373426
Brentwood,PA,-79.97477,40.37063,9512,"Brentwood, PA",geonames,5181553
North Gates,NY,-77.70139,43.17645,9512,"North Gates, NY",geonames,5129050
San Felipe Tlalmimilolpan,EM,-99.64215,19.23934,9512,"San Felipe Tlalmimilolpan, EM",geonames,3827262
Sugar Grove,IL,-88.44369,41.76142,9512,"Sugar Grove, IL",geonames,4912783
Villa Guerrero,EM,-99.64061,18.96211,9509,"Villa Guerrero, EM",geonames,3514675
Almoloya del Rio,EM,-99.4874,19.16046,9507,"Almoloya del Rio, EM",geonames,3533037
Fort George G Mead Junction,MD,-76.78914,39.12594,9505,"Fort George G Mead Junction, MD",geonames,4355322
Winslow,AZ,-110.6974,35.0242,9500,"Winslow, AZ",curated,
River Vale,NJ,-74.01208,40.99538,9497,"River Vale, NJ",geonames,5103310
Union Choco,PA,-77.53507,8.08404,9497,"Union Choco, PA",geonames,8581466
Taft,CA,-119.45651,35.14247,9495,"Taft, CA",geonames,5400877
White Horse,NJ,-74.70238,40.19067,9494,"White Horse, NJ",geonames,5106378
Mission,KS,-94.65579,39.02778,9491,"Mission, KS",geonames,4275600
Santiago Nonualco,SV,-88.95,13.51667,9490,"Santiago Nonualco, SV",geonames,3583196
Ma'ili,HI,-158.17531,21.41629,9488,"Ma'ili, HI",geonames,5850492
Chillicothe,MO,-93.55244,39.79529,9487,"Chillicothe, MO",geonames,4381104
Amityville,NY,-73.41707,40.67899,9486,"Amityville, NY",geonames,5107140
Saint-Amable,QC,-73.29916,45.65008,9486,"Saint-Amable, QC",geonames,6137378
El Transito,SV,-88.35,13.35,9485,"El Transito, SV",geonames,3585856
Woodlyn,PA,-75.33713,39.87233,9485,"Woodlyn, PA",geonames,4562366
Villas,NJ,-74.93851,39.02872,9483,"Villas, NJ",geonames,4504616
Gunningsville,NB,-64.77304,46.0739,9479,"Gunningsville, NB",geonames,5968410
Flossmoor,IL,-87.68477,41.54281,9478,"Flossmoor, IL",geonames,4892684
Atiquizaya,SV,-89.7525,13.97694,9476,"Atiquizaya, SV",geonames,3587317
Braselton,GA,-83.76267,34.10927,9476,"Braselton, GA",geonames,4184165
Prospect,CT,-72.97872,41.50232,9476,"Prospect, CT",geonames,4841089
Jorge Jimenez Cantu,EM,-98.84667,19.30972,9475,"Jorge Jimenez Cantu, EM",geonames,8858166
Orono,ME,-68.67198,44.88312,9474,"Orono, ME",geonames,4974313
Pryor Creek,OK,-95.31777,36.30862,9469,"Pryor Creek, OK",geonames,10103966
Decatur,IN,-84.92913,40.8306,9465,"Decatur, IN",geonames,4919564
Valley,AL,-85.17939,32.81874,9464,"Valley, AL",geonames,4095186
Winterville,NC,-77.40108,35.52905,9464,"Winterville, NC",geonames,4499629
Moanalua,HI,-157.89113,21.36777,9461,"Moanalua, HI",geonames,8480070
Somers,WI,-87.91036,42.6403,9454,"Somers, WI",geonames,5273614
Lowell,IN,-87.42059,41.29142,9450,"Lowell, IN",geonames,4923041
Southwick,MA,-72.77037,42.05482,9444,"Southwick, MA",geonames,4951640
Comala,CL,-103.75926,19.32717,9442,"Comala, CL",geonames,4013130
Springfield,FL,-85.61132,30.15326,9442,"Springfield, FL",geonames,4173892
Marlboro Village,MD,-76.76965,38.83054,9438,"Marlboro Village, MD",geonames,7315260
Newcastle,OK,-97.59976,35.24729,9438,"Newcastle, OK",geonames,4543622
Clarksville,AR,-93.46657,35.47147,9433,"Clarksville, AR",geonames,4105879
Rensselaer,NY,-73.7429,42.64258,9433,"Rensselaer, NY",geonames,5133667
Lamesa,TX,-101.95099,32.7376,9427,"Lamesa, TX",geonames,5524849
Kearney,MO,-94.36217,39.36778,9423,"Kearney, MO",geonames,4393269
South Huntington,NY,-73.39873,40.82371,9422,"South Huntington, NY",geonames,5138892
Anaconda,MT,-112.94226,46.12854,9417,"Anaconda, MT",geonames,5637146
Halacho,YU,-90.08172,20.4787,9412,"Halacho, YU",geonames,3527164
Newlands,KY,-81.302,19.28542,9409,Newlands,geonames,3580580
Savannah Acres,KY,-81.29996,19.28023,9409,Savannah Acres,geonames,3580528
Amherst,NS,-64.19874,45.83345,9404,"Amherst, NS",geonames,5884467
Gloucester Point,VA,-76.49689,37.25403,9402,"Gloucester Point, VA",geonames,4761171
Road Town,VG,-64.6208,18.4269,9400,Road Town,curated,
The Village,OK,-97.55143,35.56089,9400,"The Village, OK",geonames,4552969
La Huacana,MI,-101.80786,18.96222,9395,"La Huacana, MI",geonames,4001956
Lisbon,ME,-70.1045,44.03146,9392,"Lisbon, ME",geonames,4969622
Granbury,TX,-97.7942,32.44208,9386,"Granbury, TX",geonames,4694459
Willoughby Hills,OH,-81.41845,41.59838,9382,"Willoughby Hills, OH",geonames,5176942
Mount Airy,MD,-77.1547,39.37621,9380,"Mount Airy, MD",geonames,4362882
Acton,ON,-80.04149,43.62969,9377,"Acton, ON",geonames,5882134
Morant Bay,JM,-76.40927,17.88145,9368,Morant Bay,geonames,3489440
Berlin,NH,-71.18508,44.46867,9367,"Berlin, NH",geonames,5083330
Cocotitlan,EM,-98.86596,19.23336,9365,"Cocotitlan, EM",geonames,3530494
Saint Francis,WI,-87.87758,42.96752,9365,"Saint Francis, WI",geonames,5270249
Makaha-Ka'ena,HI,-158.2303,21.48356,9364,"Makaha-Ka'ena, HI",geonames,13645949
Economy,PA,-80.22478,40.60007,9363,"Economy, PA",geonames,5188236
North Bath,ME,-69.81588,43.9348,9363,"North Bath, ME",geonames,4973457
Havre,MT,-109.6841,48.55,9362,"Havre, MT",curated,
Lake Hiawatha,NJ,-74.38154,40.8826,9360,"Lake Hiawatha, NJ",geonames,5100155
Thompson,CT,-71.86257,41.95871,9358,"Thompson, CT",geonames,4844184
Tomah,WI,-90.50402,43.97858,9357,"Tomah, WI",geonames,5275871
DuPont,WA,-122.63124,47.09676,9356,"DuPont, WA",geonames,5792869
Valencia West,AZ,-111.11414,32.13238,9355,"Valencia West, AZ",geonames,7262440
Woodbridge,CT,-73.00844,41.3526,9355,"Woodbridge, CT",geonames,4846022
Blackhawk,CA,-121.90774,37.82076,9354,"Blackhawk, CA",geonames,5329204
Harahan,LA,-90.20313,29.94048,9350,"Harahan, LA",geonames,4326916
Bethalto,IL,-90.04066,38.90921,9349,"Bethalto, IL",geonames,4233662
Morehead City,NC,-76.72604,34.72294,9347,"Morehead City, NC",geonames,4480153
West Newton,MA,-71.23283,42.3501,9347,"West Newton, MA",geonames,4955033
Saint Pete Beach,FL,-82.74121,27.72531,9346,"Saint Pete Beach, FL",geonames,4171522
Alamos,SO,-108.93924,27.0299,9345,"Alamos, SO",geonames,4018904
Kendall Park,NJ,-74.56071,40.42094,9339,"Kendall Park, NJ",geonames,5099988
'Aiea,HI,-157.93361,21.38222,9338,"'Aiea, HI",geonames,5856430
Mound,MN,-93.66607,44.93663,9336,"Mound, MN",geonames,5038348
Jeannette,PA,-79.61532,40.32812,9335,"Jeannette, PA",geonames,5195283
Port Townsend,WA,-122.76071,48.11742,9335,"Port Townsend, WA",geonames,5807239
Warren,PA,-79.14504,41.84395,9334,"Warren, PA",geonames,5218023
North College Hill,OH,-84.55078,39.21839,9332,"North College Hill, OH",geonames,4519853
Tlapehuala,GR,-100.5379,18.24101,9331,"Tlapehuala, GR",geonames,3981462
Dorchester,ON,-81.06643,42.98339,9329,"Dorchester, ON",geonames,5941761
Fort Meade,MD,-76.74323,39.10815,9327,"Fort Meade, MD",geonames,7257909
Greenwood,AR,-94.25577,35.21565,9322,"Greenwood, AR",geonames,4113143
Alcoa,TN,-83.97379,35.78953,9316,"Alcoa, TN",geonames,4602181
Rockcreek,OR,-122.87705,45.55012,9316,"Rockcreek, OR",geonames,5749017
Pleasant Hill,IA,-93.51994,41.58388,9314,"Pleasant Hill, IA",geonames,4871472
Charter Oak,CA,-117.84589,34.10306,9310,"Charter Oak, CA",geonames,5336017
Rochelle,IL,-89.06871,41.92392,9309,"Rochelle, IL",geonames,4907863
Choix,SI,-108.32545,26.70901,9306,"Choix, SI",geonames,4014109
Beacon Hill,MA,-71.06783,42.35871,9305,"Beacon Hill, MA",geonames,4930010
Qualicum Beach,BC,-124.44231,49.34783,9303,"Qualicum Beach, BC",geonames,6114862
Woodfield,SC,-80.93092,34.05932,9303,"Woodfield, SC",geonames,4601475
Augusta,KS,-96.9767,37.68668,9299,"Augusta, KS",geonames,4267773
Bala Cynwyd,PA,-75.23407,40.00761,9299,"Bala Cynwyd, PA",geonames,5178892
Hebron,CT,-72.36592,41.65788,9298,"Hebron, CT",geonames,4835969
Anthony,NM,-106.60583,32.00399,9293,"Anthony, NM",geonames,5455381
Monmouth,IL,-90.64736,40.91143,9291,"Monmouth, IL",geonames,4902512
Box Elder,SD,-103.06823,44.11249,9289,"Box Elder, SD",geonames,5763011
Harleysville,PA,-75.38712,40.27955,9286,"Harleysville, PA",geonames,5192662
Ellisville,MO,-90.58707,38.59255,9284,"Ellisville, MO",geonames,4385494
Wasilla,AK,-149.4415,61.5809,9284,"Wasilla, AK",geonames,5877641
Fairview,OR,-122.43398,45.53845,9280,"Fairview, OR",geonames,5726018
Lynwood,IL,-87.53865,41.52642,9280,"Lynwood, IL",geonames,4900739
Valley Center,CA,-117.0342,33.21837,9277,"Valley Center, CA",geonames,5405430
Frankfort Square,IL,-87.8031,41.51892,9276,"Frankfort Square, IL",geonames,4893043
Alauca,HN,-86.68333,13.85,9273,"Alauca, HN",geonames,3615266
Miches,DO,-69.0476,18.98364,9273,Miches,geonames,3496396
Pleasant View,UT,-111.99216,41.31828,9273,"Pleasant View, UT",geonames,5779833
Bells Corners,ON,-75.83012,45.31588,9272,"Bells Corners, ON",geonames,5898070
Sweet Home,OR,-122.7362,44.39762,9270,"Sweet Home, OR",geonames,5755674
Huron East,ON,-81.29975,43.61679,9264,"Huron East, ON",geonames,5978831
Gunbarrel,CO,-105.17107,40.06335,9263,"Gunbarrel, CO",geonames,7261393
Bay Saint Louis,MS,-89.33005,30.30881,9260,"Bay Saint Louis, MS",geonames,4417205
Ecorse,MI,-83.14576,42.24448,9257,"Ecorse, MI",geonames,4991791
Seven Corners,VA,-77.15526,38.87206,9255,"Seven Corners, VA",geonames,4784902
Chanute,KS,-95.4572,37.67921,9252,"Chanute, KS",geonames,4269392
Perryton,TX,-100.80265,36.40003,9252,"Perryton, TX",geonames,5528274
Friendly,MD,-76.97859,38.75178,9250,"Friendly, MD",geonames,4355670
Villa Zempoala,VE,-96.40773,19.44422,9249,"Villa Zempoala, VE",geonames,3514044
Villa Jaragua,DO,-71.48377,18.49077,9248,Villa Jaragua,geonames,3491927
Tulalip,WA,-122.29181,48.06843,9246,"Tulalip, WA",geonames,5814047
Haiku-Pauwela,HI,-156.30508,20.92187,9245,"Haiku-Pauwela, HI",geonames,7262697
Belmont,MI,-85.6092,43.07558,9244,"Belmont, MI",geonames,4985620
Exeter,NH,-70.94783,42.98148,9242,"Exeter, NH",geonames,5085966
Waseca,MN,-93.50744,44.07774,9241,"Waseca, MN",geonames,5051902
Zacualpa,GUA,-90.87815,15.02681,9241,Zacualpa,geonames,3587578
Brookdale,NJ,-74.18292,40.83371,9239,"Brookdale, NJ",geonames,5096049
Grants,NM,-107.85261,35.1476,9239,"Grants, NM",geonames,5469841
Stuarts Draft,VA,-79.03364,38.03014,9235,"Stuarts Draft, VA",geonames,4788070
Merrill,WI,-89.68346,45.18052,9233,"Merrill, WI",geonames,5262680
Naolinco de Victoria,VE,-96.8732,19.65474,9233,"Naolinco de Victoria, VE",geonames,3522836
Smithville,MO,-94.58107,39.38694,9233,"Smithville, MO",geonames,4409199
Brewer,ME,-68.76142,44.79674,9232,"Brewer, ME",geonames,4959233
Grosse Pointe Farms,MI,-82.89186,42.4092,9232,"Grosse Pointe Farms, MI",geonames,4994864
Mapleton,UT,-111.57853,40.13023,9232,"Mapleton, UT",geonames,5777915
Purcellville,VA,-77.71472,39.13677,9232,"Purcellville, VA",geonames,4780641
Independence,OR,-123.18677,44.85123,9227,"Independence, OR",geonames,5732763
Magdalena Cuayucatepec,PU,-97.48472,18.54972,9227,"Magdalena Cuayucatepec, PU",geonames,3523756
Lititz,PA,-76.3069,40.15732,9225,"Lititz, PA",geonames,5198218
Groton,CT,-72.07841,41.3501,9221,"Groton, CT",geonames,4835461
Rockingham,NC,-79.77395,34.93932,9220,"Rockingham, NC",geonames,4488587
Hartland,WI,-88.34204,43.10501,9219,"Hartland, WI",geonames,5255640
Leonia,NJ,-73.98819,40.86149,9219,"Leonia, NJ",geonames,5100399
Rio Del Mar,CA,-121.90023,36.96828,9216,"Rio Del Mar, CA",geonames,5387673
Sutton,MA,-71.76285,42.1501,9215,"Sutton, MA",geonames,4952444
Tiburon,CA,-122.45664,37.87354,9214,"Tiburon, CA",geonames,5402535
Scotchtown,NY,-74.36015,41.48148,9212,"Scotchtown, NY",geonames,5137421
Waimea,HI,-155.67288,20.02323,9212,"Waimea, HI",geonames,5854571
Garden City,SC,-79.00865,33.59295,9209,"Garden City, SC",geonames,4579503
Olds,AB,-114.10199,51.78341,9209,"Olds, AB",geonames,6093347
Brigantine,NJ,-74.36459,39.41012,9204,"Brigantine, NJ",geonames,4500920
Baracoa,HN,-87.85255,15.77581,9202,"Baracoa, HN",geonames,3614872
Altamirano,CS,-92.03882,16.73369,9200,"Altamirano, CS",geonames,3816251
Heber City,UT,-111.41324,40.5069,9198,"Heber City, UT",geonames,5775699
Aliquippa,PA,-80.24006,40.63673,9197,"Aliquippa, PA",geonames,5178027
Sainte-Luce,MQ,-60.92138,14.46848,9196,Sainte-Luce,geonames,3569928
Harvard,IL,-88.61371,42.42224,9194,"Harvard, IL",geonames,4895282
Alma,MI,-84.65973,43.37892,9193,"Alma, MI",geonames,4984049
Good Hope,CA,-117.26698,33.76474,9192,"Good Hope, CA",geonames,5353058
Saint-Sauveur,QC,-74.17943,45.88686,9191,"Saint-Sauveur, QC",geonames,6139045
Centerville,MA,-70.34808,41.64872,9190,"Centerville, MA",geonames,4932587
Tecolotlan,JA,-104.04834,20.20144,9189,"Tecolotlan, JA",geonames,3982217
Beckett Ridge,OH,-84.43522,39.347,9187,"Beckett Ridge, OH",geonames,4506031
Yarula,HN,-88.08333,14.11667,9185,"Yarula, HN",geonames,3600233
Saint Dennis,KY,-85.8458,38.1884,9177,Saint Dennis,geonames,4309414
Urbana,MD,-77.35137,39.32594,9175,"Urbana, MD",geonames,4372201
Carleton North,NB,-67.55754,46.49895,9170,"Carleton North, NB",geonames,13592183
Laurens,SC,-82.01426,34.49901,9166,"Laurens, SC",geonames,4584738
Cap-Acadie,NB,-64.32416,46.20142,9165,"Cap-Acadie, NB",geonames,13592163
East Rutherford,NJ,-74.09709,40.83399,9164,"East Rutherford, NJ",geonames,5097459
Blackstone,MA,-71.54117,42.01788,9163,"Blackstone, MA",geonames,4930738
Madera Acres,CA,-120.06683,37.01911,9163,"Madera Acres, CA",geonames,5369569
Washington Terrace,UT,-111.97661,41.17272,9157,"Washington Terrace, UT",geonames,5784384
San Cristobal Cucho,GUA,-91.78123,14.90505,9152,San Cristobal Cucho,geonames,3590323
Succasunna,NJ,-74.64044,40.86843,9152,"Succasunna, NJ",geonames,5105113
Bermejillo,DG,-103.62139,25.88848,9149,"Bermejillo, DG",geonames,4017144
San Francisco,HN,-88.36667,14.11667,9146,"San Francisco, HN",geonames,3602318
Versailles,KY,-84.72995,38.05258,9146,Versailles,geonames,4312057
Sinuapa,HN,-89.18594,14.44305,9145,"Sinuapa, HN",geonames,3601282
Grinnell,IA,-92.72241,41.74305,9141,"Grinnell, IA",geonames,4859343
Ally Land,KY,-81.1194,19.34101,9140,Ally Land,geonames,3580762
San Antonio del Monte,SV,-89.73833,13.71639,9135,"San Antonio del Monte, SV",geonames,3583851
Tekoh,YU,-89.47406,20.74361,9134,"Tekoh, YU",geonames,3516168
Juanacatlan,JA,-103.16761,20.50873,9133,"Juanacatlan, JA",geonames,4003810
Jiquilisco,SV,-88.58333,13.31667,9129,"Jiquilisco, SV",geonames,3585438
Shawano,WI,-88.60899,44.78221,9128,"Shawano, WI",geonames,5272873
Louisville,OH,-81.25955,40.83728,9126,"Louisville, OH",geonames,5161347
La Plata,MD,-76.97525,38.52929,9125,"La Plata, MD",geonames,4360103
Riggs Park,DC,-76.99414,38.95428,9125,Washington D.C.,geonames,4140176
Amatlan de los Reyes,VE,-96.91595,18.84658,9123,"Amatlan de los Reyes, VE",geonames,3532909
Tuxpan,MI,-100.46406,19.56787,9122,"Tuxpan, MI",geonames,3980843
Hondo,TX,-99.14142,29.34746,9119,"Hondo, TX",geonames,4698562
Bay Minette,AL,-87.77305,30.88296,9118,"Bay Minette, AL",geonames,4046255
Middletown,PA,-76.73108,40.19981,9117,"Middletown, PA",geonames,5201027
Amaxac de Guerrero,TL,-98.17057,19.34661,9114,"Amaxac de Guerrero, TL",geonames,3519622
Selma,TX,-98.30585,29.58439,9108,"Selma, TX",geonames,4727785
Sheffield,AL,-87.69864,34.76509,9108,"Sheffield, AL",geonames,4089536
Valley Cottage,NY,-73.95542,41.11815,9107,"Valley Cottage, NY",geonames,5142101
Forest,VA,-79.28975,37.36375,9106,"Forest, VA",geonames,4759556
Ex-hacienda de Xalpa,EM,-99.18275,19.8215,9105,"Ex-hacienda de Xalpa, EM",geonames,3526606
Querendaro,MI,-100.88508,19.81007,9105,"Querendaro, MI",geonames,3991170
La Penita de Jaltemba,NA,-105.25024,21.03829,9102,"La Penita de Jaltemba, NA",geonames,3992996
Marianna,FL,-85.22687,30.77436,9100,"Marianna, FL",geonames,4163428
Saline,MI,-83.78161,42.16671,9100,"Saline, MI",geonames,5008768
Sayaxche,GUA,-90.18801,16.52446,9100,Sayaxche,geonames,3588984
Roxborough Park,CO,-105.08526,39.47388,9099,"Roxborough Park, CO",geonames,5437081
Santa Maria Magdalena,QT,-100.44739,20.5979,9099,"Santa Maria Magdalena, QT",geonames,4029456
Coatetelco,MO,-99.32605,18.72963,9094,"Coatetelco, MO",geonames,3530523
Lenoir City,TN,-84.25603,35.7973,9091,"Lenoir City, TN",geonames,4636285
Cardonal,HG,-99.23025,20.05689,9090,"Cardonal, HG",geonames,3814144
Rock Falls,IL,-89.689,41.77975,9087,"Rock Falls, IL",geonames,4907898
Playa Vicente,VE,-95.81189,17.83107,9083,"Playa Vicente, VE",geonames,3521334
Galaxia Bonito Jalisco,JA,-103.20472,20.505,9082,"Galaxia Bonito Jalisco, JA",geonames,8858167
Mirebalais,HT,-72.1048,18.83455,9082,Mirebalais,geonames,3720811
Bennington,VT,-73.19677,42.87813,9074,"Bennington, VT",geonames,5233742
Berkeley,MO,-90.33123,38.7545,9073,"Berkeley, MO",geonames,4376623
La Resurreccion,PU,-98.13013,19.10279,9065,"La Resurreccion, PU",geonames,3520356
Atoka,TN,-89.77814,35.44119,9064,"Atoka, TN",geonames,4603347
Andalusia,AL,-86.48243,31.30808,9063,"Andalusia, AL",geonames,4830099
College Place,WA,-118.3883,46.0493,9062,"College Place, WA",geonames,5790562
Georgetown,SC,-79.2945,33.37683,9062,"Georgetown, SC",geonames,4579662
Lewisville,NB,-64.7532,46.10437,9060,"Lewisville, NB",geonames,6053462
Shelby,OH,-82.66184,40.88145,9058,"Shelby, OH",geonames,5171868
Stuttgart,AR,-91.55263,34.50037,9056,"Stuttgart, AR",geonames,4132625
Charlotte,MI,-84.83582,42.56365,9054,"Charlotte, MI",geonames,4988584
Hernando,FL,-82.37454,28.89998,9054,"Hernando, FL",geonames,4158445
Lake Hopatcong,NJ,-74.6171,40.94843,9054,"Lake Hopatcong, NJ",geonames,5100158
Micco,FL,-80.50033,27.88058,9052,"Micco, FL",geonames,4164253
Oakwood,OH,-84.17411,39.72534,9052,"Oakwood, OH",geonames,4520163
Huichapan,HG,-99.64869,20.37593,9051,"Huichapan, HG",geonames,3526923
Winston,FL,-82.01481,28.03169,9050,"Winston, FL",geonames,4178540
Greely,ON,-75.56111,45.26139,9049,"Greely, ON",geonames,5965932
Fultondale,AL,-86.79388,33.60483,9048,"Fultondale, AL",geonames,4063570
Ciudad de Tlatlauquitepec,PU,-97.49528,19.85278,9047,"Ciudad de Tlatlauquitepec, PU",geonames,3818673
Oakville,CT,-73.08539,41.59343,9047,"Oakville, CT",geonames,4839921
Antunez (Morelos),MI,-102.20389,19.01278,9044,"Antunez (Morelos), MI",geonames,8858168
Lake Lucerne,FL,-80.24144,25.96509,9044,"Lake Lucerne, FL",geonames,4161298
Cayman Palms,KY,-81.2699,19.27759,9043,Cayman Palms,geonames,3580717
East Haddam,CT,-72.4612,41.45315,9042,"East Haddam, CT",geonames,4833363
La Trinitaria,CS,-92.05188,16.11886,9042,"La Trinitaria, CS",geonames,3524527
Elgin,TX,-97.37027,30.34965,9039,"Elgin, TX",geonames,4688756
Liberty,TX,-94.79548,30.05799,9039,"Liberty, TX",geonames,4706088
Evergreen,CO,-105.31721,39.63332,9038,"Evergreen, CO",geonames,5421418
Fort Polk South,LA,-93.21578,31.0511,9038,"Fort Polk South, LA",geonames,7259776
Covington,TN,-89.64647,35.56425,9036,"Covington, TN",geonames,4615804
Oakbrook,KY,-84.68522,38.99978,9036,Oakbrook,geonames,4302910
Las Juntas,JA,-105.24326,20.70033,9035,"Las Juntas, JA",geonames,3999735
Union de Tula,JA,-104.26805,19.95646,9035,"Union de Tula, JA",geonames,3980798
Lincoln Village,OH,-83.13074,39.95479,9032,"Lincoln Village, OH",geonames,4516701
Thomaston,GA,-84.32659,32.88819,9032,"Thomaston, GA",geonames,4226364
Marlton,MD,-76.78997,38.77373,9031,"Marlton, MD",geonames,4361725
Sheffield Lake,OH,-82.10154,41.48754,9026,"Sheffield Lake, OH",geonames,5171856
Tomatlan,JA,-105.2501,19.93664,9026,"Tomatlan, JA",geonames,3981391
Edgewater,MD,-76.557,38.938,9023,"Edgewater, MD",geonames,4354072
Scott,LA,-92.09457,30.23576,9018,"Scott, LA",geonames,4341033
Fitzgerald,GA,-83.25265,31.71491,9013,"Fitzgerald, GA",geonames,4195168
La Alameda,JA,-103.24833,20.49528,9013,"La Alameda, JA",geonames,8858169
Alexandria,KY,-84.38799,38.95951,9009,Alexandria,geonames,4282342
Olney,IL,-88.08532,38.73088,9005,"Olney, IL",geonames,4246382
Detroit Lakes,MN,-95.84533,46.81718,9002,"Detroit Lakes, MN",geonames,5024237
Presque Isle,ME,-68.0156,46.6812,9000,"Presque Isle, ME",curated,
Saddlebrooke,AZ,-110.8837,32.3567,9000,"Saddlebrooke, AZ",curated,
El Nino,BC,-116.79194,32.5075,8999,"El Nino, BC",geonames,8858170
Garden City,GA,-81.154,32.11437,8999,"Garden City, GA",geonames,4196688
Manteno,IL,-87.83143,41.25059,8999,"Manteno, IL",geonames,4901015
Mechanicsburg,PA,-77.00859,40.21426,8999,"Mechanicsburg, PA",geonames,5200657
San Elizario,TX,-106.27276,31.58511,8999,"San Elizario, TX",geonames,5530058
San Hipolito,PU,-97.87322,18.94069,8999,"San Hipolito, PU",geonames,3519207
Tactic,GUA,-90.35448,15.32218,8999,Tactic,geonames,3588603
China,NL,-99.23463,25.69981,8997,"China, NL",geonames,3530839
Glenwood,IL,-87.60227,41.54253,8996,"Glenwood, IL",geonames,4893896
Santa Maria Jalapa del Marques,OA,-95.44374,16.43993,8996,"Santa Maria Jalapa del Marques, OA",geonames,3801642
Toppenish,WA,-120.30867,46.37735,8995,"Toppenish, WA",geonames,5813747
Samayac,GUA,-91.46135,14.58084,8994,Samayac,geonames,3590567
Calixtlahuaca,EM,-99.68923,19.33651,8993,"Calixtlahuaca, EM",geonames,3531794
Chatham,NJ,-74.38376,40.74093,8993,"Chatham, NJ",geonames,5096495
Ixtapa,GR,-101.64165,17.66782,8992,"Ixtapa, GR",geonames,4004294
Fraccionamiento Lomas de Ahuatlan,MO,-99.25722,18.95444,8990,"Fraccionamiento Lomas de Ahuatlan, MO",geonames,8858171
Concepcion del Norte,HN,-88.13333,15.16667,8989,"Concepcion del Norte, HN",geonames,3613283
Monett,MO,-93.92771,36.92895,8988,"Monett, MO",geonames,4398776
Kitimat,BC,-128.65342,54.05244,8987,"Kitimat, BC",geonames,5993072
Rio San Juan,DO,-70.07635,19.64385,8983,Rio San Juan,geonames,3493743
Glenshaw,PA,-79.96755,40.53285,8981,"Glenshaw, PA",geonames,5191335
Salinas Victoria,NL,-100.29174,25.96416,8979,"Salinas Victoria, NL",geonames,3988163
Benning,DC,-76.94886,38.89511,8978,Washington D.C.,geonames,4137724
Madeira,OH,-84.36355,39.19089,8976,"Madeira, OH",geonames,4517353
Molalla,OR,-122.57703,45.14734,8972,"Molalla, OR",geonames,5741182
Clarendon Hills,MA,-71.1245,42.2751,8971,"Clarendon Hills, MA",geonames,4933314
Chitre,PA,-80.42876,7.96011,8969,"Chitre, PA",geonames,3712384
Budd Lake,NJ,-74.73405,40.87121,8968,"Budd Lake, NJ",geonames,5096057
Montecito,CA,-119.63208,34.43666,8965,"Montecito, CA",geonames,5374340
Dayton,NV,-119.59295,39.23714,8964,"Dayton, NV",geonames,5502732
Midland,WA,-122.40484,47.16704,8962,"Midland, WA",geonames,5803357
Stonegate,CO,-104.80386,39.53082,8962,"Stonegate, CO",geonames,5440437
Eidson Road,TX,-100.48702,28.6772,8960,"Eidson Road, TX",geonames,5520953
Glen Cairn,NB,-64.85,46.11667,8960,"Glen Cairn, NB",geonames,5961862
Little River,SC,-78.61418,33.87323,8960,"Little River, SC",geonames,4585421
La Malbaie,QC,-70.15268,47.654,8959,"La Malbaie, QC",geonames,6945986
Fallston,MD,-76.41107,39.51455,8958,"Fallston, MD",geonames,4354708
Independence,KS,-95.70831,37.22424,8958,"Independence, KS",geonames,4273359
San Mateo Xoloc,EM,-99.24818,19.7065,8958,"San Mateo Xoloc, EM",geonames,3518361
Lancaster,SC,-80.7709,34.72043,8956,"Lancaster, SC",geonames,4584556
Sturgeon Bay,WI,-87.37704,44.83416,8956,"Sturgeon Bay, WI",geonames,5274867
San Francisco Chimalpa,EM,-99.34398,19.44279,8953,"San Francisco Chimalpa, EM",geonames,3530852
Northwest Harborcreek,PA,-79.99463,42.14944,8949,"Northwest Harborcreek, PA",geonames,7258393
Atzacan,VE,-97.08307,18.90724,8947,"Atzacan, VE",geonames,3532565
Glencoe,IL,-87.75812,42.13503,8945,"Glencoe, IL",geonames,4894078
San Pedro Cholula,EM,-99.48639,19.26444,8941,"San Pedro Cholula, EM",geonames,3827358
Las Tablas,PA,-80.27798,7.7665,8939,"Las Tablas, PA",geonames,3706208
Princeton,TX,-96.49804,33.18012,8939,"Princeton, TX",geonames,4720743
Estanzuela,GUA,-89.57285,14.99777,8937,Estanzuela,geonames,3595757
DeForest,WI,-89.34373,43.24777,8936,"DeForest, WI",geonames,5250188
La Junta,CH,-107.32972,28.47921,8930,"La Junta, CH",geonames,4001792
Concepcion Huista,GUA,-91.66521,15.62378,8925,Concepcion Huista,geonames,3598005
Canonsburg,PA,-80.18728,40.26257,8922,"Canonsburg, PA",geonames,5183161
New Windsor,NY,-74.02375,41.47676,8922,"New Windsor, NY",geonames,5128577
Park Ridge,NJ,-74.0407,41.0376,8919,"Park Ridge, NJ",geonames,5102400
Cypress Gardens,FL,-81.69008,27.99391,8917,"Cypress Gardens, FL",geonames,4152628
Lomas de Barrillas,VE,-94.52639,18.14806,8915,"Lomas de Barrillas, VE",geonames,8858172
Bristow,VA,-77.5361,38.72289,8910,"Bristow, VA",geonames,4749007
Tlacotepec,PU,-97.65602,18.68193,8908,"Tlacotepec, PU",geonames,3515476
Liberty Lake,WA,-117.11821,47.67591,8906,"Liberty Lake, WA",geonames,5800870
El Congo,SV,-89.49583,13.90889,8905,"El Congo, SV",geonames,3586550
Plymouth,MI,-83.47021,42.37143,8905,"Plymouth, MI",geonames,5006059
Eagle Point,OR,-122.80282,42.47263,8902,"Eagle Point, OR",geonames,5724581
Clinton,MO,-93.77827,38.36863,8899,"Clinton, MO",geonames,4381643
Pitman,NJ,-75.13157,39.73289,8898,"Pitman, NJ",geonames,4503635
Bayport,NY,-73.05067,40.73843,8896,"Bayport, NY",geonames,5108191
Commerce,TX,-95.89997,33.24706,8892,"Commerce, TX",geonames,4682762
Medulla,FL,-81.97342,27.9678,8892,"Medulla, FL",geonames,4163954
Mont-Tremblant,QC,-74.58438,46.21274,8892,"Mont-Tremblant, QC",geonames,6077445
Airmont,NY,-74.11625,41.10093,8891,"Airmont, NY",geonames,5106817
Harrisburg,IL,-88.54061,37.73838,8891,"Harrisburg, IL",geonames,4240284
Pulaski,VA,-80.77979,37.0479,8890,"Pulaski, VA",geonames,4780577
Olmsted Falls,OH,-81.90819,41.37505,8889,"Olmsted Falls, OH",geonames,5165635
Smiths Falls,ON,-76.02333,44.90452,8885,"Smiths Falls, ON",geonames,6150174
Larkfield-Wikiup,CA,-122.75094,38.51342,8884,"Larkfield-Wikiup, CA",geonames,7261625
Tlalixtac de Cabrera,OA,-96.64657,17.07066,8881,"Tlalixtac de Cabrera, OA",geonames,3515442
Oak Hills,CA,-117.38135,34.38313,8879,"Oak Hills, CA",geonames,5378354
Myrtle Grove,NC,-77.88165,34.13462,8875,"Myrtle Grove, NC",geonames,4481385
Graham,TX,-98.5895,33.10706,8865,"Graham, TX",geonames,4694420
Xaltepec,PU,-97.60825,18.88163,8865,"Xaltepec, PU",geonames,3514589
Sitka,AK,-135.33088,57.05315,8863,"Sitka, AK",geonames,5557293
Tarecuato,MI,-102.4652,19.84365,8863,"Tarecuato, MI",geonames,3982382
Lincoln Heights,DC,-76.92886,38.89456,8858,Washington D.C.,geonames,4139396
Columbia City,IN,-85.48831,41.15727,8857,"Columbia City, IN",geonames,4919203
East Wenatchee Bench,WA,-120.28118,47.42568,8856,"East Wenatchee Bench, WA",geonames,5793272
El Tumbador,GUA,-91.93416,14.86375,8856,El Tumbador,geonames,3595929
San Antonio del Coyote,CO,-103.28436,25.69682,8856,"San Antonio del Coyote, CO",geonames,4010155
Quakertown,PA,-75.34157,40.44177,8855,"Quakertown, PA",geonames,5207381
Swissvale,PA,-79.88283,40.42368,8855,"Swissvale, PA",geonames,5215064
Matawan,NJ,-74.22959,40.41483,8853,"Matawan, NJ",geonames,5100940
South Amboy,NJ,-74.2907,40.47788,8846,"South Amboy, NJ",geonames,5104784
Fort Irwin,CA,-116.68475,35.26275,8845,"Fort Irwin, CA",geonames,5350057
Clanton,AL,-86.62943,32.83874,8844,"Clanton, AL",geonames,4055577
Craig,CO,-107.54645,40.51525,8844,"Craig, CO",geonames,5576064
Bernalillo,NM,-106.55114,35.30004,8843,"Bernalillo, NM",geonames,5457198
Newark,NY,-77.09525,43.04673,8843,"Newark, NY",geonames,5128639
Coatepec,EM,-98.84546,19.38485,8841,"Coatepec, EM",geonames,3817676
Isle of Normandy,FL,-80.13505,25.85287,8841,"Isle of Normandy, FL",geonames,4159873
Lake Wylie,SC,-81.04285,35.10848,8841,"Lake Wylie, SC",geonames,4584474
Waihee-Waiehu,HI,-156.50458,20.93022,8841,"Waihee-Waiehu, HI",geonames,7262796
Talpa de Allende,JA,-104.82213,20.38084,8839,"Talpa de Allende, JA",geonames,3982589
Vicam,SO,-110.29459,27.64307,8837,"Vicam, SO",geonames,3970634
Grande Riviere du Nord,HT,-72.16872,19.57744,8836,Grande Riviere du Nord,geonames,3724439
White Meadow Lake,NJ,-74.51071,40.92371,8836,"White Meadow Lake, NJ",geonames,5106379
Milford,NH,-71.64896,42.83536,8835,"Milford, NH",geonames,5089578
Riverside,IL,-87.82284,41.83503,8835,"Riverside, IL",geonames,4907706
Conning Towers-Nautilus Park,CT,-72.06877,41.38548,8834,"Conning Towers-Nautilus Park, CT",geonames,7257357
El Sauzal de Rodriguez,BC,-116.69323,31.89491,8832,"El Sauzal de Rodriguez, BC",geonames,4007503
Sechelt,BC,-123.75903,49.47512,8832,"Sechelt, BC",geonames,6143367
New Albany,MS,-89.00784,34.49427,8830,"New Albany, MS",geonames,4438121
Tamulte de las Sabanas,TB,-92.78367,18.16047,8824,"Tamulte de las Sabanas, TB",geonames,3516344
Waterford,CA,-120.76048,37.64132,8824,"Waterford, CA",geonames,5407463
Garrison,MD,-76.76053,39.40594,8823,"Garrison, MD",geonames,4355958
Jeffries Point,MA,-71.03283,42.36538,8823,"Jeffries Point, MA",geonames,4940828
Whippany,NJ,-74.4171,40.82454,8822,"Whippany, NJ",geonames,5106365
La Venta,TB,-94.0452,18.09798,8821,"La Venta, TB",geonames,3802196
Lake Villa,IL,-88.07397,42.41697,8821,"Lake Villa, IL",geonames,4899154
New Richmond,WI,-92.53659,45.12302,8821,"New Richmond, WI",geonames,5264475
San Marcos de Colon,HN,-86.8,13.43333,8821,"San Marcos de Colon, HN",geonames,3601888
Maysville,KY,-83.74437,38.64119,8819,Maysville,geonames,4300152
Plainedge,NY,-73.48374,40.71732,8817,"Plainedge, NY",geonames,5131628
Tuskegee,AL,-85.69096,32.42415,8817,"Tuskegee, AL",geonames,4094490
Booneville,MS,-88.56672,34.65815,8816,"Booneville, MS",geonames,4419094
Cresskill,NJ,-73.9593,40.94149,8812,"Cresskill, NJ",geonames,5097035
Trois-Rivieres,GP,-61.64492,15.97595,8812,Trois-Rivieres,geonames,3578324
Cloverdale,CA,-123.01722,38.80546,8811,"Cloverdale, CA",geonames,5338104
'Ahuimanu,HI,-157.83778,21.44472,8810,"'Ahuimanu, HI",geonames,5856516
Picnic Point,WA,-122.3284,47.88111,8809,"Picnic Point, WA",geonames,8479428
Alvaro Obregon,MI,-101.03936,19.82498,8807,"Alvaro Obregon, MI",geonames,4018648
Oromocto,NB,-66.47917,45.83512,8805,"Oromocto, NB",geonames,6094407
Dunn Loring,VA,-77.22165,38.89344,8803,"Dunn Loring, VA",geonames,4756736
Aguililla,MI,-102.78853,18.73696,8801,"Aguililla, MI",geonames,4019152
Mascota,JA,-104.78516,20.52536,8801,"Mascota, JA",geonames,3996472
Itasca,IL,-88.00729,41.97503,8798,"Itasca, IL",geonames,4897654
San Pedro Chochula,EM,-99.4859,19.26359,8798,"San Pedro Chochula, EM",geonames,3530756
Arnprior,ON,-76.34939,45.43341,8795,"Arnprior, ON",geonames,5887214
Gueinope,HN,-86.93333,13.88333,8794,"Gueinope, HN",geonames,3609112
Collingdale,PA,-75.27713,39.91178,8792,"Collingdale, PA",geonames,4557287
Delta,CO,-108.06896,38.74221,8791,"Delta, CO",geonames,5419334
Santo Domingo Xenacoj,GUA,-90.70012,14.68057,8791,Santo Domingo Xenacoj,geonames,3589072
Bridgewater,NS,-64.51882,44.37856,8790,"Bridgewater, NS",geonames,5908723
Lapeer,MI,-83.31883,43.05142,8790,"Lapeer, MI",geonames,4998842
Franklin,KY,-86.57722,36.72226,8787,Franklin,geonames,4292193
San Pablo Huixtepec,OA,-96.78147,16.82154,8786,"San Pablo Huixtepec, OA",geonames,3518128
Columbus,NJ,-74.72072,40.07261,8783,"Columbus, NJ",geonames,5096832
Nueva Ocotepeque,HN,-89.18281,14.43382,8780,"Nueva Ocotepeque, HN",geonames,3604384
Villa Avila Camacho,PU,-97.87989,20.38593,8780,"Villa Avila Camacho, PU",geonames,3761111
Villa del Carbon,EM,-99.46362,19.72875,8778,"Villa del Carbon, EM",geonames,3514680
East York,PA,-76.68636,39.97371,8777,"East York, PA",geonames,4557717
Incline Village,NV,-119.97297,39.2513,8777,"Incline Village, NV",geonames,5505963
Woodway,TX,-97.20501,31.506,8777,"Woodway, TX",geonames,4743105
Telica,NI,-86.85938,12.522,8776,"Telica, NI",geonames,3616092
Adolfo Lopez Mateos,CH,-107.3,28.46667,8770,"Adolfo Lopez Mateos, CH",geonames,3976161
Orosi,CA,-119.28734,36.54495,8770,"Orosi, CA",geonames,5379755
Edgewood,KY,-84.58189,39.01867,8769,Edgewood,geonames,4290873
Harewood,BC,-123.94739,49.1474,8769,"Harewood, BC",geonames,13512378
Meadowbrook,AL,-86.69665,33.40205,8769,"Meadowbrook, AL",geonames,4075692
San Isidro Buen Suceso,TL,-98.10492,19.15489,8769,"San Isidro Buen Suceso, TL",geonames,3815455
Clinton,NC,-78.32333,34.99795,8767,"Clinton, NC",geonames,4461101
Piedras Negras,VE,-96.17321,18.76937,8767,"Piedras Negras, VE",geonames,3521482
Santa Barbara,CH,-105.81961,26.80257,8765,"Santa Barbara, CH",geonames,3984629
Whitecourt,AB,-115.68548,54.15015,8763,"Whitecourt, AB",geonames,6180285
Andover,MA,-71.137,42.65843,8762,"Andover, MA",geonames,4929055
Lavaltrie,QC,-73.28245,45.88338,8762,"Lavaltrie, QC",geonames,6050650
Pimienta Vieja,HN,-87.96667,15.23333,8761,"Pimienta Vieja, HN",geonames,3603649
Santiaguito Tlalcilalcalli,EM,-99.72717,19.34032,8761,"Santiaguito Tlalcilalcalli, EM",geonames,3827253
Rotonda West,FL,-82.29009,26.88368,8759,"Rotonda West, FL",geonames,4170556
Saint Stephens,NC,-81.27314,35.76458,8759,"Saint Stephens, NC",geonames,4493146
Fuller Heights,FL,-81.99814,27.90919,8758,"Fuller Heights, FL",geonames,4156367
Puerto Pilon,PA,-79.79333,9.36316,8754,"Puerto Pilon, PA",geonames,3702384
Gig Harbor,WA,-122.58013,47.32926,8753,"Gig Harbor, WA",geonames,5795440
Thief River Falls,MN,-96.18115,48.11914,8752,"Thief River Falls, MN",geonames,5049970
Marathon,FL,-81.09035,24.71375,8750,"Marathon, FL",geonames,4163379
Leisure World,MD,-77.06898,39.1023,8749,"Leisure World, MD",geonames,7258581
Cape Saint Claire,MD,-76.44496,39.04317,8747,"Cape Saint Claire, MD",geonames,4350348
Barre,VT,-72.50205,44.19701,8746,"Barre, VT",geonames,5233500
Almirante,PA,-82.4018,9.30091,8744,"Almirante, PA",geonames,3714896
Oxford,NC,-78.59083,36.3107,8742,"Oxford, NC",geonames,4483745
Ciudad Insurgentes,BS,-111.77444,25.26345,8741,Ciudad Insurgentes,geonames,4011574
Woodmoor,CO,-104.84748,39.10138,8741,"Woodmoor, CO",geonames,5444707
Saint James,KY,-81.28887,19.26713,8735,Saint James,geonames,3580540
Savannah,KY,-81.29866,19.2806,8735,Savannah,geonames,3580529
Poteau,OK,-94.62356,35.05371,8732,"Poteau, OK",geonames,4548363
Audubon,NJ,-75.07295,39.89095,8730,"Audubon, NJ",geonames,4500572
West Athens,CA,-118.30341,33.92335,8729,"West Athens, CA",geonames,5407841
Wharton,TX,-96.10274,29.31164,8726,"Wharton, TX",geonames,4741325
Capulin,JA,-103.26947,20.47802,8724,"Capulin, JA",geonames,4015514
Pont-Rouge,QC,-71.69566,46.75468,8723,"Pont-Rouge, QC",geonames,8379100
Emiliano Zapata,HG,-98.54497,19.6549,8722,"Emiliano Zapata, HG",geonames,3527876
Socorro,NM,-106.89142,34.0584,8722,"Socorro, NM",geonames,5491999
Mentone,CA,-117.13448,34.07001,8720,"Mentone, CA",geonames,5372242
Cortez,CO,-108.58593,37.34888,8715,"Cortez, CO",geonames,5418104
Wagoner,OK,-95.36941,35.95954,8713,"Wagoner, OK",geonames,4554548
Whistler,BC,-122.95396,50.11817,8713,"Whistler, BC",geonames,6180144
Seybaplaya,CM,-90.68706,19.63994,8711,"Seybaplaya, CM",geonames,3516685
Moundsville,WV,-80.74314,39.92035,8710,"Moundsville, WV",geonames,4815462
Pryor,OK,-95.31691,36.30843,8708,"Pryor, OK",geonames,4548516
Pine Lake Park,NJ,-74.25653,40.00317,8707,"Pine Lake Park, NJ",geonames,5102691
Flowood,MS,-90.13898,32.30959,8705,"Flowood, MS",geonames,4426822
Tetepango,HG,-99.15108,20.10168,8705,"Tetepango, HG",geonames,3515751
Lazaro Cardenas,CH,-105.62402,28.39027,8704,"Lazaro Cardenas, CH",geonames,3975096
Orange Park,FL,-81.70648,30.16607,8702,"Orange Park, FL",geonames,4167102
Kennedy Township,PA,-80.10313,40.47763,8701,"Kennedy Township, PA",geonames,7258794
Asbury Lake,FL,-81.82149,30.04913,8700,"Asbury Lake, FL",geonames,4146302
Marte R. Gomez (Tobarito),SO,-109.88583,27.36778,8700,"Marte R. Gomez (Tobarito), SO",geonames,8858173
El Cerrillo Vista Hermosa,EM,-99.5425,19.32337,8699,"El Cerrillo Vista Hermosa, EM",geonames,3827257
San Jose Ixtapa (Barrio Viejo),GR,-101.61944,17.70222,8698,"San Jose Ixtapa (Barrio Viejo), GR",geonames,4026954
Milton,WA,-122.3129,47.24816,8697,"Milton, WA",geonames,5803556
Ha'iku,HI,-156.32185,20.91547,8694,"Ha'iku, HI",geonames,5855252
Pomuch,CM,-90.17488,20.13727,8694,"Pomuch, CM",geonames,3521283
San Lorenzo,NI,-85.66646,12.3783,8694,"San Lorenzo, NI",geonames,3616708
Park Hills,MO,-90.51818,37.85422,8692,"Park Hills, MO",geonames,4402479
Murphy,MO,-90.48707,38.49033,8690,"Murphy, MO",geonames,4399914
San Raimundo,GUA,-90.59493,14.76462,8689,San Raimundo,geonames,3589569
Farmingdale,NY,-73.4454,40.7326,8688,"Farmingdale, NY",geonames,5116931
Redlands,CO,-108.63565,39.07887,8685,"Redlands, CO",geonames,5436099
Blacklick Estates,OH,-82.86434,39.90506,8682,"Blacklick Estates, OH",geonames,4506666
Embrun,ON,-75.27266,45.27573,8680,"Embrun, ON",geonames,8617396
Lacombe,LA,-89.94313,30.31353,8679,"Lacombe, LA",geonames,4330126
Rodeo,CA,-122.26691,38.03298,8679,"Rodeo, CA",geonames,5388467
Seabrook,NH,-70.87116,42.89481,8679,"Seabrook, NH",geonames,5092485
Urireo,GT,-100.84254,20.21395,8679,"Urireo, GT",geonames,4023831
Clarendon Hills,IL,-87.95478,41.79753,8676,"Clarendon Hills, IL",geonames,4888080
Victoria,MN,-93.66163,44.85857,8676,"Victoria, MN",geonames,5051387
Vista Alegre,PA,-79.69964,8.92923,8673,"Vista Alegre, PA",geonames,3700038
East Franklin,NJ,-74.4711,40.4933,8669,"East Franklin, NJ",geonames,7315293
Edgemere,MD,-76.44802,39.24205,8669,"Edgemere, MD",geonames,4354060
Morden,MB,-98.10136,49.1919,8668,"Morden, MB",geonames,6078447
Frostburg,MD,-78.92836,39.65814,8667,"Frostburg, MD",geonames,4355756
Zaza del Medio,CU,-79.36678,21.99707,8667,Zaza del Medio,geonames,3533556
Riverdale,UT,-112.00383,41.17689,8666,"Riverdale, UT",geonames,5780531
Fraccionamiento Mision del Valle,MI,-101.12167,19.76556,8663,"Fraccionamiento Mision del Valle, MI",geonames,8858174
Closter,NJ,-73.96153,40.97315,8662,"Closter, NJ",geonames,5096742
Beaver Falls,PA,-80.31923,40.75201,8661,"Beaver Falls, PA",geonames,5179478
Sellersburg,IN,-85.75496,38.39812,8659,"Sellersburg, IN",geonames,4264598
Greenville,RI,-71.55201,41.87121,8658,"Greenville, RI",geonames,5222476
Santiago de la Pena,VE,-97.40714,20.94461,8657,"Santiago de la Pena, VE",geonames,3516956
Golden Hills,CA,-118.49036,35.14247,8656,"Golden Hills, CA",geonames,5352875
Westwood,MI,-85.63362,42.30282,8653,"Westwood, MI",geonames,5014706
Hampstead,NH,-71.18117,42.87453,8650,"Hampstead, NH",geonames,5087105
Florence,OR,-124.09984,43.98262,8649,"Florence, OR",geonames,5727032
Fort Stockton,TX,-102.87932,30.89404,8649,"Fort Stockton, TX",geonames,5521746
Little Falls,MN,-94.3625,45.97635,8649,"Little Falls, MN",geonames,5034970
Chinameca,SV,-88.35,13.5,8646,"Chinameca, SV",geonames,3587037
La Libertad,GUA,-90.11698,16.7885,8646,La Libertad,geonames,3594422
Angola,IN,-84.99941,41.63477,8644,"Angola, IN",geonames,4917614
East Grand Forks,MN,-97.02452,47.92998,8643,"East Grand Forks, MN",geonames,5024996
Clinton,SC,-81.88066,34.47263,8637,"Clinton, SC",geonames,4575028
Montague,MA,-72.53509,42.53564,8637,"Montague, MA",geonames,4944413
Hanover,NH,-72.28954,43.70229,8636,"Hanover, NH",geonames,5087168
Harwood Heights,IL,-87.80756,41.96725,8635,"Harwood Heights, IL",geonames,4895308
Burlington,WA,-122.32544,48.47566,8633,"Burlington, WA",geonames,5788539
Monroe,NY,-74.18681,41.33065,8632,"Monroe, NY",geonames,5127302
Princeton,IN,-87.56752,38.35532,8626,"Princeton, IN",geonames,4263396
Old Orchard Beach,ME,-70.37755,43.51731,8624,"Old Orchard Beach, ME",geonames,4974194
Citrus Springs,FL,-82.47065,28.99748,8622,"Citrus Springs, FL",geonames,4151163
Camalu,BC,-116.0623,30.84355,8621,"Camalu, BC",geonames,3979216
Beausoleil,NB,-64.60329,46.29835,8620,"Beausoleil, NB",geonames,13592161
Bacliff,TX,-94.99243,29.5069,8619,"Bacliff, TX",geonames,4671895
La Grange,KY,-85.37885,38.40757,8619,La Grange,geonames,4297238
Colonia Santa Barbara,VE,-96.87817,19.50191,8617,"Colonia Santa Barbara, VE",geonames,8858175
Warwick Parish,BM,-64.80922,32.26574,8615,Warwick Parish,geonames,13353869
Willowbrook,IL,-87.93589,41.76975,8613,"Willowbrook, IL",geonames,4916709
Palm Beach,FL,-80.03643,26.70562,8612,"Palm Beach, FL",geonames,4167505
Tacoaleche,ZA,-102.4034,22.82012,8612,"Tacoaleche, ZA",geonames,3982668
Queseria,CL,-103.57243,19.38708,8611,"Queseria, CL",geonames,4000524
Port Jervis,NY,-74.69266,41.37509,8609,"Port Jervis, NY",geonames,5132016
Bennettsville,SC,-79.68478,34.61738,8605,"Bennettsville, SC",geonames,4570634
Morrisville,PA,-74.78794,40.2115,8605,"Morrisville, PA",geonames,5201996
Cuauhtemoc,CL,-103.60284,19.32861,8602,"Cuauhtemoc, CL",geonames,4012408
Bosque de Saloya,TB,-92.95806,18.01611,8600,"Bosque de Saloya, TB",geonames,8858176
Tuba City,AZ,-111.2393,36.1349,8600,"Tuba City, AZ",curated,
Fort Valley,GA,-83.88741,32.55376,8597,"Fort Valley, GA",geonames,4195869
Ladue,MO,-90.38067,38.64977,8597,"Ladue, MO",geonames,4394084
Sallisaw,OK,-94.78745,35.46037,8596,"Sallisaw, OK",geonames,4550374
Napoleon,OH,-84.12522,41.39227,8595,"Napoleon, OH",geonames,5164057
Alondra Park,CA,-118.33091,33.88946,8592,"Alondra Park, CA",geonames,5323371
Antunez,MI,-102.20581,19.01586,8591,"Antunez, MI",geonames,4018430
Fort Bliss,TX,-106.41224,31.81357,8591,"Fort Bliss, TX",geonames,7261282
Helotes,TX,-98.68975,29.57801,8591,"Helotes, TX",geonames,4697038
Santa Maria Rayon,EM,-99.57974,19.14808,8590,"Santa Maria Rayon, EM",geonames,3517217
Omega Gardens,KY,-81.32675,19.29239,8589,Omega Gardens,geonames,3580562
Chester,IL,-89.82205,37.91366,8588,"Chester, IL",geonames,4235724
Santa Elena,BZ,-89.05462,17.16142,8587,"Santa Elena, BZ",geonames,3581143
Virginia,MN,-92.53657,47.52326,8587,"Virginia, MN",geonames,5051468
Weare,NH,-71.73063,43.0948,8583,"Weare, NH",geonames,5094329
Jesus Gomez Portugal,AG,-102.29087,21.9988,8579,Jesus Gomez Portugal,geonames,3996585
Mecca,CA,-116.0782,33.57219,8577,"Mecca, CA",geonames,5371965
Thompsonville,CT,-72.59898,41.99704,8577,"Thompsonville, CT",geonames,4844200
Carencro,LA,-92.04901,30.31714,8575,"Carencro, LA",geonames,4319030
Miguel Ahumada,CH,-106.51222,30.61861,8575,"Miguel Ahumada, CH",geonames,3980207
Des Peres,MO,-90.4329,38.60089,8572,"Des Peres, MO",geonames,4383778
Southside,AL,-86.02247,33.92454,8572,"Southside, AL",geonames,4091058
Gourbeyre,GP,-61.69203,15.99454,8571,Gourbeyre,geonames,3579267
Malverne,NY,-73.67402,40.67899,8571,"Malverne, NY",geonames,5125734
San Luis,BC,-116.95361,32.43167,8571,"San Luis, BC",geonames,8599025
Bonadelle Ranchos-Madera Ranchos,CA,-119.87463,36.98467,8569,"Bonadelle Ranchos-Madera Ranchos, CA",geonames,7260929
Crockett,TX,-101.3767,30.6517,8569,"Crockett, TX",curated,
Siparia,TT,-61.5074,10.14525,8568,Siparia,geonames,3573681
Carbondale,PA,-75.50185,41.57369,8566,"Carbondale, PA",geonames,5183204
Belford Estates,KY,-81.2464,19.28472,8558,Belford Estates,geonames,3580751
Pease Bay,KY,-81.24166,19.28781,8558,Pease Bay,geonames,3580557
Petit-Canal,GP,-61.48716,16.37913,8554,Petit-Canal,geonames,3578681
Stony Hill,JM,-76.79,18.07716,8551,Stony Hill,geonames,3488380
Lowell,AR,-94.13076,36.25535,8549,"Lowell, AR",geonames,4119972
North Haledon,NJ,-74.18598,40.9551,8548,"North Haledon, NJ",geonames,5101922
North Madison,OH,-81.056,41.825,8547,"North Madison, OH",geonames,5164840
San Lucas el Grande,PU,-98.47833,19.30583,8546,"San Lucas el Grande, PU",geonames,8858177
Country Club Estates,GA,-81.46427,31.21273,8545,"Country Club Estates, GA",geonames,4189613
Cold Springs,NV,-119.97659,39.68019,8544,"Cold Springs, NV",geonames,5502015
Linganore,MD,-77.302,39.411,8543,"Linganore, MD",geonames,4360700
Calimesa,CA,-117.06198,34.0039,8542,"Calimesa, CA",geonames,5332957
Westwego,LA,-90.1423,29.90604,8542,"Westwego, LA",geonames,4345968
Richmond Heights,FL,-80.36894,25.63149,8541,"Richmond Heights, FL",geonames,4170000
Colonia Rincon Viejo,OA,-95.04731,16.88678,8540,"Colonia Rincon Viejo, OA",geonames,3520281
Bacobampo,SO,-109.6535,26.98239,8539,"Bacobampo, SO",geonames,4017354
Sunset Hills,MO,-90.40734,38.53894,8539,"Sunset Hills, MO",geonames,4410836
Winchester,TN,-86.11221,35.18592,8539,"Winchester, TN",geonames,4668336
Holualoa,HI,-155.94831,19.61979,8538,"Holualoa, HI",geonames,5856050
Lake Park,FL,-80.06643,26.80034,8538,"Lake Park, FL",geonames,4161334
Earlimart,CA,-119.27233,35.88412,8537,"Earlimart, CA",geonames,5344702
Ladysmith,BC,-123.81699,48.99016,8537,"Ladysmith, BC",geonames,6047817
Elsmere,KY,-84.60467,39.01256,8536,Elsmere,geonames,4291156
Lincoln City,OR,-124.01789,44.95816,8536,"Lincoln City, OR",geonames,5736645
Piedra Blanca,DO,-70.31688,18.84431,8531,Piedra Blanca,geonames,3494863
Aransas Pass,TX,-97.14999,27.90947,8530,"Aransas Pass, TX",geonames,4671141
Signal Mountain,TN,-85.34385,35.12257,8528,"Signal Mountain, TN",geonames,4657633
North Weeki Wachee,FL,-82.55888,28.55014,8524,"North Weeki Wachee, FL",geonames,7260514
Jilotzingo,EM,-99.06194,19.86889,8523,"Jilotzingo, EM",geonames,3526499
Alliance,NE,-102.87215,42.10163,8522,"Alliance, NE",geonames,5693164
Northfield,NJ,-74.55015,39.37039,8521,"Northfield, NJ",geonames,4503316
Temperance,MI,-83.56882,41.77921,8517,"Temperance, MI",geonames,5011989
Cuacnopalan,PU,-97.51116,18.81758,8516,"Cuacnopalan, PU",geonames,3530056
Guarita,HN,-88.81667,14.18333,8509,"Guarita, HN",geonames,3609233
San Andres Azumiatla,PU,-98.25278,18.90417,8509,"San Andres Azumiatla, PU",geonames,8858178
Saint-Esprit,MQ,-60.93333,14.55,8508,Saint-Esprit,geonames,3570410
Bradford,PA,-78.64392,41.9559,8507,"Bradford, PA",geonames,5181407
Westlake Village,CA,-118.80565,34.14584,8507,"Westlake Village, CA",geonames,5408395
Monson,MA,-72.31897,42.10426,8505,"Monson, MA",geonames,4944350
Plymouth,WI,-87.97704,43.74861,8505,"Plymouth, WI",geonames,5267585
Jefferson City,TN,-83.4924,36.12231,8504,"Jefferson City, TN",geonames,4632959
Albro Lake,NS,-63.58129,44.68414,8503,"Albro Lake, NS",geonames,5883214
Corrales,NM,-106.60669,35.23782,8502,"Corrales, NM",geonames,5463237
Aguadulce,PA,-80.53978,8.24146,8501,"Aguadulce, PA",geonames,3715042
Tlahuelilpan,HG,-99.23145,20.13076,8498,"Tlahuelilpan, HG",geonames,3515459
Clayton,NJ,-75.09212,39.66011,8493,"Clayton, NJ",geonames,4501265
Mystic Island,NJ,-74.38237,39.54428,8493,"Mystic Island, NJ",geonames,4503204
Ciudad Barrios,SV,-88.26667,13.76667,8491,"Ciudad Barrios, SV",geonames,3586983
Orrville,OH,-81.76402,40.84367,8491,"Orrville, OH",geonames,5165755
Franklin,VA,-76.92246,36.67765,8490,"Franklin, VA",geonames,4759986
Northridge,OH,-84.19689,39.80756,8487,"Northridge, OH",geonames,4519951
Wakefield-Peacedale,RI,-71.5004,41.44606,8487,"Wakefield-Peacedale, RI",geonames,7257663
Padre Las Casas,DO,-70.93917,18.73172,8485,Padre Las Casas,geonames,3495664
Richmond Heights,MO,-90.31956,38.62866,8481,"Richmond Heights, MO",geonames,4405589
Woodburn,VA,-77.23605,38.84745,8480,"Woodburn, VA",geonames,8480064
Zona Colonial,DO,-69.88644,18.47,8477,Zona Colonial,geonames,7290233
Spotswood,NJ,-74.39848,40.39177,8476,"Spotswood, NJ",geonames,5104907
Mount Rainier,MD,-76.96498,38.9415,8475,"Mount Rainier, MD",geonames,4363124
North Elba,NY,-73.95431,44.24338,8474,"North Elba, NY",geonames,5129029
Tuscumbia,AL,-87.70253,34.7312,8474,"Tuscumbia, AL",geonames,4094484
Gonzales,CA,-121.44438,36.50663,8473,"Gonzales, CA",geonames,5352997
Freetown,MA,-71.03282,41.76677,8472,"Freetown, MA",geonames,4937355
Indian Harbour Beach,FL,-80.58839,28.1489,8471,"Indian Harbour Beach, FL",geonames,4159608
Perkasie,PA,-75.29268,40.37205,8471,"Perkasie, PA",geonames,5205638
Acayuca,HG,-98.8411,20.02567,8470,"Acayuca, HG",geonames,3533428
Jerseyville,IL,-90.32845,39.12005,8469,"Jerseyville, IL",geonames,4241822
Cul de Sac,SX,-63.06513,18.04852,8467,Cul de Sac,geonames,3513794
Fairless Hills,PA,-74.85516,40.17955,8466,"Fairless Hills, PA",geonames,5189091
Chiantla,GUA,-91.45807,15.35484,8465,Chiantla,geonames,3598692
Dormont,PA,-80.03311,40.3959,8465,"Dormont, PA",geonames,5187150
Ario de Rayon,MI,-102.34698,20.02632,8464,"Ario de Rayon, MI",geonames,4018255
Otterburn Park,QC,-73.21585,45.53338,8464,"Otterburn Park, QC",geonames,6094884
South Kensington,MD,-77.071,39.013,8462,"South Kensington, MD",geonames,4369976
Hamilton Worcester,MA,-71.76757,42.2562,8460,"Hamilton Worcester, MA",geonames,4938697
El Higo,VE,-98.45186,21.76708,8459,"El Higo, VE",geonames,3528894
Kensington,CT,-72.76871,41.63538,8459,"Kensington, CT",geonames,4837222
Fallon,NV,-118.77737,39.47353,8458,"Fallon, NV",geonames,5503914
Dauphin,MB,-100.05023,51.14941,8457,"Dauphin, MB",geonames,5935341
San Gaspar Tlahuelilpan,EM,-99.54568,19.2429,8456,"San Gaspar Tlahuelilpan, EM",geonames,3817591
Elwood,IN,-85.84192,40.27698,8455,"Elwood, IN",geonames,4920041
Rossmoor,MD,-77.07109,39.10372,8453,"Rossmoor, MD",geonames,4367417
Cambridge,MN,-93.22439,45.57274,8451,"Cambridge, MN",geonames,5020068
Haledon,NJ,-74.18626,40.93565,8451,"Haledon, NJ",geonames,5098794
Franklin,NH,-71.6473,43.44424,8450,"Franklin, NH",geonames,5086344
Arteaga,CO,-100.84667,25.44528,8446,"Arteaga, CO",geonames,4018127
Beverly Hills,FL,-82.45815,28.91692,8445,"Beverly Hills, FL",geonames,4147581
Greenville,MI,-85.2528,43.17753,8444,"Greenville, MI",geonames,4994763
Glens Falls North,NY,-73.68251,43.33506,8443,"Glens Falls North, NY",geonames,7258652
Alderwood Manor,WA,-122.261,47.808,8442,"Alderwood Manor, WA",geonames,5785453
Montvale,NJ,-74.02292,41.04676,8442,"Montvale, NJ",geonames,5101361
Boonton,NJ,-74.4071,40.9026,8441,"Boonton, NJ",geonames,5095826
Perry Heights,OH,-81.47345,40.79534,8441,"Perry Heights, OH",geonames,5166482
Rancho Alegre [Fraccionamiento],JA,-103.25778,20.47361,8441,"Rancho Alegre [Fraccionamiento], JA",geonames,8858179
Oak Grove,MN,-93.3269,45.3408,8439,"Oak Grove, MN",geonames,5039857
Bryan,OH,-84.55245,41.47477,8436,"Bryan, OH",geonames,5148533
Pajapan,VE,-94.69172,18.26267,8434,"Pajapan, VE",geonames,3522186
Yelm,WA,-122.60596,46.94204,8434,"Yelm, WA",geonames,5816656
Audubon,PA,-75.43185,40.12788,8433,"Audubon, PA",geonames,5178686
Mount Pleasant,IA,-91.55794,40.96364,8433,"Mount Pleasant, IA",geonames,4868205
Paris,IL,-87.69614,39.61115,8432,"Paris, IL",geonames,4246659
Winnemucca,NV,-117.7357,40.973,8431,"Winnemucca, NV",curated,
Drumheller,AB,-112.71011,51.46171,8430,"Drumheller, AB",geonames,5942798
Pineville,NC,-80.8923,35.0832,8429,"Pineville, NC",geonames,4485305
San Miguel Duenas,GUA,-90.79938,14.52241,8424,San Miguel Duenas,geonames,3589727
Charlestown,RI,-71.64173,41.38316,8421,"Charlestown, RI",geonames,5221384
Millersville,PA,-76.35413,39.99788,8420,"Millersville, PA",geonames,4559685
Mundo Nuevo,VE,-94.38881,18.08755,8420,"Mundo Nuevo, VE",geonames,3823979
San Juan Tilapa,EM,-99.66012,19.22021,8420,"San Juan Tilapa, EM",geonames,3827274
Los Altos Hills,CA,-122.13746,37.37966,8419,"Los Altos Hills, CA",geonames,5368346
Barrington,NH,-71.04701,43.22286,8417,"Barrington, NH",geonames,5083023
Riverside,CT,-73.57818,41.03371,8416,"Riverside, CT",geonames,4841527
Birch Bay,WA,-122.74462,48.91789,8413,"Birch Bay, WA",geonames,5787316
Cooper's Town,BS,-77.51131,26.87137,8413,Cooper's Town,geonames,3572601
Coyutla,VE,-97.65824,20.2472,8413,"Coyutla, VE",geonames,3530110
Santa Rita Tlahuapan,PU,-98.57688,19.33211,8412,"Santa Rita Tlahuapan, PU",geonames,3517095
Wyoming,OH,-84.46578,39.23117,8411,"Wyoming, OH",geonames,4528793
Lansdowne,MD,-76.66052,39.24511,8409,"Lansdowne, MD",geonames,4360328
Lake Elmo,MN,-92.87938,44.9958,8406,"Lake Elmo, MN",geonames,5033762
Hoquiam,WA,-123.88933,46.98092,8405,"Hoquiam, WA",geonames,5797693
Boonville,MO,-92.74324,38.97364,8403,"Boonville, MO",geonames,4377957
Bedminster,PA,-75.17906,40.42594,8402,"Bedminster, PA",geonames,5179641
Gateway,FL,-81.75036,26.57757,8401,"Gateway, FL",geonames,4156601
Bogota,NJ,-74.02986,40.87621,8400,"Bogota, NJ",geonames,5095808
Cunen,GUA,-91.02776,15.33626,8400,Cunen,geonames,3597772
Cypress,AB,-110.679,50.043,8400,"Cypress, AB",curated,
Ionia,MI,-85.0714,42.947,8400,"Ionia, MI",curated,
Yerbabuena,GT,-101.27448,20.96319,8399,"Yerbabuena, GT",geonames,3979923
Cuapiaxtla,TL,-97.7688,19.29588,8398,"Cuapiaxtla, TL",geonames,3530033
Perryville,MO,-89.86122,37.72422,8398,"Perryville, MO",geonames,4402998
Highland Heights,OH,-81.47845,41.552,8396,"Highland Heights, OH",geonames,5157497
King City,ON,-79.52694,43.92856,8396,"King City, ON",geonames,5992211
Siler City,NC,-79.46224,35.72347,8396,"Siler City, NC",geonames,4491651
Breaux Bridge,LA,-91.89928,30.27353,8395,"Breaux Bridge, LA",geonames,4317801
Harrodsburg,KY,-84.84329,37.7623,8394,Harrodsburg,geonames,4294180
Rice Lake,WI,-91.73823,45.50607,8391,"Rice Lake, WI",geonames,5268798
August,CA,-121.26217,37.97881,8390,"August, CA",geonames,5325256
San Pedro Buenavista,CS,-93.11667,16.08333,8390,"San Pedro Buenavista, CS",geonames,3518014
Delavan,WI,-88.64371,42.63307,8389,"Delavan, WI",geonames,5250399
Jocotan,GUA,-89.38991,14.82072,8387,Jocotan,geonames,3595181
Guntersville,AL,-86.29446,34.35823,8385,"Guntersville, AL",geonames,4065649
Glenside,PA,-75.15212,40.10233,8384,"Glenside, PA",geonames,5191327
Zacapoaxtla,PU,-97.58899,19.87271,8384,"Zacapoaxtla, PU",geonames,3514179
Bois-des-Filion,QC,-73.74918,45.66678,8383,"Bois-des-Filion, QC",geonames,5905152
Menominee,MI,-87.61427,45.10776,8382,"Menominee, MI",geonames,5001669
Bow Bog,NH,-71.51146,43.12064,8381,"Bow Bog, NH",geonames,5083673
Runnemede,NJ,-75.06795,39.85234,8381,"Runnemede, NJ",geonames,4503953
Upper Saddle River,NJ,-74.09848,41.05843,8379,"Upper Saddle River, NJ",geonames,5105733
Price,UT,-110.81071,39.59941,8378,"Price, UT",geonames,5545269
Sanatoga,PA,-75.59518,40.2451,8378,"Sanatoga, PA",geonames,5210764
Floris,VA,-77.41277,38.93706,8375,"Floris, VA",geonames,4759430
Necaxa,PU,-98.01188,20.21271,8375,"Necaxa, PU",geonames,3522777
Tecumseh,MI,-83.94494,42.00393,8372,"Tecumseh, MI",geonames,5011973
Ex-Rancho San Dimas,EM,-99.56528,19.17389,8371,"Ex-Rancho San Dimas, EM",geonames,8858180
Dalhart,TX,-102.51325,36.05948,8370,"Dalhart, TX",geonames,5519862
Golden Valley,AZ,-114.22301,35.22333,8370,"Golden Valley, AZ",geonames,5296189
Mahopac,NY,-73.73346,41.37232,8369,"Mahopac, NY",geonames,5125657
Seye,YU,-89.37221,20.83759,8369,"Seye, YU",geonames,3516683
Saint Joseph,MI,-86.48002,42.10976,8365,"Saint Joseph, MI",geonames,5008327
Lakes,AK,-149.30861,61.60713,8364,"Lakes, AK",geonames,7262905
Smithfield,VA,-76.63107,36.98237,8364,"Smithfield, VA",geonames,4786274
Congers,NY,-73.94542,41.15065,8363,"Congers, NY",geonames,5113500
Ocean Pointe,HI,-158.03638,21.31066,8361,"Ocean Pointe, HI",geonames,7315246
Bridgeport,WV,-80.2562,39.28648,8359,"Bridgeport, WV",geonames,4800081
Brockport,NY,-77.93918,43.21367,8357,"Brockport, NY",geonames,5110227
Wesley Chapel,NC,-80.67451,35.00709,8355,"Wesley Chapel, NC",geonames,4498075
Miles City,MT,-105.8406,46.4083,8354,"Miles City, MT",curated,
Half Moon,NC,-77.45941,34.826,8352,"Half Moon, NC",geonames,4469607
Jacarandas,VE,-96.85278,19.49556,8351,"Jacarandas, VE",geonames,8858181
Oberlin,OH,-82.21738,41.29394,8350,"Oberlin, OH",geonames,5165445
Rio Vista,CA,-121.69583,38.16389,8348,"Rio Vista, CA",geonames,7536026
Johnstown,NY,-74.36764,43.00674,8345,"Johnstown, NY",geonames,5122833
Le Lorrain,MQ,-61.05553,14.83257,8341,Le Lorrain,geonames,3570427
Skidaway Island,GA,-81.04705,31.93494,8341,"Skidaway Island, GA",geonames,4223004
Castlegar,BC,-117.65831,49.32317,8338,"Castlegar, BC",geonames,5918118
Hornell,NY,-77.6611,42.32785,8336,"Hornell, NY",geonames,5121283
Denison,IA,-95.35528,42.01777,8334,"Denison, IA",geonames,4853757
Gering,NE,-103.6605,41.8258,8334,"Gering, NE",geonames,5695604
Roxboro,NC,-78.98279,36.39375,8334,"Roxboro, NC",geonames,4489200
El Pino,EM,-98.94833,19.35139,8332,"El Pino, EM",geonames,8858182
Saint Marys,OH,-84.3894,40.54227,8332,"Saint Marys, OH",geonames,5169796
Fairview,TN,-87.1214,35.98201,8331,"Fairview, TN",geonames,4621503
Alpuyeca,MO,-99.25937,18.74006,8330,"Alpuyeca, MO",geonames,3533020
Firebaugh,CA,-120.45601,36.85884,8330,"Firebaugh, CA",geonames,5348299
Concordia,SI,-106.06389,23.28694,8328,"Concordia, SI",geonames,3976324
South Lockport,NY,-78.6967,43.15006,8324,"South Lockport, NY",geonames,5138918
Burtonsville,MD,-76.93248,39.11122,8323,"Burtonsville, MD",geonames,4349903
Folsom,PA,-75.32519,39.88983,8323,"Folsom, PA",geonames,4558002
Hillsboro,TX,-97.13001,32.01099,8321,"Hillsboro, TX",geonames,4697867
Center Line,MI,-83.0277,42.48504,8320,"Center Line, MI",geonames,4988400
Cosolapa,OA,-96.6836,18.60074,8320,"Cosolapa, OA",geonames,3530168
Absecon,NJ,-74.49571,39.42845,8317,"Absecon, NJ",geonames,4500458
Fountain Inn,SC,-82.19567,34.68901,8317,"Fountain Inn, SC",geonames,4579043
Tepetitla,TL,-98.37645,19.26531,8316,"Tepetitla, TL",geonames,3515870
Williston,VT,-73.06818,44.43755,8314,"Williston, VT",geonames,5243008
Humboldt,TN,-88.9159,35.81979,8313,"Humboldt, TN",geonames,4631291
Litchfield,NH,-71.47979,42.84425,8307,"Litchfield, NH",geonames,5088753
Fort Mitchell,KY,-84.54744,39.0595,8306,Fort Mitchell,geonames,4292067
Banff,AB,-115.56982,51.17622,8305,"Banff, AB",geonames,5892532
Bath,ME,-69.8206,43.91064,8305,"Bath, ME",geonames,4957570
Ashland,NJ,-75.006,39.86317,8302,"Ashland, NJ",geonames,4500538
North Bay Village,FL,-80.15394,25.84621,8302,"North Bay Village, FL",geonames,4166105
Doylestown,PA,-75.12989,40.31011,8301,"Doylestown, PA",geonames,5187247
Cedar Hills,OR,-122.79843,45.50484,8300,"Cedar Hills, OR",geonames,5718480
Mayo,MD,-76.5119,38.88761,8298,"Mayo, MD",geonames,4362001
San Pedro Piedra Gorda,ZA,-102.34558,22.45001,8297,"San Pedro Piedra Gorda, ZA",geonames,3985008
Arab,AL,-86.49582,34.31815,8295,"Arab, AL",geonames,4830455
Cheviot,OH,-84.61328,39.157,8295,"Cheviot, OH",geonames,4508465
Shiprock,NM,-108.68703,36.78555,8295,"Shiprock, NM",geonames,5491288
Kapuskasing,ON,-82.43308,49.41694,8292,"Kapuskasing, ON",geonames,5989403
Santiago,CR,-84.31428,9.84636,8292,"Santiago, CR",geonames,3621524
Pleasant Hill,MO,-94.26939,38.78751,8289,"Pleasant Hill, MO",geonames,4403710
Topanga,CA,-118.60147,34.09362,8289,"Topanga, CA",geonames,5402961
Sugarmill Woods,FL,-82.50621,28.73221,8287,"Sugarmill Woods, FL",geonames,4174252
Little Cottonwood Creek Valley,UT,-111.82938,40.60439,8285,"Little Cottonwood Creek Valley, UT",geonames,5555083
Hobart,WI,-88.14986,44.49925,8283,"Hobart, WI",geonames,8478940
San Pedro Atocpan,DF,-99.04963,19.2016,8283,"San Pedro Atocpan, DF",geonames,3827380
Toccoa,GA,-83.33239,34.57732,8283,"Toccoa, GA",geonames,4226722
Lake Carmel,NY,-73.67096,41.46148,8282,"Lake Carmel, NY",geonames,5123777
Lerma,CM,-90.60088,19.80404,8281,"Lerma, CM",geonames,3524388
Blanchard,OK,-97.65809,35.13784,8280,"Blanchard, OK",geonames,4530883
Oroville East,CA,-121.47519,39.51126,8280,"Oroville East, CA",geonames,7262050
Seneca,SC,-82.9532,34.68566,8279,"Seneca, SC",geonames,4595346
Black Mountain,NC,-82.32123,35.6179,8278,"Black Mountain, NC",geonames,4456121
Kings Grant,NC,-77.8636,34.26295,8278,"Kings Grant, NC",geonames,4474382
Makaha,HI,-158.21037,21.46627,8278,"Makaha, HI",geonames,5850511
San Luis Acatlan,GR,-98.73331,16.80901,8276,"San Luis Acatlan, GR",geonames,3518491
Pike Road,AL,-86.10302,32.28431,8274,"Pike Road, AL",geonames,4083073
Lewistown,PA,-77.57138,40.59924,8271,"Lewistown, PA",geonames,5197850
Campo Florido,CU,-81.00167,22.81222,8269,Campo Florido,geonames,3565938
Croton-on-Hudson,NY,-73.89125,41.20843,8269,"Croton-on-Hudson, NY",geonames,5114221
East Foothills,CA,-121.81745,37.38105,8269,"East Foothills, CA",geonames,5344844
Bithlo,FL,-81.10645,28.55472,8268,"Bithlo, FL",geonames,4148012
Charles Village,MD,-76.6133,39.32316,8267,"Charles Village, MD",geonames,4351065
Athol,MA,-72.22675,42.59592,8265,"Athol, MA",geonames,4929376
Hopkinton,RI,-71.77757,41.46121,8261,"Hopkinton, RI",geonames,5222680
Rapid Valley,SD,-103.14629,44.06249,8260,"Rapid Valley, SD",geonames,5768244
Brookland,DC,-76.98414,38.93289,8259,Washington D.C.,geonames,4137828
Rolling Hills Estates,CA,-118.35813,33.78779,8258,"Rolling Hills Estates, CA",geonames,5388601
Discovery Bay,JM,-77.39997,18.45873,8257,Discovery Bay,geonames,3490716
Fabens,TX,-106.15859,31.50234,8257,"Fabens, TX",geonames,5521233
Concord,ON,-79.48291,43.80011,8255,"Concord, ON",geonames,5926526
Claymont,DE,-75.45964,39.80067,8253,"Claymont, DE",geonames,4141974
Nevada,MO,-94.35467,37.83921,8253,"Nevada, MO",geonames,4400203
Bellevue,PA,-80.05172,40.49396,8252,"Bellevue, PA",geonames,5179811
Pleasant Hills,PA,-79.96061,40.33563,8252,"Pleasant Hills, PA",geonames,5206510
The Parks At Walter Reed,DC,-77.02956,38.97399,8252,Washington D.C.,geonames,13526899
Elkhorn,NE,-96.256,41.345,8251,"Elkhorn, NE",geonames,5067545
San Juan Xiutetelco,PU,-97.32578,19.79563,8251,"San Juan Xiutetelco, PU",geonames,3518602
Jesus Maria,JA,-102.21974,20.60744,8249,"Jesus Maria, JA",geonames,4004004
Wood-Ridge,NJ,-74.08792,40.84566,8249,"Wood-Ridge, NJ",geonames,5106520
Conover,NC,-81.21869,35.70652,8248,"Conover, NC",geonames,4461696
Les Anglais,HT,-74.21968,18.3054,8247,Les Anglais,geonames,3722253
Jalapilla,VE,-97.08878,18.82555,8245,"Jalapilla, VE",geonames,3526613
Castle Shannon,PA,-80.02228,40.36479,8235,"Castle Shannon, PA",geonames,5183428
Essex,ON,-82.82483,42.17509,8233,"Essex, ON",geonames,5949531
San Juan Tepulco,PU,-97.98847,19.11709,8232,"San Juan Tepulco, PU",geonames,3515806
Boischatel,QC,-71.1448,46.89434,8231,"Boischatel, QC",geonames,6695248
Vinton,VA,-79.89698,37.28097,8231,"Vinton, VA",geonames,4791237
Notre-Dame-des-Prairies,QC,-73.43245,46.05007,8230,"Notre-Dame-des-Prairies, QC",geonames,6091422
Albion,MI,-84.75303,42.2431,8229,"Albion, MI",geonames,4983905
Helena Valley Southeast,MT,-111.92156,46.61527,8227,"Helena Valley Southeast, MT",geonames,7261423
Tremonton,UT,-112.16551,41.71187,8227,"Tremonton, UT",geonames,5783768
Saint Anthony,MN,-93.218,45.02052,8226,"Saint Anthony, MN",geonames,5044290
Fair Oaks,GA,-84.54465,33.91649,8225,"Fair Oaks, GA",geonames,4194111
Renfrew,ON,-76.68272,45.46681,8223,"Renfrew, ON",geonames,6119448
Sangaree,SC,-80.12787,33.03545,8220,"Sangaree, SC",geonames,4594971
Spring Valley Lake,CA,-117.26832,34.49364,8220,"Spring Valley Lake, CA",geonames,8481842
Boiling Springs,SC,-81.98177,35.04651,8219,"Boiling Springs, SC",geonames,4571805
Oradell,NJ,-74.03681,40.95871,8218,"Oradell, NJ",geonames,5102208
Eaton,OH,-84.63662,39.74394,8217,"Eaton, OH",geonames,4510719
Santa Cruz,JM,-77.69836,18.05336,8217,Santa Cruz,geonames,3488620
Bloomingdale,NJ,-74.32654,41.00204,8215,"Bloomingdale, NJ",geonames,5095786
Coaldale,AB,-112.61854,49.7167,8215,"Coaldale, AB",geonames,5924417
Kenilworth,NJ,-74.2907,40.67649,8215,"Kenilworth, NJ",geonames,5100007
Hooper,UT,-112.12244,41.16383,8214,"Hooper, UT",geonames,5776092
Heath,TX,-96.47499,32.83651,8211,"Heath, TX",geonames,4696876
Kenton,OH,-83.60965,40.647,8211,"Kenton, OH",geonames,5159554
McFarland,WI,-89.28984,43.0125,8209,"McFarland, WI",geonames,5262262
Pewaukee,WI,-88.2612,43.08057,8208,"Pewaukee, WI",geonames,5266731
San Miguel Totocuitlapilco,EM,-99.59417,19.22889,8207,"San Miguel Totocuitlapilco, EM",geonames,3827264
Nuevo Necaxa,PU,-98.00657,20.21049,8203,"Nuevo Necaxa, PU",geonames,9092178
Ketchikan,AK,-131.64757,55.3418,8197,"Ketchikan, AK",geonames,5554428
Lincoln,MA,-71.30395,42.42593,8197,"Lincoln, MA",geonames,4942021
Tanaina,AK,-149.42806,61.62694,8197,"Tanaina, AK",geonames,5875796
Delmar,NY,-73.83262,42.62202,8195,"Delmar, NY",geonames,5114831
Dryden,ON,-92.75032,49.78334,8195,"Dryden, ON",geonames,5942913
Humphrey,NB,-64.77797,46.11987,8195,"Humphrey, NB",geonames,5978464
Oak Hills Place,LA,-91.0876,30.35992,8195,"Oak Hills Place, LA",geonames,4335754
Kulpsville,PA,-75.33656,40.24288,8194,"Kulpsville, PA",geonames,5196605
Grove City,PA,-80.08867,41.15784,8193,"Grove City, PA",geonames,5192184
Wynne,AR,-90.78678,35.22453,8193,"Wynne, AR",geonames,4137215
Crete,IL,-87.63143,41.44448,8191,"Crete, IL",geonames,4889120
Caribou,ME,-68.0117,46.8606,8189,"Caribou, ME",curated,
Whitehouse,TX,-95.2255,32.22682,8189,"Whitehouse, TX",geonames,4741641
Triangle,VA,-77.33665,38.54679,8188,"Triangle, VA",geonames,4790025
Vicente Guerrero,TB,-92.89549,18.38932,8188,"Vicente Guerrero, TB",geonames,3802144
Union y Progreso,VE,-97.11917,18.87278,8181,"Union y Progreso, VE",geonames,8858183
Congress Heights,DC,-77.00025,38.84289,8180,Washington D.C.,geonames,4138120
Ripley,TN,-89.5298,35.74536,8176,"Ripley, TN",geonames,4653228
Mision San Pablo,NL,-100.14417,25.74,8174,"Mision San Pablo, NL",geonames,8858184
Blackburn Hamlet,ON,-75.56462,45.43671,8173,"Blackburn Hamlet, ON",geonames,5902353
Geneseo,NY,-77.81695,42.7959,8173,"Geneseo, NY",geonames,5118394
Rinconada,VE,-96.56798,19.3565,8173,"Rinconada, VE",geonames,3520319
Laurel,FL,-82.46158,27.14378,8171,"Laurel, FL",geonames,4161659
East Somerville,MA,-71.0839,42.38673,8170,"East Somerville, MA",geonames,4935509
Farmville,VA,-78.39194,37.3021,8169,"Farmville, VA",geonames,4758495
San Pablo Villa de Mitla,OA,-96.36288,16.92168,8167,"San Pablo Villa de Mitla, OA",geonames,3518117
Greenbriar,VA,-77.40082,38.87345,8166,"Greenbriar, VA",geonames,4762155
Long Grove,IL,-87.99785,42.17836,8166,"Long Grove, IL",geonames,4900416
Bedminster,NJ,-74.64544,40.68066,8165,"Bedminster, NJ",geonames,5095528
Monona,WI,-89.33401,43.06222,8164,"Monona, WI",geonames,5263323
Pajapita,GUA,-92.03521,14.72152,8164,Pajapita,geonames,3591885
Hillsdale,MI,-84.63051,41.92005,8163,"Hillsdale, MI",geonames,4996107
Taber,AB,-112.14603,49.78703,8163,"Taber, AB",geonames,6160919
Pismo Beach,CA,-120.64128,35.14275,8162,"Pismo Beach, CA",geonames,5383431
Colonia Emiliano Zapata,CH,-105.61172,28.37134,8161,"Colonia Emiliano Zapata, CH",geonames,4013377
Copoya,CS,-93.12089,16.71191,8160,"Copoya, CS",geonames,3530248
Tatahuicapan,VE,-94.76124,18.24621,8159,"Tatahuicapan, VE",geonames,3516234
Chestnut Ridge,NY,-74.0557,41.08426,8158,"Chestnut Ridge, NY",geonames,5112493
Hillside,IL,-87.90284,41.87781,8155,"Hillside, IL",geonames,4895971
Atotonilco de Tula,HG,-99.21804,20.0077,8154,"Atotonilco de Tula, HG",geonames,3532576
Fairdale,KY,-85.75885,38.10507,8148,Fairdale,geonames,4291373
Moyuta,GUA,-90.08083,14.03861,8145,Moyuta,geonames,3592322
Oak Hill,WV,-81.14871,37.97233,8140,"Oak Hill, WV",geonames,4816993
Petit Valley,TT,-61.54717,10.69974,8140,Petit Valley,geonames,3573935
Buxton,ME,-70.51894,43.63786,8136,"Buxton, ME",geonames,4959799
Hailey,ID,-114.31532,43.51963,8134,"Hailey, ID",geonames,5594956
Savoy,IL,-88.25172,40.05475,8133,"Savoy, IL",geonames,4910663
Diamondhead,MS,-89.36394,30.39464,8132,"Diamondhead, MS",geonames,4423888
Park City,UT,-111.49797,40.64606,8128,"Park City, UT",geonames,5779451
St. Paul Parish,AG,-61.76928,17.0234,8128,St. Paul Parish,geonames,13590582
London,KY,-84.08326,37.12898,8126,London,geonames,4298960
Shelburne,ON,-80.20408,44.0787,8126,"Shelburne, ON",geonames,6145890
Glover Park,DC,-77.0772,38.92094,8124,Washington D.C.,geonames,4138926
Jonacatepec,MO,-98.80336,18.68081,8123,"Jonacatepec, MO",geonames,3526458
Saint Rose,LA,-90.32313,29.94687,8122,"Saint Rose, LA",geonames,4340551
Abingdon,VA,-81.97735,36.70983,8119,"Abingdon, VA",geonames,4743815
New Baltimore,VA,-77.72833,38.76734,8119,"New Baltimore, VA",geonames,4775660
Isla Soyaltepec,OA,-96.48325,18.20107,8116,"Isla Soyaltepec, OA",geonames,3801262
Mahtomedi,MN,-92.9516,45.06969,8116,"Mahtomedi, MN",geonames,5036295
Wytheville,VA,-81.08481,36.94845,8115,"Wytheville, VA",geonames,4794837
Nuevo Progreso,GUA,-91.91946,14.79174,8113,Nuevo Progreso,geonames,3592108
Brazil,IN,-87.12502,39.52365,8109,"Brazil, IN",geonames,4254884
Boulder Hill,IL,-88.33618,41.71253,8108,"Boulder Hill, IL",geonames,4885336
Oakdale,NY,-73.78013,42.2512,8107,"Oakdale, NY",geonames,5129540
Beebe,AR,-91.87959,35.07064,8106,"Beebe, AR",geonames,4100984
Warrenton,MO,-91.14154,38.81144,8106,"Warrenton, MO",geonames,4413598
Baldwin Harbor,NY,-73.60846,40.63955,8102,"Baldwin Harbor, NY",geonames,5107771
La Negreta,QT,-100.45109,20.52744,8100,"La Negreta, QT",geonames,4001188
Richland Hills,TX,-97.22807,32.81596,8098,"Richland Hills, TX",geonames,4722668
Chinacla,HN,-88.0,14.16667,8096,"Chinacla, HN",geonames,3613612
San Jeronimo,GUA,-90.2405,15.06032,8093,San Jeronimo,geonames,3590114
San Martin Hidalgo,JA,-103.92878,20.43538,8092,"San Martin Hidalgo, JA",geonames,3985504
Oak Brook,IL,-87.92895,41.83281,8091,"Oak Brook, IL",geonames,4904277
Perry,IA,-94.10718,41.8386,8089,"Perry, IA",geonames,4871019
Charlestown,IN,-85.67024,38.45312,8088,"Charlestown, IN",geonames,4255704
Flushing,MI,-83.85107,43.06308,8086,"Flushing, MI",geonames,4993022
Nuevo Celilac,HN,-88.33333,14.98333,8086,"Nuevo Celilac, HN",geonames,3604376
Saint-Hippolyte,QC,-74.0159,45.93338,8083,"Saint-Hippolyte, QC",geonames,6138352
Tenextepango,MO,-98.95778,18.72889,8083,"Tenextepango, MO",geonames,8858185
Latrobe,PA,-79.37948,40.32118,8081,"Latrobe, PA",geonames,5197227
Concepcion Chiquirichapa,GUA,-91.6236,14.8551,8080,Concepcion Chiquirichapa,geonames,3597993
Hillview,KY,-85.68551,38.06979,8080,Hillview,geonames,4294858
Island Lake,IL,-88.19203,42.27613,8080,"Island Lake, IL",geonames,4897579
Manhasset,NY,-73.69957,40.79788,8080,"Manhasset, NY",geonames,5125766
Brookhaven,PA,-75.38241,39.86928,8078,"Brookhaven, PA",geonames,4556793
Montpelier,VT,-72.5754,44.2601,8075,"Montpelier, VT",curated,
Mount Joy,PA,-76.5033,40.10982,8071,"Mount Joy, PA",geonames,5202202
Tacotalpa,TB,-92.82596,17.59638,8071,"Tacotalpa, TB",geonames,3516439
West Livingston,TX,-95.00188,30.69825,8071,"West Livingston, TX",geonames,4740941
South San Gabriel,CA,-118.09462,34.04915,8070,"South San Gabriel, CA",geonames,5397771
West Frankfort,IL,-88.93146,37.89783,8067,"West Frankfort, IL",geonames,4252812
Spanish Fort,AL,-87.91527,30.67491,8065,"Spanish Fort, AL",geonames,4091136
Doctor Alberto Oviedo Mota,BC,-115.16792,32.22756,8064,"Doctor Alberto Oviedo Mota, BC",geonames,3979497
Santa Cruz Atizapan,EM,-99.48852,19.17692,8062,"Santa Cruz Atizapan, EM",geonames,3817592
Totolapa,VE,-97.47641,20.55587,8060,"Totolapa, VE",geonames,3824523
Ludington,MI,-86.45258,43.95528,8058,"Ludington, MI",geonames,5000306
Brentwood,MO,-90.34928,38.61755,8057,"Brentwood, MO",geonames,4378312
New Square,NY,-74.02942,41.13956,8057,"New Square, NY",geonames,5128568
Mahomet,IL,-88.40422,40.19531,8056,"Mahomet, IL",geonames,4900885
St. George Parish,AG,-61.79561,17.11692,8055,St. George Parish,geonames,13590584
Boston,NY,-78.73753,42.62895,8049,"Boston, NY",geonames,5109797
Old Forge,PA,-75.73491,41.37119,8048,"Old Forge, PA",geonames,5204331
Ephrata,WA,-119.55365,47.31764,8047,"Ephrata, WA",geonames,5793832
West Gate,VA,-77.49749,38.78289,8046,"West Gate, VA",geonames,4792829
Malinalco,EM,-99.49619,18.94847,8045,"Malinalco, EM",geonames,3523686
Union,SC,-81.62371,34.71541,8045,"Union, SC",geonames,4599214
Bailey,CO,-105.47333,39.40554,8042,"Bailey, CO",geonames,5412500
Ashland,WI,-90.8838,46.59244,8040,"Ashland, WI",geonames,5244247
Millis,MA,-71.35784,42.1676,8040,"Millis, MA",geonames,4944173
Raritan,NJ,-74.63294,40.56955,8031,"Raritan, NJ",geonames,5103116
Belgrade,MT,-111.1769,45.77604,8029,"Belgrade, MT",geonames,5639364
Santa Ana,CR,-84.18255,9.9326,8029,"Santa Ana, CR",geonames,3621630
Briarcliff Manor,NY,-73.82375,41.14565,8028,"Briarcliff Manor, NY",geonames,5110108
Ejido San Lorenzo Cuauhtenco,EM,-99.75028,19.30139,8024,"Ejido San Lorenzo Cuauhtenco, EM",geonames,8858186
Imbert,DO,-70.82906,19.75371,8024,Imbert,geonames,3504332
West Cambridge/Harvard Square,MA,-71.11947,42.37247,8023,"West Cambridge/Harvard Square, MA",geonames,13286806
Bothell East,WA,-122.18427,47.80631,8018,"Bothell East, WA",geonames,7315408
Londontowne,MD,-76.54941,38.93345,8018,"Londontowne, MD",geonames,4361094
Marstons Mills,MA,-70.41614,41.65622,8017,"Marstons Mills, MA",geonames,4943227
Rayne,LA,-92.26846,30.23493,8016,"Rayne, LA",geonames,4338406
Hastings-on-Hudson,NY,-73.87875,40.99454,8014,"Hastings-on-Hudson, NY",geonames,5120197
South End,NI,-83.041,12.17,8011,"South End, NI",geonames,3620266
York,SC,-81.24202,34.9943,8009,"York, SC",geonames,4601703
Santo Domingo de Guzman,EM,-99.77972,19.59306,8008,"Santo Domingo de Guzman, EM",geonames,3516881
Orono,MN,-93.6044,44.97135,8006,"Orono, MN",geonames,5040332
Bellevue,OH,-82.84158,41.27366,8005,"Bellevue, OH",geonames,5146978
West Haven-Sylvan,OR,-122.76809,45.51613,8001,"West Haven-Sylvan, OR",geonames,7262498
Andros,BS,-77.9,24.7,8000,Andros,curated,
Chelsea,QC,-75.78265,45.5001,8000,"Chelsea, QC",geonames,5920652
Davidsonville,MD,-76.6283,38.92289,8000,"Davidsonville, MD",geonames,4352815
Ellsworth Air Force Base,SD,-103.07507,44.14395,8000,"Ellsworth Air Force Base, SD",geonames,7259253
Lower Prince's Quarter,SX,-63.03789,18.04987,8000,Lower Prince's Quarter,geonames,3513522
Randell,UT,-109.2513,40.7397,8000,"Randell, UT",curated,
Wickenburg,AZ,-112.73,33.9698,8000,"Wickenburg, AZ",curated,
Georgia Avenue / Walter Reed,DC,-77.0263,38.98256,7996,Washington D.C.,geonames,13526892
West Long Branch,NJ,-74.01764,40.29039,7994,"West Long Branch, NJ",geonames,5106275
Wetumpka,AL,-86.21191,32.54374,7994,"Wetumpka, AL",geonames,4097257
Grand Blanc,MI,-83.62995,42.92753,7993,"Grand Blanc, MI",geonames,4994320
Montrose,VA,-77.37831,37.5207,7993,"Montrose, VA",geonames,4773747
Dexter,MO,-89.95787,36.79589,7992,"Dexter, MO",geonames,4383857
Santa Catarina Ayometla,TL,-98.21361,19.19833,7992,"Santa Catarina Ayometla, TL",geonames,8858187
Oak Grove,KY,-86.75471,37.34421,7989,Oak Grove,geonames,4302828
Revolucion Mexicana,CS,-93.07666,16.17156,7989,"Revolucion Mexicana, CS",geonames,3816623
Tlayacapan,MO,-98.98111,18.95556,7989,"Tlayacapan, MO",geonames,3515343
Cheat Lake,WV,-79.85339,39.67202,7988,"Cheat Lake, WV",geonames,4801895
San Miguel Vindho,HG,-99.31782,19.99447,7988,"San Miguel Vindho, HG",geonames,3827537
Wellington,KS,-97.37171,37.2653,7987,"Wellington, KS",geonames,4281386
Summit,WA,-122.35707,47.16177,7985,"Summit, WA",geonames,5812505
Ciudad Camargo,TM,-98.83313,26.31481,7984,"Ciudad Camargo, TM",geonames,3530602
Campbell,OH,-80.59924,41.07839,7982,"Campbell, OH",geonames,5149149
North Star,DE,-75.7191,39.76122,7980,"North Star, DE",geonames,4143897
Newton,NJ,-74.75267,41.05815,7979,"Newton, NJ",geonames,5101848
South Boston,VA,-78.9014,36.69875,7976,"South Boston, VA",geonames,4786522
Blair,NE,-96.12502,41.54444,7975,"Blair, NE",geonames,5064236
Edson,AB,-116.43559,53.58345,7975,"Edson, AB",geonames,5946820
Mascoutah,IL,-89.79315,38.49033,7975,"Mascoutah, IL",geonames,4244031
West Gate,FL,-80.0981,26.70257,7975,"West Gate, FL",geonames,4177816
White City,OR,-122.832,42.43735,7975,"White City, OR",geonames,5760396
Stayton,OR,-122.79453,44.80068,7969,"Stayton, OR",geonames,5754464
Saint-Apollinaire,QC,-71.51258,46.61289,7968,"Saint-Apollinaire, QC",geonames,8604651
Kahnawake,QC,-73.68139,45.41076,7965,"Kahnawake, QC",geonames,13546315
Senatobia,MS,-89.9687,34.6176,7963,"Senatobia, MS",geonames,4445447
Hyrum,UT,-111.85217,41.6341,7962,"Hyrum, UT",geonames,5776228
Hawthorn Woods,IL,-88.04952,42.21697,7961,"Hawthorn Woods, IL",geonames,4895376
Conshohocken,PA,-75.30157,40.07928,7956,"Conshohocken, PA",geonames,5185267
San Bartolo,EM,-99.19272,19.83292,7951,"San Bartolo, EM",geonames,3827565
Manvel,TX,-95.35799,29.46274,7950,"Manvel, TX",geonames,4709027
Caldwell,NJ,-74.27654,40.83982,7948,"Caldwell, NJ",geonames,5096133
Downingtown,PA,-75.70327,40.0065,7946,"Downingtown, PA",geonames,5187232
Mammoth Lakes,CA,-118.97208,37.64855,7946,"Mammoth Lakes, CA",geonames,5370006
Four Corners,MD,-77.01275,39.02039,7945,"Four Corners, MD",geonames,4355400
Maplewood,MO,-90.32456,38.61255,7945,"Maplewood, MO",geonames,4397042
Francisville,KY,-84.72439,39.10506,7944,Francisville,geonames,4292182
Le Marin,MQ,-60.86989,14.47158,7943,Le Marin,geonames,3570426
Atlatlahucan,MO,-98.8982,18.93413,7941,"Atlatlahucan, MO",geonames,3532603
Bridge City,TX,-93.84573,30.02077,7941,"Bridge City, TX",geonames,4676316
Jefferson,WI,-88.80733,43.00556,7941,"Jefferson, WI",geonames,5257784
Oak Grove,MO,-94.12939,39.00501,7937,"Oak Grove, MO",geonames,4401282
Baxter,MN,-94.28667,46.3433,7934,"Baxter, MN",geonames,5017396
Cumberland Hill,RI,-71.467,41.97454,7934,"Cumberland Hill, RI",geonames,5221705
Prospect Park,KY,-81.3302,19.28072,7933,Prospect Park,geonames,3580551
Carnegie,PA,-80.08339,40.40868,7931,"Carnegie, PA",geonames,4833478
Altar,SO,-111.83804,30.71627,7927,"Altar, SO",geonames,4018699
Ilion,NY,-75.03543,43.01507,7926,"Ilion, NY",geonames,5121765
Camp Hill,PA,-76.91997,40.23981,7923,"Camp Hill, PA",geonames,5182928
Waller,WA,-122.36929,47.20066,7922,"Waller, WA",geonames,5814941
Trail,BC,-117.70223,49.09983,7920,"Trail, BC",geonames,6168326
Broadview,IL,-87.85339,41.86392,7918,"Broadview, IL",geonames,4885637
Chandler,QC,-64.67926,48.34935,7914,"Chandler, QC",geonames,6943811
Gold River,CA,-121.24662,38.62629,7912,"Gold River, CA",geonames,5352771
Old Harbour Bay,JM,-77.09718,17.90918,7912,Old Harbour Bay,geonames,3489225
Sutherlin,OR,-123.31258,43.39012,7912,"Sutherlin, OR",geonames,5755474
Gracias,HN,-88.58612,14.59065,7909,"Gracias, HN",geonames,3609586
Crestwood Village,NJ,-74.3607,39.94817,7907,"Crestwood Village, NJ",geonames,4501393
Decorah,IA,-91.78571,43.30331,7907,"Decorah, IA",geonames,4853608
Colonie,NY,-73.83346,42.71786,7906,"Colonie, NY",geonames,5113348
Port Maria,JM,-76.88946,18.36849,7906,Port Maria,geonames,3488985
Maryville,IL,-89.95593,38.72366,7902,"Maryville, IL",geonames,4244026
Holly Springs,MS,-89.97786,31.31573,7901,"Holly Springs, MS",geonames,4430103
Jersey Village,TX,-95.563,29.88772,7900,"Jersey Village, TX",geonames,4700967
Wahpeton,ND,-96.60591,46.26524,7899,"Wahpeton, ND",geonames,5062355
Pike Creek,DE,-75.7041,39.73095,7898,"Pike Creek, DE",geonames,4144100
Lake Dallas,TX,-97.02556,33.11929,7892,"Lake Dallas, TX",geonames,4704482
La Huerta,JA,-104.64237,19.48438,7891,"La Huerta, JA",geonames,4001947
Wilmington Manor,DE,-75.58437,39.68678,7889,"Wilmington Manor, DE",geonames,4145395
Plaistow,NH,-71.09478,42.83648,7885,"Plaistow, NH",geonames,5091273
Helena Valley West Central,MT,-112.06044,46.66291,7883,"Helena Valley West Central, MT",geonames,7261424
Three Rivers,PE,-62.5679,46.1845,7883,"Three Rivers, PE",geonames,12495557
Skiatook,OK,-96.00138,36.36842,7880,"Skiatook, OK",geonames,4551408
Dumbarton,VA,-77.49137,37.60376,7879,"Dumbarton, VA",geonames,4756653
Ivins,UT,-113.67941,37.16859,7876,"Ivins, UT",geonames,5541061
Kirtland,NM,-108.3598,36.73417,7875,"Kirtland, NM",geonames,5474539
Middletown,KY,-85.53885,38.24535,7874,Middletown,geonames,4300725
Mill Plain,WA,-122.49398,45.6429,7874,"Mill Plain, WA",geonames,5803482
Bocana de Paiwas,NI,-85.12269,12.78571,7872,"Bocana de Paiwas, NI",geonames,3620661
Olivette,MO,-90.37595,38.66533,7870,"Olivette, MO",geonames,4401938
Antigo,WI,-89.15234,45.14025,7869,"Antigo, WI",geonames,5244010
Sans Souci,SC,-82.42401,34.8779,7869,"Sans Souci, SC",geonames,4594975
Cushing,OK,-96.76697,35.98506,7867,"Cushing, OK",geonames,4534659
Calumet Park,IL,-87.6606,41.66281,7865,"Calumet Park, IL",geonames,4886269
Mazamitla,JA,-103.01994,19.91605,7865,"Mazamitla, JA",geonames,3996336
Saint Johns,MI,-84.55915,43.00114,7865,"Saint Johns, MI",geonames,5008278
York,NE,-97.592,40.86807,7864,"York, NE",geonames,5082331
Port Elgin,ON,-81.38981,44.43605,7862,"Port Elgin, ON",geonames,6111745
Marion,NC,-82.00927,35.68401,7861,"Marion, NC",geonames,4478003
Cleveland,TX,-95.08549,30.34132,7858,"Cleveland, TX",geonames,4682032
Concordia,CO,-103.11588,25.78034,7858,"Concordia, CO",geonames,4013024
Ellsworth,ME,-68.41946,44.54341,7857,"Ellsworth, ME",geonames,4963692
Lake Purdy,AL,-86.68054,33.43011,7857,"Lake Purdy, AL",geonames,4071488
San Jose de Comayagua,HN,-88.03333,14.73333,7856,"San Jose de Comayagua, HN",geonames,3602094
Brooksville,FL,-82.38991,28.55554,7854,"Brooksville, FL",geonames,4148986
Canto del Llano,PA,-80.96422,8.12307,7854,"Canto del Llano, PA",geonames,3713065
Creston,IA,-94.36135,41.0586,7854,"Creston, IA",geonames,4853078
Southwest Ranches,FL,-80.33727,26.0587,7852,"Southwest Ranches, FL",geonames,4173717
Temple Hills,MD,-76.94553,38.814,7852,"Temple Hills, MD",geonames,4371053
Torbay,NL,-52.73135,47.66659,7852,"Torbay, NL",geonames,6167817
Arcadia,FL,-81.85842,27.21588,7851,"Arcadia, FL",geonames,4146206
Kalifornsky,AK,-151.29,60.41833,7850,"Kalifornsky, AK",geonames,5865702
Mount Vista,WA,-122.63288,45.73428,7850,"Mount Vista, WA",geonames,5804135
Gilford,NH,-71.40674,43.54758,7849,"Gilford, NH",geonames,5086544
Saint-Sauveur-des-Monts,QC,-74.16591,45.90008,7849,"Saint-Sauveur-des-Monts, QC",geonames,6139047
Memphis,FL,-82.56121,27.53587,7848,"Memphis, FL",geonames,4164047
Greenville,AL,-86.61775,31.8296,7845,"Greenville, AL",geonames,4065302
Hintonburg,ON,-75.7283,45.40379,7844,"Hintonburg, ON",geonames,5975504
Santo Tomas Chiconautla,EM,-99.00755,19.63894,7844,"Santo Tomas Chiconautla, EM",geonames,3827600
Minas de Barroteran,CO,-101.28365,27.65241,7842,"Minas de Barroteran, CO",geonames,3977811
Port Jefferson,NY,-73.06927,40.94649,7842,"Port Jefferson, NY",geonames,5132013
Bridgewater,MA,-70.97504,41.99038,7841,"Bridgewater, MA",geonames,4931303
Sheboygan Falls,WI,-87.82213,43.73197,7840,"Sheboygan Falls, WI",geonames,5272907
Fort Scott,KS,-94.7083,37.83976,7838,"Fort Scott, KS",geonames,4271690
Port Jefferson Station,NY,-73.04733,40.92538,7838,"Port Jefferson Station, NY",geonames,5132015
Las Praderas,NI,-85.944,13.348,7836,"Las Praderas, NI",geonames,7701408
Esperanza,PU,-97.37641,18.85853,7833,"Esperanza, PU",geonames,3527748
Quincy,FL,-84.58325,30.58714,7830,"Quincy, FL",geonames,4169510
Hartsville,SC,-80.0734,34.37404,7826,"Hartsville, SC",geonames,4581261
Medellin y Madero Segunda Seccion,TB,-92.854,18.11351,7825,"Medellin y Madero Segunda Seccion, TB",geonames,3802417
Santa Cruz Balanya,GUA,-90.91906,14.68522,7825,Santa Cruz Balanya,geonames,3589408
El Espinal,OA,-95.04007,16.48573,7823,"El Espinal, OA",geonames,3527737
Fort Lupton,CO,-104.81303,40.08471,7822,"Fort Lupton, CO",geonames,5577153
Lexington,TN,-88.39338,35.6509,7822,"Lexington, TN",geonames,4636463
Village Green-Green Ridge,PA,-75.42548,39.86363,7822,"Village Green-Green Ridge, PA",geonames,7259124
Canal Winchester,OH,-82.80462,39.84284,7818,"Canal Winchester, OH",geonames,4507883
Plainville,MA,-71.33283,42.00427,7817,"Plainville, MA",geonames,4947490
Webster City,IA,-93.81605,42.46942,7814,"Webster City, IA",geonames,4881096
Milan,TN,-88.75895,35.91979,7813,"Milan, TN",geonames,4641630
Wyoming,MN,-92.99716,45.33636,7813,"Wyoming, MN",geonames,5053526
Le Vauclin,MQ,-60.83831,14.5454,7812,Le Vauclin,geonames,3570392
San Antonio Aguas Calientes,GUA,-90.78054,14.54676,7811,San Antonio Aguas Calientes,geonames,3590475
Prien,LA,-93.27377,30.18187,7810,"Prien, LA",geonames,4338068
Quepos,CR,-84.16231,9.43063,7810,"Quepos, CR",geonames,3622193
Othello,WA,-119.17529,46.82597,7809,"Othello, WA",geonames,5805879
Wellington,CO,-105.00859,40.70387,7807,"Wellington, CO",geonames,5583250
Garden City Park,NY,-73.66263,40.74093,7806,"Garden City Park, NY",geonames,5118228
Bernardsville,NJ,-74.56932,40.71871,7801,"Bernardsville, NJ",geonames,5095626
Anticosti Island,QC,-64.3515,49.8179,7800,"Anticosti Island, QC",curated,
Elora,ON,-80.43299,43.6834,7800,"Elora, ON",geonames,5948111
Houghton,MI,-88.5694,47.1211,7800,"Houghton, MI",curated,
San Andros,BS,-78.05,25.06667,7800,San Andros,geonames,3571523
Yoakum,TX,-102.8336,33.1537,7800,"Yoakum, TX",curated,
Villa Sandino,NI,-84.99362,12.0483,7799,"Villa Sandino, NI",geonames,3615813
Concepcion de Ataco,SV,-89.84861,13.87028,7797,"Concepcion de Ataco, SV",geonames,3586926
Star,ID,-116.49346,43.69211,7797,"Star, ID",geonames,5608754
Winslow,ME,-69.62116,44.54701,7794,"Winslow, ME",geonames,4983322
Donaldsonville,LA,-90.99412,30.10114,7792,"Donaldsonville, LA",geonames,4322811
Grand Ledge,MI,-84.74638,42.75337,7791,"Grand Ledge, MI",geonames,4994344
San Juan del Sur,NI,-85.87049,11.25292,7790,"San Juan del Sur, NI",geonames,3616726
Crookston,MN,-96.60812,47.77414,7787,"Crookston, MN",geonames,5023465
Sandpoint,ID,-116.5488,48.2761,7782,"Sandpoint, ID",curated,
San Antonio La Paz,GUA,-90.28485,14.75888,7781,San Antonio La Paz,geonames,3590449
Wilson,PA,-75.24184,40.68399,7781,"Wilson, PA",geonames,5219668
La Ribera,JA,-102.27947,20.34782,7780,"La Ribera, JA",geonames,4000432
Falmouth,JM,-77.65587,18.49358,7779,Falmouth,geonames,3490520
Lake Geneva,WI,-88.43343,42.59168,7778,"Lake Geneva, WI",geonames,5259169
Lake Stickney,WA,-122.26214,47.87655,7777,"Lake Stickney, WA",geonames,8479422
Kirkland Lake,ON,-80.03767,48.14461,7775,"Kirkland Lake, ON",geonames,5992836
Summit Park,UT,-111.61159,40.74578,7775,"Summit Park, UT",geonames,5782272
White Oak,PA,-79.80921,40.33757,7775,"White Oak, PA",geonames,5219216
Tingambato,MI,-101.85329,19.50159,7771,"Tingambato, MI",geonames,3981517
Baldwinsville,NY,-76.33271,43.15868,7770,"Baldwinsville, NY",geonames,5107785
Harrison,TN,-85.13801,35.11368,7769,"Harrison, TN",geonames,4627983
Murphysboro,IL,-89.33509,37.7645,7768,"Murphysboro, IL",geonames,4245336
Newport,AR,-91.2818,35.6048,7767,"Newport, AR",geonames,4123830
Fort Riley North,KS,-96.81392,39.11081,7761,"Fort Riley North, KS",geonames,7259267
Hales Corners,WI,-88.0487,42.93751,7759,"Hales Corners, WI",geonames,5255320
Hacienda Blanca,OA,-96.7759,17.13994,7758,"Hacienda Blanca, OA",geonames,3527179
Huehuetan,CS,-92.38309,15.01929,7755,"Huehuetan, CS",geonames,3526966
Pikeville,KY,-82.5188,37.4793,7754,Pikeville,curated,
Cocorit,SO,-109.95919,27.5765,7752,"Cocorit, SO",geonames,4013593
Three Rivers,MI,-85.63249,41.94394,7752,"Three Rivers, MI",geonames,5012194
Butner,NC,-78.75667,36.13209,7751,"Butner, NC",geonames,4458372
Ciudad Guerrero,CH,-107.48403,28.54929,7751,"Ciudad Guerrero, CH",geonames,4013716
Pointe-Noire,GP,-61.78917,16.23218,7749,Pointe-Noire,geonames,3578594
Jerecuaro,GT,-100.51052,20.15112,7748,"Jerecuaro, GT",geonames,4004026
Sanger,TX,-97.1739,33.36317,7747,"Sanger, TX",geonames,4726957
Santiago Alseseca,PU,-97.70716,18.84511,7744,"Santiago Alseseca, PU",geonames,3516973
Iqaluit,NU,-68.5165,63.7467,7740,"Iqaluit, NU",curated,
Fort Frances,ON,-93.4003,48.61667,7739,"Fort Frances, ON",geonames,5955826
Ruidoso,NM,-105.67304,33.33175,7739,"Ruidoso, NM",geonames,5488598
Brevard,NC,-82.73429,35.23345,7735,"Brevard, NC",geonames,4457040
Niquinohomo,NI,-86.09446,11.90518,7732,"Niquinohomo, NI",geonames,3617470
Saint Martin,MS,-88.86809,30.43798,7730,"Saint Martin, MS",geonames,4447069
Carl Junction,MO,-94.56551,37.17672,7729,"Carl Junction, MO",geonames,4380043
Vieux-Habitants,GP,-61.76667,16.05866,7728,Vieux-Habitants,geonames,3578278
Scotia,NY,-73.96429,42.82647,7727,"Scotia, NY",geonames,5137423
River Oaks,TX,-97.39446,32.77707,7724,"River Oaks, TX",geonames,4722925
Arandas,GT,-101.37321,20.72457,7722,"Arandas, GT",geonames,4018347
Dock Junction,GA,-81.51677,31.20245,7721,"Dock Junction, GA",geonames,4191628
Mukwonago,WI,-88.33343,42.86668,7721,"Mukwonago, WI",geonames,5263965
La Sarre,QC,-79.19964,48.80019,7719,"La Sarre, QC",geonames,6050194
Wading River,NY,-72.8426,40.95038,7719,"Wading River, NY",geonames,5143022
San Ignacio Rio Muerto,SO,-110.24468,27.41611,7718,"San Ignacio Rio Muerto, SO",geonames,3970558
Fort Dix,NJ,-74.61849,40.02984,7716,"Fort Dix, NJ",geonames,5098132
Kennedale,TX,-97.22585,32.6468,7715,"Kennedale, TX",geonames,4702986
Thousand Palms,CA,-116.39029,33.82002,7715,"Thousand Palms, CA",geonames,5402415
Las Terrenas,DO,-69.5428,19.31102,7713,Las Terrenas,geonames,3500243
Sosua,DO,-70.51995,19.7522,7713,Sosua,geonames,3492628
Winsted,CT,-73.06011,41.92121,7712,"Winsted, CT",geonames,4845953
Hollis,NH,-71.59174,42.74314,7711,"Hollis, NH",geonames,5087559
Oakdale,LA,-92.66042,30.81603,7710,"Oakdale, LA",geonames,4335796
Bridge City,LA,-90.17007,29.93326,7706,"Bridge City, LA",geonames,4317864
Fern Park,FL,-81.35118,28.64916,7704,"Fern Park, FL",geonames,4155000
Larreynaga,NI,-86.57117,12.67612,7703,"Larreynaga, NI",geonames,3618336
Butler,NJ,-74.34154,41.00371,7701,"Butler, NJ",geonames,5096100
Ripon,WI,-88.83594,43.8422,7700,"Ripon, WI",geonames,5268955
Yreka,CA,-122.6345,41.7354,7700,"Yreka, CA",curated,
Amealco de Bonfil,QT,-100.14438,20.18659,7698,"Amealco de Bonfil, QT",geonames,4018584
Casillas,GUA,-90.24328,14.41915,7698,Casillas,geonames,3598968
Centennial Place,NB,-64.81667,46.08333,7698,"Centennial Place, NB",geonames,5919004
Cuichapa,VE,-94.28,17.93889,7697,"Cuichapa, VE",geonames,8858189
Emerson,NJ,-74.02625,40.97621,7697,"Emerson, NJ",geonames,5097649
Hollymead,VA,-78.44168,38.11708,7690,"Hollymead, VA",geonames,4764607
La Selva,TB,-92.96306,18.02333,7690,"La Selva, TB",geonames,8858190
Monahans,TX,-102.89265,31.5943,7690,"Monahans, TX",geonames,5526514
Saint Johns,MO,-90.34317,38.71338,7690,"Saint Johns, MO",geonames,4406951
Hanover,ON,-81.03303,44.15009,7688,"Hanover, ON",geonames,5970301
Lampasas,TX,-98.1817,31.06378,7687,"Lampasas, TX",geonames,4705176
Lander,WY,-108.73067,42.83301,7686,"Lander, WY",geonames,5830007
Derby,CO,-104.91859,39.83943,7685,"Derby, CO",geonames,5419431
Selah,WA,-120.53007,46.65402,7682,"Selah, WA",geonames,5809928
Pope Air Force Base  (historical),NC,-79.01042,35.17128,7680,"Pope Air Force Base  (historical), NC",geonames,7260593
South Beloit,IL,-89.03678,42.49307,7680,"South Beloit, IL",geonames,4911830
Kenilworth,DC,-76.94025,38.90595,7679,Washington D.C.,geonames,4139296
West Helena,AR,-90.64177,34.55066,7679,"West Helena, AR",geonames,4135840
Sebastopol,CA,-122.82388,38.40214,7678,"Sebastopol, CA",geonames,5394165
Galliano,LA,-90.29925,29.44216,7676,"Galliano, LA",geonames,4325424
Fruitvale,CO,-108.49676,39.08165,7675,"Fruitvale, CO",geonames,5422557
Duvall,WA,-121.98568,47.74232,7674,"Duvall, WA",geonames,5792990
Templeton,CA,-120.706,35.54969,7674,"Templeton, CA",geonames,5401516
Chilchota,MI,-102.11788,19.84738,7673,"Chilchota, MI",geonames,4014296
Innisfail,AB,-113.95071,52.02688,7672,"Innisfail, AB",geonames,5983430
Puerto Morazan,NI,-87.172,12.85079,7671,"Puerto Morazan, NI",geonames,3617146
Sona,PA,-81.31727,8.00877,7669,"Sona, PA",geonames,3700888
Valle de Banderas,NA,-105.24763,20.8066,7666,"Valle de Banderas, NA",geonames,3980622
Kenai,AK,-151.25833,60.55444,7661,"Kenai, AK",geonames,5866063
Glen Ridge,NJ,-74.20376,40.80538,7660,"Glen Ridge, NJ",geonames,5098430
Dunbar,WV,-81.73735,38.36065,7659,"Dunbar, WV",geonames,4804563
Southwood Acres,CT,-72.57148,41.9626,7657,"Southwood Acres, CT",geonames,4843411
Acton Vale,QC,-72.56582,45.65007,7656,"Acton Vale, QC",geonames,5882142
Ladyville,BZ,-88.29,17.55427,7655,"Ladyville, BZ",geonames,3581851
Woodlake,CA,-119.09872,36.41356,7654,"Woodlake, CA",geonames,5410416
Sandys Parish,BM,-64.86931,32.29637,7653,Sandys Parish,geonames,13353871
Vega de Alatorre,VE,-96.64751,20.02823,7653,"Vega de Alatorre, VE",geonames,3514843
Fanwood,NJ,-74.38348,40.64094,7651,"Fanwood, NJ",geonames,5097830
Pittston,PA,-75.78936,41.32591,7651,"Pittston, PA",geonames,5206397
Hubbard,OH,-80.56924,41.15645,7650,"Hubbard, OH",geonames,5158143
Cherry Hill,MD,-76.63441,39.25483,7647,"Cherry Hill, MD",geonames,4351127
Los Olivos,JA,-103.23778,20.43917,7647,"Los Olivos, JA",geonames,8858191
Williamsburg,FL,-81.44285,28.41445,7646,"Williamsburg, FL",geonames,4178397
Ridgefield,CT,-73.49818,41.28148,7645,"Ridgefield, CT",geonames,4841463
Yallahs,JM,-76.56245,17.8748,7644,Yallahs,geonames,3487963
La Concordia,CS,-92.69089,16.11801,7641,"La Concordia, CS",geonames,3525950
Gilberts,IL,-88.37286,42.10336,7638,"Gilberts, IL",geonames,4893731
Port Wentworth,GA,-81.16317,32.14909,7637,"Port Wentworth, GA",geonames,4217075
Santa Maria del Tule,OA,-96.63629,17.0468,7636,"Santa Maria del Tule, OA",geonames,3517254
Maple Glen,PA,-79.97672,40.01563,7635,"Maple Glen, PA",geonames,5199740
Fair Plain,MI,-86.45586,42.08699,7631,"Fair Plain, MI",geonames,4992394
Halifax,MA,-70.86199,41.99121,7631,"Halifax, MA",geonames,4938652
Robinson,IL,-87.73919,39.00532,7631,"Robinson, IL",geonames,4248256
Kronenwetter,WI,-89.5904,44.82219,7630,"Kronenwetter, WI",geonames,5258916
Goderich,ON,-81.71339,43.74171,7628,"Goderich, ON",geonames,5962442
Ojai,CA,-119.24289,34.44805,7627,"Ojai, CA",geonames,5378880
Fairfax,CA,-122.58887,37.98715,7626,"Fairfax, CA",geonames,5347322
Easton,CT,-73.29734,41.25287,7625,"Easton, CT",geonames,4833661
Hood River,OR,-121.52146,45.7054,7624,"Hood River, OR",geonames,5731777
Old Town,ME,-68.64531,44.93423,7624,"Old Town, ME",geonames,4974231
Morehead,KY,-87.17638,37.27115,7622,Morehead,geonames,4301317
Pebble Creek,FL,-82.34565,28.14835,7622,"Pebble Creek, FL",geonames,4168062
Hitchcock,TX,-95.01604,29.34829,7621,"Hitchcock, TX",geonames,4697988
Union de San Antonio,JA,-102.00619,21.12714,7620,"Union de San Antonio, JA",geonames,3980799
Jasper,TX,-93.99658,30.9202,7619,"Jasper, TX",geonames,4700731
Park City,KS,-97.31838,37.80001,7618,"Park City, KS",geonames,4276974
Powdersville,SC,-82.49291,34.79178,7618,"Powdersville, SC",geonames,4591977
Ellwood City,PA,-80.28645,40.86173,7617,"Ellwood City, PA",geonames,5188609
Pulaski,TN,-87.03084,35.1998,7617,"Pulaski, TN",geonames,4651648
Evergreen,MT,-114.27624,48.22579,7616,"Evergreen, MT",geonames,5651289
Shorewood,MN,-93.58912,44.9008,7614,"Shorewood, MN",geonames,5047236
Santa Maria Xadani,OA,-95.01848,16.36171,7613,"Santa Maria Xadani, OA",geonames,3514576
Sound Beach,NY,-72.96788,40.95621,7612,"Sound Beach, NY",geonames,5138704
West Boylston,MA,-71.78563,42.36676,7612,"West Boylston, MA",geonames,4954850
Brighton,MI,-83.78022,42.52948,7609,"Brighton, MI",geonames,4986994
Spotts,KY,-81.31256,19.2742,7609,Spotts,geonames,3580506
Gettysburg,PA,-77.2311,39.83093,7608,"Gettysburg, PA",geonames,4558183
Bonner Springs,KS,-94.88358,39.05973,7606,"Bonner Springs, KS",geonames,4268521
Villa Corona,JA,-103.66416,20.41564,7603,"Villa Corona, JA",geonames,3980198
Laguna Salada,DO,-71.08429,19.65043,7601,Laguna Salada,geonames,3502373
Santiago Acatlan,PU,-97.93375,18.99334,7601,"Santiago Acatlan, PU",geonames,3516975
Tlacotalpan,VE,-95.6589,18.61333,7600,"Tlacotalpan, VE",geonames,3515479
Cerro de Ortega,CL,-103.72155,18.7508,7598,"Cerro de Ortega, CL",geonames,4014743
Teotitlan de Flores Magon,OA,-97.06947,18.13066,7598,"Teotitlan de Flores Magon, OA",geonames,3801145
DuBois,PA,-78.76003,41.11923,7597,"DuBois, PA",geonames,5187432
Saint-Philippe,QC,-73.48111,45.37597,7597,"Saint-Philippe, QC",geonames,6138908
Acton,CA,-118.19674,34.46999,7596,"Acton, CA",geonames,5322317
Ciudad Coahuila,BC,-114.99959,32.19351,7596,"Ciudad Coahuila, BC",geonames,3979494
Big Flats Airport,NY,-76.88977,42.1693,7595,"Big Flats Airport, NY",geonames,7258009
Princeton,IL,-89.46481,41.36809,7594,"Princeton, IL",geonames,4906818
Agua Blanca Sur,HN,-87.88333,15.25,7592,"Agua Blanca Sur, HN",geonames,3615509
Cheswolde,MD,-76.68914,39.364,7592,"Cheswolde, MD",geonames,4351325
Richfield,UT,-112.08409,38.77247,7592,"Richfield, UT",geonames,5545710
Berlin,NJ,-74.92905,39.79123,7590,"Berlin, NJ",geonames,4500771
Clear Lake,IA,-93.37937,43.13802,7590,"Clear Lake, IA",geonames,4851935
Manor,TX,-97.55695,30.34076,7587,"Manor, TX",geonames,4708989
Seaford,DE,-75.61104,38.64123,7586,"Seaford, DE",geonames,4144600
Inverness,IL,-88.09619,42.11808,7583,"Inverness, IL",geonames,4897482
Fletcher,NC,-82.50123,35.43067,7582,"Fletcher, NC",geonames,4466547
New Prague,MN,-93.57607,44.5433,7582,"New Prague, MN",geonames,5039133
Brentwood Bay,BC,-123.45262,48.58294,7581,"Brentwood Bay, BC",geonames,5908473
Center Moriches,NY,-72.78982,40.80038,7580,"Center Moriches, NY",geonames,5112020
McCook,NE,-100.62571,40.20195,7580,"McCook, NE",geonames,5697383
Sappington,MO,-90.37984,38.537,7580,"Sappington, MO",geonames,4407617
Newton Upper Falls,MA,-71.2195,42.31399,7579,"Newton Upper Falls, MA",geonames,4945327
Seffner,FL,-82.27565,27.98363,7579,"Seffner, FL",geonames,4172413
Willow Street,PA,-76.27635,39.97927,7578,"Willow Street, PA",geonames,4562275
Centerville,GA,-83.68963,32.63014,7575,"Centerville, GA",geonames,4187055
Dayton,TX,-94.8852,30.04661,7575,"Dayton, TX",geonames,4685449
Jocotitlan,EM,-99.78867,19.70991,7575,"Jocotitlan, EM",geonames,3526473
Villa de Arista,SL,-100.84808,22.64252,7575,"Villa de Arista, SL",geonames,4018251
El Naranjito,VE,-94.60793,18.00161,7574,"El Naranjito, VE",geonames,11478437
Lascahobas,HT,-71.93563,18.83047,7574,Lascahobas,geonames,3722579
Pukalani,HI,-156.33667,20.83667,7574,"Pukalani, HI",geonames,5852697
Tlachichuca,PU,-97.41915,19.11485,7574,"Tlachichuca, PU",geonames,3515496
Cornillon,HT,-71.95271,18.67546,7572,Cornillon,geonames,3727327
Happy Valley-Goose Bay,NL,-60.32576,53.3038,7572,"Happy Valley-Goose Bay, NL",geonames,5970458
Opatoro,HN,-87.9,14.08333,7572,"Opatoro, HN",geonames,3604213
Sandston,VA,-77.31581,37.52348,7571,"Sandston, VA",geonames,4784352
St Johnsbury,VT,-72.01512,44.42526,7571,"St Johnsbury, VT",geonames,6424355
Meadow Lakes,AK,-149.60111,61.62472,7570,"Meadow Lakes, AK",geonames,5868651
Pasadena Hills,FL,-82.22438,28.28001,7570,"Pasadena Hills, FL",geonames,7315238
Catalina,AZ,-110.92111,32.50556,7569,"Catalina, AZ",geonames,5288784
San Patricio,JA,-104.70447,19.22534,7569,"San Patricio, JA",geonames,3985168
Rio Bravo,GUA,-91.31713,14.40042,7568,Rio Bravo,geonames,3590804
San Lorenzo Tlacotepec,EM,-99.91222,19.8125,7566,"San Lorenzo Tlacotepec, EM",geonames,3827030
San Gaspar Tonatico,EM,-99.66917,18.80671,7565,"San Gaspar Tonatico, EM",geonames,3519227
Chibougamau,QC,-74.36586,49.91684,7563,"Chibougamau, QC",geonames,5921147
Steamboat Springs,CO,-106.8317,40.4848,7560,"Steamboat Springs, CO",curated,
Hillcrest,NY,-74.04097,41.12787,7558,"Hillcrest, NY",geonames,5120797
Tiverton,RI,-71.21338,41.62594,7557,"Tiverton, RI",geonames,5225245
Lamar,CO,-102.62075,38.08723,7555,"Lamar, CO",geonames,5427957
San Miguel Siguila,GUA,-91.61457,14.89547,7551,San Miguel Siguila,geonames,3589706
Orland,CA,-122.19637,39.74738,7550,"Orland, CA",geonames,5379698
Cuautlapan,VE,-97.02291,18.87747,7549,"Cuautlapan, VE",geonames,3529980
Corning,CA,-122.17916,39.92766,7548,"Corning, CA",geonames,5339614
Chinameca,VE,-94.67945,18.02195,7547,"Chinameca, VE",geonames,3530836
Murrells Inlet,SC,-79.04143,33.551,7547,"Murrells Inlet, SC",geonames,4588682
Revelstoke,BC,-118.1953,50.99712,7547,"Revelstoke, BC",geonames,6121621
River Rouge,MI,-83.13437,42.27337,7546,"River Rouge, MI",geonames,5007247
Villa Luvianos,EM,-100.29833,18.92,7546,"Villa Luvianos, EM",geonames,8858192
Gonzales,TX,-97.45249,29.50163,7544,"Gonzales, TX",geonames,4693940
Garnet,CA,-116.477,33.927,7543,"Garnet, CA",geonames,5351654
Tenabo,CM,-90.22573,20.03981,7543,"Tenabo, CM",geonames,3516017
Yorkshire,VA,-77.44777,38.79317,7541,"Yorkshire, VA",geonames,4794966
Mataquescuintla,GUA,-90.18417,14.52917,7539,Mataquescuintla,geonames,3592635
Rathdrum,ID,-116.89659,47.8124,7538,"Rathdrum, ID",geonames,5553955
Shediac,NB,-64.54107,46.21981,7535,"Shediac, NB",geonames,6145668
Red Bay Estate,KY,-81.34125,19.28724,7534,Red Bay Estate,geonames,3580547
Tropical Gardens,KY,-81.34894,19.29124,7534,Tropical Gardens,geonames,3580490
San Miguel Cuyutlan,JA,-103.38936,20.41739,7533,"San Miguel Cuyutlan, JA",geonames,4012080
Waterboro,ME,-70.71506,43.53564,7532,"Waterboro, ME",geonames,4982218
Listowel,ON,-80.94973,43.7334,7530,"Listowel, ON",geonames,6054677
Rhinelander,WI,-89.41208,45.63662,7526,"Rhinelander, WI",geonames,5268720
Rockton,IL,-89.07233,42.45252,7525,"Rockton, IL",geonames,4907985
Auburn,GA,-83.82768,34.01372,7524,"Auburn, GA",geonames,4180512
Escalon,CA,-120.99792,37.79781,7523,"Escalon, CA",geonames,5346811
Highlands,TX,-95.05604,29.81884,7522,"Highlands, TX",geonames,4697652
Seminole,OK,-96.67057,35.22452,7522,"Seminole, OK",geonames,4551042
Tuzamapan,VE,-96.86349,19.40358,7522,"Tuzamapan, VE",geonames,3514998
Chester Springs,PA,-75.61687,40.0951,7520,"Chester Springs, PA",geonames,5184082
Herkimer,NY,-74.98599,43.02563,7519,"Herkimer, NY",geonames,5120545
Pont Rouge,QC,-72.08247,48.88332,7518,"Pont Rouge, QC",geonames,6110611
Tlanalapa,HG,-98.60396,19.81868,7518,"Tlanalapa, HG",geonames,3515399
Waite Park,MN,-94.22416,45.55719,7517,"Waite Park, MN",geonames,5051694
Acacoyagua,CS,-92.67579,15.34252,7515,"Acacoyagua, CS",geonames,3533491
Buctzotz,YU,-88.79414,21.20226,7515,"Buctzotz, YU",geonames,3532089
Connellsville,PA,-79.58948,40.01785,7515,"Connellsville, PA",geonames,5185237
Green,OR,-123.36785,43.16039,7515,"Green, OR",geonames,5729293
Nazareno,DG,-103.41958,25.39873,7515,"Nazareno, DG",geonames,3995010
Coxen Hole,HN,-86.53966,16.31553,7514,"Coxen Hole, HN",geonames,3602736
Haddon Heights,NJ,-75.06462,39.87734,7514,"Haddon Heights, NJ",geonames,4502093
Lancaster,MA,-71.67312,42.45565,7509,"Lancaster, MA",geonames,4941635
Oak Island,NC,-78.16111,33.91656,7507,"Oak Island, NC",geonames,4482916
Burnside,NS,-63.60051,44.70175,7506,"Burnside, NS",geonames,5911715
Camlachie,ON,-82.1616,43.03596,7506,"Camlachie, ON",geonames,5913934
Clewiston,FL,-80.93368,26.75423,7505,"Clewiston, FL",geonames,4151366
Iron Mountain,MI,-88.06596,45.82023,7504,"Iron Mountain, MI",geonames,4997232
Ashland,VA,-77.47998,37.75903,7503,"Ashland, VA",geonames,4744905
Marengo,IL,-88.60843,42.24863,7503,"Marengo, IL",geonames,4901164
Globe,AZ,-110.7865,33.3942,7500,"Globe, AZ",curated,
Saint George's,GD,-61.75226,12.05288,7500,Saint George's,geonames,3579925
Crystal City,TX,-99.82811,28.67748,7496,"Crystal City, TX",geonames,4684480
Plymouth,MA,-70.66726,41.95844,7494,"Plymouth, MA",geonames,4947597
Los Ruisenores,JA,-103.69139,20.71083,7493,"Los Ruisenores, JA",geonames,8858193
Aylmer,ON,-80.98302,42.76679,7492,"Aylmer, ON",geonames,5888716
Melrose Park,FL,-80.19338,26.11342,7492,"Melrose Park, FL",geonames,4163994
Silvis,IL,-90.41513,41.51226,7491,"Silvis, IL",geonames,4911516
Page,AZ,-111.45583,36.91472,7490,"Page, AZ",geonames,5307778
Oakland,TN,-89.51508,35.22898,7488,"Oakland, TN",geonames,4646637
"Las Vegas, Santa Barbara",HN,-88.07473,14.87649,7487,"Las Vegas, Santa Barbara, HN",geonames,3606251
Monessen,PA,-79.88783,40.14841,7483,"Monessen, PA",geonames,5201665
Saint Louis,MI,-84.60667,43.40836,7482,"Saint Louis, MI",geonames,5008414
South Berwick,ME,-70.8095,43.23453,7480,"South Berwick, ME",geonames,4979050
Aurora,MO,-93.71798,36.97089,7477,"Aurora, MO",geonames,4375349
San Lorenzo Chiautzingo,PU,-98.46747,19.20432,7477,"San Lorenzo Chiautzingo, PU",geonames,3518542
Navasota,TX,-96.08773,30.38798,7476,"Navasota, TX",geonames,4713866
Salem,UT,-111.67354,40.05301,7475,"Salem, UT",geonames,5555097
Rockville,CT,-72.44953,41.86676,7474,"Rockville, CT",geonames,4841628
Bemis,MA,-71.20367,42.36871,7472,"Bemis, MA",geonames,4930308
Swainsboro,GA,-82.33374,32.59739,7471,"Swainsboro, GA",geonames,4225346
Citrus Hills,FL,-82.4326,28.88831,7470,"Citrus Hills, FL",geonames,4151153
Paso de Ovejas,VE,-96.44037,19.2845,7468,"Paso de Ovejas, VE",geonames,3521825
Villa Hills,KY,-84.593,39.06339,7468,Villa Hills,geonames,4312088
Chahal,GUA,-89.60518,15.79122,7465,Chahal,geonames,3598825
Fishersville,VA,-78.96919,38.09902,7462,"Fishersville, VA",geonames,4759120
Pembroke,NH,-71.45757,43.14675,7461,"Pembroke, NH",geonames,5090918
Sioux Center,IA,-96.17558,43.07971,7461,"Sioux Center, IA",geonames,4876510
Santa Cruz Cuauhtenco,EM,-99.72939,19.24907,7460,"Santa Cruz Cuauhtenco, EM",geonames,3517543
LaFollette,TN,-84.11993,36.38286,7456,"LaFollette, TN",geonames,4635037
Charles City,IA,-92.67241,43.06636,7455,"Charles City, IA",geonames,4851163
Sunbury-York South,NB,-66.60984,45.83776,7455,"Sunbury-York South, NB",geonames,13592176
Palmyra,PA,-76.5933,40.30898,7451,"Palmyra, PA",geonames,5204964
Seminole,TX,-102.64491,32.71899,7448,"Seminole, TX",geonames,5530452
Irondale,GA,-84.35881,33.48067,7446,"Irondale, GA",geonames,4202260
Nantucket,MA,-70.09946,41.28346,7446,"Nantucket, MA",geonames,4944903
Orting,WA,-122.20428,47.09788,7446,"Orting, WA",geonames,5805849
Cotati,CA,-122.70721,38.32686,7445,"Cotati, CA",geonames,5339865
Mentor-on-the-Lake,OH,-81.36039,41.70504,7443,"Mentor-on-the-Lake, OH",geonames,5162672
Twin Rivers,NJ,-74.49126,40.264,7443,"Twin Rivers, NJ",geonames,5105594
San Pedro Tapanatepec,OA,-94.19313,16.37107,7441,"San Pedro Tapanatepec, OA",geonames,3517962
Tapilula,CS,-93.01682,17.24933,7441,"Tapilula, CS",geonames,3516252
Napanee,ON,-76.94944,44.25012,7439,"Napanee, ON",geonames,6085931
Lemoore Station,CA,-119.90476,36.26326,7438,"Lemoore Station, CA",geonames,7261649
Pinson,AL,-86.68332,33.68899,7438,"Pinson, AL",geonames,4083697
Melissa,TX,-96.57277,33.28595,7436,"Melissa, TX",geonames,4710574
Lugoff,SC,-80.68925,34.22737,7434,"Lugoff, SC",geonames,4050356
Gresham Park,GA,-84.31437,33.70344,7432,"Gresham Park, GA",geonames,4198298
Dunellen,NJ,-74.47182,40.58927,7431,"Dunellen, NJ",geonames,5097349
Celebration,FL,-81.53313,28.32529,7427,"Celebration, FL",geonames,4150394
Carignan,QC,-73.29916,45.45008,7426,"Carignan, QC",geonames,5917117
Round Lake Park,IL,-88.07675,42.35697,7426,"Round Lake Park, IL",geonames,4908243
Kimberley,BC,-115.9776,49.67071,7425,"Kimberley, BC",geonames,5992059
Calipatria,CA,-115.51415,33.1256,7424,"Calipatria, CA",geonames,5332929
Capacuaro,MI,-102.05235,19.54654,7424,"Capacuaro, MI",geonames,4015566
Mount Horeb,WI,-89.73846,43.00861,7421,"Mount Horeb, WI",geonames,5263667
San Francisco Zacacalco,EM,-98.98279,19.92875,7420,"San Francisco Zacacalco, EM",geonames,3519243
Independent Hill,VA,-77.43776,38.63595,7419,"Independent Hill, VA",geonames,4765594
Barrio de Mexico,EM,-99.82833,19.2825,7414,"Barrio de Mexico, EM",geonames,8858194
Joshua Tree,CA,-116.31307,34.13473,7414,"Joshua Tree, CA",geonames,5361298
Fairlawn,OH,-81.60984,41.12783,7413,"Fairlawn, OH",geonames,5153592
Hatboro,PA,-75.10684,40.17428,7411,"Hatboro, PA",geonames,5192863
Santa Maria Huatulco,OA,-96.32076,15.83288,7409,"Santa Maria Huatulco, OA",geonames,3517251
Washington,IA,-91.69294,41.29918,7408,"Washington, IA",geonames,4880731
Fair Oaks Ranch,TX,-98.64336,29.74578,7407,"Fair Oaks Ranch, TX",geonames,4689803
McGregor,FL,-81.91453,26.56091,7406,"McGregor, FL",geonames,4163833
Mexia,TX,-96.4822,31.67989,7406,"Mexia, TX",geonames,4710963
Ormond-by-the-Sea,FL,-81.06645,29.34914,7406,"Ormond-by-the-Sea, FL",geonames,4167190
Larose,LA,-90.38175,29.57244,7400,"Larose, LA",geonames,4330541
Manhattan,IL,-87.98589,41.42253,7400,"Manhattan, IL",geonames,4900961
Roanoke,TX,-97.22585,33.00401,7400,"Roanoke, TX",geonames,4723024
West Dundee,IL,-88.28286,42.09808,7395,"West Dundee, IL",geonames,4915977
Dzidzantun,YU,-89.04205,21.24898,7393,"Dzidzantun, YU",geonames,3529660
Park City,IL,-87.88424,42.34836,7392,"Park City, IL",geonames,4905334
Chehalis,WA,-122.96402,46.66205,7391,"Chehalis, WA",geonames,5789817
Philadelphia,MS,-89.11673,32.77152,7391,"Philadelphia, MS",geonames,4440906
Northport,NY,-73.34317,40.90093,7390,"Northport, NY",geonames,5129290
Tenares,DO,-70.35087,19.37439,7390,Tenares,geonames,3492477
Clinton,MA,-71.68285,42.41676,7389,"Clinton, MA",geonames,4933426
Corbin,KY,-84.09688,36.9487,7389,Corbin,geonames,4288656
Cohasset,MA,-70.80365,42.24177,7388,"Cohasset, MA",geonames,4933533
Edgewater Park,NJ,-74.90072,40.06817,7387,"Edgewater Park, NJ",geonames,5097521
Glastonbury Center,CT,-72.59953,41.70093,7387,"Glastonbury Center, CT",geonames,4835004
St. Marys,ON,-81.13304,43.25009,7386,"St. Marys, ON",geonames,6157062
Batesville,MS,-89.94426,34.3115,7385,"Batesville, MS",geonames,4417130
Felida,WA,-122.70732,45.70956,7385,"Felida, WA",geonames,5794242
Dayton,TN,-85.01245,35.49396,7384,"Dayton, TN",geonames,4617536
Hughson,CA,-120.86604,37.59688,7384,"Hughson, CA",geonames,5358539
Sterling,MA,-71.76063,42.43759,7384,"Sterling, MA",geonames,4952005
Carneys Point,NJ,-75.4702,39.71122,7382,"Carneys Point, NJ",geonames,4501073
Payette,ID,-116.93377,44.07822,7380,"Payette, ID",geonames,5603393
Zimatepec,TL,-98.16462,19.42131,7378,"Zimatepec, TL",geonames,3815185
Lucea,JM,-78.17356,18.45095,7377,Lucea,geonames,3489657
Northgate,OH,-84.59245,39.25283,7377,"Northgate, OH",geonames,4519938
Capitol Gateway,DC,-76.91851,38.89113,7374,Washington D.C.,geonames,13526891
Hampton,GA,-84.28298,33.38706,7372,"Hampton, GA",geonames,4198972
Montecillo,EM,-98.90835,19.45711,7371,"Montecillo, EM",geonames,3523034
Chilon,CS,-92.27302,17.10604,7368,"Chilon, CS",geonames,3815701
Beaumont,AB,-113.41871,53.35013,7366,"Beaumont, AB",geonames,5896522
Sandwich,IL,-88.62174,41.64586,7366,"Sandwich, IL",geonames,4910543
Quincy,WA,-119.85255,47.2343,7365,"Quincy, WA",geonames,5807713
Mansfield Center,MA,-71.21808,42.02262,7360,"Mansfield Center, MA",geonames,7257704
Saint Augustine Shores,FL,-81.31035,29.8108,7359,"Saint Augustine Shores, FL",geonames,4170908
Nahuizalco,SV,-89.73667,13.7775,7358,"Nahuizalco, SV",geonames,3584297
Panotla,TL,-98.27013,19.31619,7356,"Panotla, TL",geonames,3521951
Canfield,OH,-80.76091,41.02506,7355,"Canfield, OH",geonames,5149205
Devils Lake,ND,-98.86512,48.11278,7351,"Devils Lake, ND",geonames,5058868
San Lorenzo Cacaotepec,OA,-96.80244,17.12774,7351,"San Lorenzo Cacaotepec, OA",geonames,3531875
Bay Wood,NY,-73.29123,40.7501,7350,"Bay Wood, NY",geonames,5108179
El Progreso,GUA,-89.84854,14.35604,7350,El Progreso,geonames,3596423
Hampden,MD,-76.63497,39.33094,7346,"Hampden, MD",geonames,4357268
Albertville,MN,-93.65441,45.23774,7345,"Albertville, MN",geonames,5016051
Murillo Colonia,TX,-98.11334,26.25646,7344,"Murillo Colonia, TX",geonames,4713506
Aberdeen,NC,-79.42948,35.13155,7343,"Aberdeen, NC",geonames,4452137
St. Mary Parish,AG,-61.87441,17.07223,7341,St. Mary Parish,geonames,13590586
La Feria,TX,-97.82389,26.15896,7338,"La Feria, TX",geonames,4703938
Morrow,GA,-84.33937,33.58317,7338,"Morrow, GA",geonames,4210254
Chontalpa,TB,-93.48087,17.6653,7336,"Chontalpa, TB",geonames,3530749
Hudson,NH,-71.43979,42.76481,7336,"Hudson, NH",geonames,5087752
Collinsville,VA,-79.91532,36.71514,7335,"Collinsville, VA",geonames,4753635
Flatwoods,KY,-82.71711,38.52258,7335,Flatwoods,geonames,4291884
Nebraska City,NE,-95.85917,40.67667,7335,"Nebraska City, NE",geonames,5073661
Tenango de las Flores,PU,-97.98806,20.20583,7334,"Tenango de las Flores, PU",geonames,8858195
San Sebastian,SV,-88.83333,13.73333,7333,"San Sebastian, SV",geonames,3583352
Emiliano Zapata (Santo Domingo),EM,-99.78806,19.57972,7331,"Emiliano Zapata (Santo Domingo), EM",geonames,3826966
Williston Park,NY,-73.64485,40.75649,7331,"Williston Park, NY",geonames,5144606
Devonshire Parish,BM,-64.7575,32.30582,7330,Devonshire Parish,geonames,13353864
Midland Park,NJ,-74.1407,40.98926,7329,"Midland Park, NJ",geonames,5101178
Grandview Heights,OH,-83.04074,39.97979,7328,"Grandview Heights, OH",geonames,4513057
Eastern Charlotte,NB,-66.79484,45.10301,7325,"Eastern Charlotte, NB",geonames,13592175
Hudsonville,MI,-85.86504,42.87086,7324,"Hudsonville, MI",geonames,4996736
Laughlin,NV,-114.57302,35.16778,7323,"Laughlin, NV",geonames,5507016
Delson,QC,-73.54917,45.36678,7322,"Delson, QC",geonames,5937612
Altoona,WI,-91.44321,44.80468,7321,"Altoona, WI",geonames,5243819
Floresville,TX,-98.15612,29.13358,7321,"Floresville, TX",geonames,4691553
Interlaken,CA,-121.73384,36.95134,7321,"Interlaken, CA",geonames,5359577
Middleborough Center,MA,-70.92618,41.8946,7319,"Middleborough Center, MA",geonames,7257713
Woodlake,VA,-77.67931,37.42106,7319,"Woodlake, VA",geonames,7728582
Guadalupe,CA,-120.57184,34.97164,7318,"Guadalupe, CA",geonames,5354591
Clarkston,WA,-117.04557,46.41629,7317,"Clarkston, WA",geonames,5790218
Tabasco,ZA,-102.91108,21.86315,7317,"Tabasco, ZA",geonames,3982729
Wauseon,OH,-84.14161,41.54922,7316,"Wauseon, OH",geonames,5175877
Jennings Lodge,OR,-122.61259,45.39123,7315,"Jennings Lodge, OR",geonames,5733582
Bloomfield,NM,-107.98451,36.71112,7314,"Bloomfield, NM",geonames,5458067
George Town,BS,-75.78665,23.51616,7314,George Town,geonames,3572349
Palmyra,NJ,-75.02823,40.00706,7314,"Palmyra, NJ",geonames,5102378
Coahuayana de Hidalgo,MI,-103.66271,18.70358,7307,"Coahuayana de Hidalgo, MI",geonames,4025994
Riverdale Park,MD,-76.93164,38.96344,7305,"Riverdale Park, MD",geonames,4366919
Franklin,LA,-91.5015,29.79604,7302,"Franklin, LA",geonames,4325150
Harrison,WI,-88.33591,44.22776,7302,"Harrison, WI",geonames,9682914
Livingston,MT,-110.56104,45.66244,7302,"Livingston, MT",geonames,5663049
Tilaran,CR,-84.96775,10.46701,7301,"Tilaran, CR",geonames,3621278
Fort Bragg,CA,-123.8057,39.4457,7300,"Fort Bragg, CA",curated,
St. Johnsbury,VT,-72.0151,44.4192,7300,"St. Johnsbury, VT",curated,
Santa Maria Ixtiyucan,PU,-97.81094,19.18688,7298,"Santa Maria Ixtiyucan, PU",geonames,3517246
Hopelchen,CM,-89.84437,19.74671,7295,"Hopelchen, CM",geonames,3527065
New Cumberland,PA,-76.8847,40.23231,7295,"New Cumberland, PA",geonames,5203164
Gros Morne,HT,-72.67808,19.6708,7294,Gros Morne,geonames,3724145
Hillsborough,NE,-96.12876,41.30037,7290,"Hillsborough, NE",geonames,12750326
Buechel,KY,-85.6519,38.19507,7287,Buechel,geonames,4286054
Salem,IL,-88.94562,38.62699,7287,"Salem, IL",geonames,4249286
Juarez,CS,-93.19253,17.60747,7286,"Juarez, CS",geonames,3815488
Oceano,CA,-120.61239,35.09886,7286,"Oceano, CA",geonames,5378763
Sabancuy,CM,-91.17783,18.9727,7286,"Sabancuy, CM",geonames,3520161
Villa de Etla,OA,-96.7989,17.20615,7285,"Villa de Etla, OA",geonames,3517937
Hastings,MI,-85.29084,42.64587,7284,"Hastings, MI",geonames,4995520
Westmere,NY,-73.86873,42.69119,7284,"Westmere, NY",geonames,5144097
Bermuda Dunes,CA,-116.28918,33.7428,7282,"Bermuda Dunes, CA",geonames,5327717
Forest City,NC,-81.8651,35.33401,7282,"Forest City, NC",geonames,4466720
Independencia,MO,-99.12237,18.87716,7282,"Independencia, MO",geonames,8858196
Lincolnshire,IL,-87.9084,42.19002,7282,"Lincolnshire, IL",geonames,4899983
Dry Run,OH,-84.33049,39.10423,7281,"Dry Run, OH",geonames,4510342
Maclovio Rojas,BC,-116.80278,32.47306,7279,"Maclovio Rojas, BC",geonames,8858197
Green Cove Springs,FL,-81.67815,29.99191,7277,"Green Cove Springs, FL",geonames,4157427
Santiago Suchilquitongo,OA,-96.87381,17.24764,7276,"Santiago Suchilquitongo, OA",geonames,3516923
Mead,WA,-117.35494,47.76739,7275,"Mead, WA",geonames,5802984
North Springfield,VA,-77.2047,38.80428,7274,"North Springfield, VA",geonames,4776472
Pinon Hills,CA,-117.64672,34.43333,7272,"Pinon Hills, CA",geonames,5383526
Neptune Beach,FL,-81.39647,30.31191,7269,"Neptune Beach, FL",geonames,4165695
Usmajac,JA,-103.54131,19.87468,7269,"Usmajac, JA",geonames,3980756
Odessa,FL,-82.59176,28.1939,7267,"Odessa, FL",geonames,4166787
Longboat Key,FL,-82.65899,27.41254,7266,"Longboat Key, FL",geonames,4162776
Westphalia,MD,-76.81108,38.84539,7266,"Westphalia, MD",geonames,4373275
Ville Platte,LA,-92.27152,30.68797,7264,"Ville Platte, LA",geonames,4344651
Lexington,VA,-79.44282,37.78402,7262,"Lexington, VA",geonames,4769339
Atotonilco el Grande,HG,-98.6685,20.28632,7261,"Atotonilco el Grande, HG",geonames,3532577
Napili-Honokowai,HI,-156.67826,20.97533,7261,"Napili-Honokowai, HI",geonames,7262771
Benemerito de las Americas,CS,-90.65338,16.51537,7259,"Benemerito de las Americas, CS",geonames,3816362
Madison,SD,-97.11395,44.00608,7258,"Madison, SD",geonames,5229526
Strathmore,NJ,-74.21348,40.39594,7258,"Strathmore, NJ",geonames,5105095
Grand Centre,AB,-110.21304,54.41628,7256,"Grand Centre, AB",geonames,12070752
San Marcos de Leon,VE,-96.96416,19.42255,7256,"San Marcos de Leon, VE",geonames,3518456
Tell City,IN,-86.76777,37.95144,7255,"Tell City, IN",geonames,4265717
Atotonilquillo,JA,-103.12363,20.39199,7249,"Atotonilquillo, JA",geonames,4017990
Orland Hills,IL,-87.84311,41.58531,7249,"Orland Hills, IL",geonames,4904934
Santo Domingo Zanatepec,OA,-94.34754,16.48307,7249,"Santo Domingo Zanatepec, OA",geonames,3516837
Knoxville,IA,-93.10937,41.32083,7248,"Knoxville, IA",geonames,4863705
Homestead Meadows South,TX,-106.16427,31.81097,7247,"Homestead Meadows South, TX",geonames,5523336
North Patchogue,NY,-73.009,40.78704,7246,"North Patchogue, NY",geonames,5129157
Ajacuba,HG,-99.12246,20.0917,7245,"Ajacuba, HG",geonames,3761012
Ayutla,JA,-104.34676,20.1291,7244,"Ayutla, JA",geonames,4017924
Bryans Road,MD,-77.07303,38.62706,7244,"Bryans Road, MD",geonames,4349727
Atizapan,EM,-99.55,19.25,7243,"Atizapan, EM",geonames,3532625
Coatepec Harinas,EM,-99.72153,18.89492,7243,"Coatepec Harinas, EM",geonames,3530527
Smithville,NJ,-74.45709,39.49401,7242,"Smithville, NJ",geonames,4504164
Southport,NY,-76.81912,42.0548,7238,"Southport, NY",geonames,5139058
Peralta,DO,-70.77029,18.58164,7236,Peralta,geonames,3495020
Sanibel,FL,-82.02231,26.44897,7236,"Sanibel, FL",geonames,4172052
Summit View,WA,-122.35202,47.13632,7236,"Summit View, WA",geonames,7315426
San Andres,GUA,-89.91181,16.96863,7235,San Andres,geonames,3590537
Inverness,FL,-82.33037,28.83582,7233,"Inverness, FL",geonames,4159786
Osceola,AR,-89.96953,35.70508,7233,"Osceola, AR",geonames,4125027
Elkins,WV,-79.84673,38.92594,7226,"Elkins, WV",geonames,4805033
Beacon Square,FL,-82.75538,28.20862,7224,"Beacon Square, FL",geonames,4146984
Swanzey,NH,-72.28175,42.8698,7224,"Swanzey, NH",geonames,5093422
Valley Center,KS,-97.37338,37.83473,7222,"Valley Center, KS",geonames,4280910
Woodland Park,CO,-105.05693,38.99388,7222,"Woodland Park, CO",geonames,5444689
Labrador City,NL,-66.91137,52.94626,7220,"Labrador City, NL",geonames,5994839
Saint Francis,MN,-93.3594,45.38691,7218,"Saint Francis, MN",geonames,5044485
Leola,PA,-76.18495,40.08787,7214,"Leola, PA",geonames,5197749
Putnam,CT,-71.90896,41.9151,7214,"Putnam, CT",geonames,4841187
Miacatlan,MO,-99.35944,18.76203,7212,"Miacatlan, MO",geonames,3523247
Concepcion del Oro,ZA,-101.42048,24.61317,7210,"Concepcion del Oro, ZA",geonames,4013039
Mount Sterling,KY,-83.94326,38.05647,7208,Mount Sterling,geonames,4301683
Mount Vernon,IN,-85.82415,40.66949,7208,"Mount Vernon, IN",geonames,4923914
La Concepcion de los Banos,EM,-99.86104,19.68249,7207,"La Concepcion de los Banos, EM",geonames,3525956
Soroa,CU,-83.01253,22.79837,7205,Soroa,geonames,3535775
Mendota,IL,-89.11759,41.54725,7204,"Mendota, IL",geonames,4901944
Asuncion Ixtaltepec,OA,-95.06045,16.50328,7203,"Asuncion Ixtaltepec, OA",geonames,3532658
Villa Comaltitlan,CS,-92.57604,15.21288,7201,"Villa Comaltitlan, CS",geonames,3514685
Donnacona,QC,-71.7239,46.68042,7200,"Donnacona, QC",geonames,7535690
Mill Bay,BC,-123.55,48.65,7200,"Mill Bay, BC",geonames,6073743
Rockland,ME,-69.1086,44.1037,7200,"Rockland, ME",curated,
San Jeronimo de Juarez,GR,-100.47067,17.13915,7200,"San Jeronimo de Juarez, GR",geonames,3986553
Sidney,NE,-102.9767,41.1449,7200,"Sidney, NE",curated,
Beaconsfield,MA,-71.14116,42.33676,7199,"Beaconsfield, MA",geonames,4930019
Hiawatha,IA,-91.68212,42.03583,7199,"Hiawatha, IA",geonames,4860452
El Rio,CA,-119.16383,34.23578,7198,"El Rio, CA",geonames,5345844
Tyrone,GA,-84.59715,33.47123,7194,"Tyrone, GA",geonames,4227612
Winooski,VT,-73.18568,44.49144,7193,"Winooski, VT",geonames,5243081
Pompano Beach Highlands,FL,-80.10699,26.28286,7192,"Pompano Beach Highlands, FL",geonames,4169018
Hudson Falls,NY,-73.58595,43.30063,7191,"Hudson Falls, NY",geonames,5121513
Kosciusko,MS,-89.58956,33.058,7187,"Kosciusko, MS",geonames,4432542
Yardville,NJ,-74.66432,40.18122,7186,"Yardville, NJ",geonames,4833084
Makawao,HI,-156.31306,20.85694,7184,"Makawao, HI",geonames,5850616
Highland Heights,KY,-84.45189,39.03312,7183,Highland Heights,geonames,4294788
Santa Anita Huiloac,TL,-98.14362,19.38841,7183,"Santa Anita Huiloac, TL",geonames,3517734
El Triunfo,HN,-87.0,13.11667,7182,"El Triunfo, HN",geonames,3610060
Delafield,WI,-88.40371,43.06084,7180,"Delafield, WI",geonames,5250393
Anse a Galets,HT,-72.86644,18.83449,7178,Anse a Galets,geonames,3731132
Minnetrista,MN,-93.71774,44.9383,7178,"Minnetrista, MN",geonames,5037793
Lake of the Woods,VA,-77.75969,38.33422,7177,"Lake of the Woods, VA",geonames,13236510
La Arena,PA,-80.46152,7.9694,7175,"La Arena, PA",geonames,3708171
Aramecina,HN,-87.71028,13.74222,7173,"Aramecina, HN",geonames,3615115
Conkal,YU,-89.51945,21.07499,7173,"Conkal, YU",geonames,3530295
Glenolden,PA,-75.28907,39.90011,7173,"Glenolden, PA",geonames,4558247
LaFayette,GA,-85.2819,34.7048,7173,"LaFayette, GA",geonames,4204241
Pleasantville,NY,-73.79263,41.13287,7173,"Pleasantville, NY",geonames,5131757
Southgate,FL,-82.50982,27.3081,7173,"Southgate, FL",geonames,4173634
Great Barrington,MA,-73.36206,42.19592,7172,"Great Barrington, MA",geonames,4938157
New London,WI,-88.73983,44.39276,7172,"New London, WI",geonames,5264455
Ciudad Cerralvo,NL,-99.6165,26.08596,7169,"Ciudad Cerralvo, NL",geonames,3531342
Douglas,MA,-71.73951,42.05426,7168,"Douglas, MA",geonames,4934999
Xocotla,VE,-97.10071,19.01479,7168,"Xocotla, VE",geonames,3514424
Atherton,CA,-122.19774,37.46133,7167,"Atherton, CA",geonames,5325147
Seward,NE,-97.09892,40.90695,7167,"Seward, NE",geonames,5078792
San Pedro de Tutule,HN,-87.85414,14.25145,7165,"San Pedro de Tutule, HN",geonames,3601784
Tila,CS,-92.42595,17.30032,7164,"Tila, CS",geonames,3515600
Vicente Camalote,OA,-96.52825,18.51385,7164,"Vicente Camalote, OA",geonames,3801271
Bellavista,JA,-103.63686,20.43356,7163,"Bellavista, JA",geonames,4017199
Mills River,NC,-82.56679,35.38845,7162,"Mills River, NC",geonames,4479639
Puruaran,MI,-101.52204,19.09748,7162,"Puruaran, MI",geonames,3991218
San Vicente Pacaya,GUA,-90.63613,14.41466,7162,San Vicente Pacaya,geonames,3589036
Shamokin,PA,-76.55885,40.78897,7162,"Shamokin, PA",geonames,5211622
Pacific,MO,-90.74152,38.482,7161,"Pacific, MO",geonames,4402300
San Andres Calpan,PU,-98.46188,19.10356,7161,"San Andres Calpan, PU",geonames,3519930
Applewood,CO,-105.1625,39.75778,7160,"Applewood, CO",geonames,5412030
Benque Viejo el Carmen,BZ,-89.13917,17.075,7160,"Benque Viejo el Carmen, BZ",geonames,3582662
San Jorge,NI,-85.80308,11.45584,7158,"San Jorge, NI",geonames,3616794
East Perrine,FL,-80.33894,25.60872,7156,"East Perrine, FL",geonames,4154051
Heber Springs,AR,-92.03126,35.49147,7156,"Heber Springs, AR",geonames,4114225
Kaufman,TX,-96.30887,32.58902,7156,"Kaufman, TX",geonames,4702728
Sausalito,CA,-122.48525,37.85909,7156,"Sausalito, CA",geonames,5393611
East Hills,NY,-73.62707,40.79371,7155,"East Hills, NY",geonames,5115904
Belen,NM,-106.77642,34.66284,7152,"Belen, NM",geonames,5456975
Blandon,PA,-75.88687,40.4412,7152,"Blandon, PA",geonames,5180859
Pinehurst,MA,-71.22811,42.52926,7152,"Pinehurst, MA",geonames,4947397
Kantunilkin,QR,-87.48644,21.10182,7150,"Kantunilkin, QR",geonames,3822702
Chuarrancho,GUA,-90.51568,14.81794,7149,Chuarrancho,geonames,3598277
Demopolis,AL,-87.8364,32.51764,7148,"Demopolis, AL",geonames,4058662
San Nicolas de los Agustinos,GT,-100.96598,20.24639,7148,"San Nicolas de los Agustinos, GT",geonames,3985248
Baie-Saint-Paul,QC,-70.49858,47.44109,7146,"Baie-Saint-Paul, QC",geonames,6690232
Catoosa,OK,-95.74582,36.18899,7146,"Catoosa, OK",geonames,4532493
Keyport,NJ,-74.19959,40.43316,7145,"Keyport, NJ",geonames,5100008
Trumann,AR,-90.50733,35.67369,7145,"Trumann, AR",geonames,4133933
Actipan de Morelos,PU,-97.79904,18.96003,7144,"Actipan de Morelos, PU",geonames,3818846
Gulf Hills,MS,-88.84225,30.43048,7144,"Gulf Hills, MS",geonames,4428654
Madison Park,NJ,-74.30792,40.4515,7144,"Madison Park, NJ",geonames,5100764
Cuapiaxtla de Madero,PU,-97.82382,18.91544,7139,"Cuapiaxtla de Madero, PU",geonames,3530032
Merritt,BC,-120.7942,50.11225,7139,"Merritt, BC",geonames,6072350
Marshfield,MO,-92.90712,37.33866,7138,"Marshfield, MO",geonames,4397238
West Vero Corridor,FL,-80.48576,27.63775,7138,"West Vero Corridor, FL",geonames,4177950
Jessup,MD,-76.77525,39.14927,7137,"Jessup, MD",geonames,4049032
San Francisco Pujiltic,CS,-92.45319,16.27922,7137,"San Francisco Pujiltic, CS",geonames,3816561
Independence,OH,-81.6379,41.36866,7135,"Independence, OH",geonames,5158404
Mantua,VA,-77.25943,38.85372,7135,"Mantua, VA",geonames,4771494
Santa Eulalia,CH,-105.88761,28.59454,7135,"Santa Eulalia, CH",geonames,4018365
Sullivan,MO,-91.16042,38.2081,7135,"Sullivan, MO",geonames,4410669
Bonne Terre,MO,-90.5554,37.92311,7133,"Bonne Terre, MO",geonames,4377913
Buenavista de Cuellar,GR,-99.40868,18.45958,7131,"Buenavista de Cuellar, GR",geonames,3531972
Islamorada,FL,-80.62784,24.9243,7131,"Islamorada, FL",geonames,4159839
San Juan Opico,SV,-89.35972,13.87611,7127,"San Juan Opico, SV",geonames,3583531
Parkwood,WA,-122.61014,47.53315,7126,"Parkwood, WA",geonames,5806274
Broadview Park,FL,-80.20866,26.09953,7125,"Broadview Park, FL",geonames,4148944
Pomona,NJ,-74.57516,39.47845,7124,"Pomona, NJ",geonames,4503665
Providence,UT,-111.81717,41.70632,7124,"Providence, UT",geonames,5780020
Pacific,WA,-122.25012,47.26455,7123,"Pacific, WA",geonames,5806017
Fayetteville,TN,-86.57055,35.15203,7121,"Fayetteville, TN",geonames,4621915
Piedmont,OK,-97.74643,35.642,7118,"Piedmont, OK",geonames,4547969
Lamani,HN,-87.62128,14.19626,7117,"Lamani, HN",geonames,3607436
Logan,OH,-82.4071,39.54007,7117,"Logan, OH",geonames,4516989
Greenville,NY,-73.81986,40.99315,7116,"Greenville, NY",geonames,5119405
San Diego de la Union,GT,-100.87298,21.46788,7116,"San Diego de la Union, GT",geonames,3987309
Cuero,TX,-97.28916,29.09387,7115,"Cuero, TX",geonames,4684547
Ixtlahuaca de Rayon,EM,-99.76694,19.56889,7114,"Ixtlahuaca de Rayon, EM",geonames,3526670
Vandalia,IL,-89.09368,38.9606,7112,"Vandalia, IL",geonames,4251917
Hempstead,TX,-96.07829,30.09744,7110,"Hempstead, TX",geonames,4697060
Walled Lake,MI,-83.48105,42.53781,7110,"Walled Lake, MI",geonames,5013961
Austell,GA,-84.63438,33.81261,7107,"Austell, GA",geonames,4180564
Pointe-du-Lac,QC,-71.78241,48.50009,7104,"Pointe-du-Lac, QC",geonames,6107683
Venice Gardens,FL,-82.4076,27.07311,7104,"Venice Gardens, FL",geonames,4176387
Village Saint George,LA,-91.06733,30.36214,7104,"Village Saint George, LA",geonames,4344644
Fort Belvoir,VA,-77.14589,38.7119,7100,"Fort Belvoir, VA",geonames,7257902
Los Serranos,CA,-117.70811,33.97279,7099,"Los Serranos, CA",geonames,5368618
Zacamulpa,EM,-99.33145,19.35565,7097,"Zacamulpa, EM",geonames,3827416
Chichicapa,TB,-93.18156,18.26122,7091,"Chichicapa, TB",geonames,3802121
Francisco I. Madero,NA,-104.82401,21.58232,7091,"Francisco I. Madero, NA",geonames,4006205
Santa Cruz,HN,-88.38333,14.01667,7089,"Santa Cruz, HN",geonames,3601662
Val-des-Sources,QC,-71.9324,45.76678,7088,"Val-des-Sources, QC",geonames,5887470
Richland,MS,-90.15842,32.23904,7087,"Richland, MS",geonames,4443249
Santa Ana Maya,MI,-101.02079,20.00743,7087,"Santa Ana Maya, MI",geonames,3984691
Camden,SC,-80.60702,34.24654,7085,"Camden, SC",geonames,4573209
Santo Tomas La Union,GUA,-91.41075,14.63219,7081,Santo Tomas La Union,geonames,3589062
Nindiri,NI,-86.12051,12.00324,7073,"Nindiri, NI",geonames,3617473
Whitefish,MT,-114.33763,48.41108,7073,"Whitefish, MT",geonames,5686121
Chiconcuac,MO,-99.20722,18.78278,7071,"Chiconcuac, MO",geonames,8858199
West Glens Falls,NY,-73.68401,43.30007,7071,"West Glens Falls, NY",geonames,5143817
New Paltz,NY,-74.08681,41.74759,7070,"New Paltz, NY",geonames,5128539
Villa Juarez,DG,-103.59389,25.49203,7069,"Villa Juarez, DG",geonames,3980162
Ponchatoula,LA,-90.44148,30.4388,7068,"Ponchatoula, LA",geonames,4337775
Amory,MS,-88.4881,33.98428,7067,"Amory, MS",geonames,4416192
Doxey,HG,-99.24362,20.09169,7066,"Doxey, HG",geonames,3529689
Dolores,NI,-86.21582,11.85624,7065,"Dolores, NI",geonames,3620163
San Miguel Tlaixpan,EM,-98.81083,19.50958,7064,"San Miguel Tlaixpan, EM",geonames,3817702
Dayton,NJ,-74.51015,40.37261,7063,"Dayton, NJ",geonames,5097152
Fairfield,NJ,-74.30598,40.88371,7063,"Fairfield, NJ",geonames,5097778
Ten Hills,MA,-71.087,42.39676,7062,"Ten Hills, MA",geonames,4952743
King,NC,-80.35922,36.28069,7059,"King, NC",geonames,4474316
Ecatzingo de Hidalgo,EM,-98.75198,18.95508,7058,"Ecatzingo de Hidalgo, EM",geonames,3529609
Kill Devil Hills,NC,-75.67601,36.03072,7058,"Kill Devil Hills, NC",geonames,4474274
Mims,FL,-80.84478,28.66527,7058,"Mims, FL",geonames,4164554
Russellville,KY,-86.88722,36.84532,7056,Russellville,geonames,4307025
Perry,FL,-83.58274,30.11766,7055,"Perry, FL",geonames,4168244
Savage,MD,-76.82386,39.13789,7054,"Savage, MD",geonames,4368879
Bellbrook,OH,-84.07077,39.63562,7053,"Bellbrook, OH",geonames,4506166
Georgetown,DE,-75.38547,38.69011,7051,"Georgetown, DE",geonames,4142643
Milltown,NJ,-74.44321,40.45622,7049,"Milltown, NJ",geonames,5101244
Clinton,IL,-88.96453,40.15365,7048,"Clinton, IL",geonames,4888217
Pelham,NY,-73.80791,40.90982,7048,"Pelham, NY",geonames,5130854
Alta Sierra,CA,-118.5539,35.73126,7047,"Alta Sierra, CA",geonames,5323499
Marshall,MI,-84.96331,42.27226,7045,"Marshall, MI",geonames,5000996
Bluewater,ON,-81.59977,43.46679,7044,"Bluewater, ON",geonames,5904501
Coteau-du-Lac,QC,-74.18253,45.30008,7044,"Coteau-du-Lac, QC",geonames,5928337
Potam,SO,-110.41774,27.62579,7044,"Potam, SO",geonames,3992154
Benton,IL,-88.92007,37.99672,7041,"Benton, IL",geonames,4233586
Eden Isle,LA,-89.79867,30.22853,7041,"Eden Isle, LA",geonames,4323546
Acultzingo,VE,-97.30367,18.71894,7040,"Acultzingo, VE",geonames,3533376
San Pedro Arriba,EM,-99.56253,19.48641,7040,"San Pedro Arriba, EM",geonames,3518020
Apaxtla de Castrejon,GR,-99.93255,18.13127,7037,"Apaxtla de Castrejon, GR",geonames,3532802
Crete,NE,-96.96142,40.62778,7037,"Crete, NE",geonames,5066435
Milton-Freewater,OR,-118.38774,45.93263,7035,"Milton-Freewater, OR",geonames,5740898
Ridley Park,PA,-75.3238,39.88122,7035,"Ridley Park, PA",geonames,4560709
Winters,CA,-121.9708,38.52491,7034,"Winters, CA",geonames,5410125
Lakes of the Four Seasons,IN,-87.21309,41.41032,7033,"Lakes of the Four Seasons, IN",geonames,4922562
Trinidad de Copan,HN,-88.7422,14.94567,7031,"Trinidad de Copan, HN",geonames,3600605
Huntingdon,PA,-78.01028,40.4848,7029,"Huntingdon, PA",geonames,5194590
Westminster,MA,-71.91063,42.54592,7028,"Westminster, MA",geonames,4955247
Mount Carmel,IL,-87.76142,38.41088,7027,"Mount Carmel, IL",geonames,4244967
San Martin,CA,-121.61022,37.08495,7027,"San Martin, CA",geonames,5392408
Savannah,TN,-88.2492,35.2248,7027,"Savannah, TN",geonames,4656006
Apetatitlan Antonio Carbajal,TL,-98.17912,19.33622,7026,"Apetatitlan Antonio Carbajal, TL",geonames,3518140
San Ciro de Acosta,SL,-99.81916,21.65072,7026,"San Ciro de Acosta, SL",geonames,3519570
Tuxtla Chico,CS,-92.1666,14.93954,7026,"Tuxtla Chico, CS",geonames,3515002
Galeana,NL,-100.07601,24.82528,7024,"Galeana, NL",geonames,4006081
Delphos,OH,-84.34162,40.84338,7023,"Delphos, OH",geonames,5151941
Guacimo,CR,-83.68793,10.2129,7022,"Guacimo, CR",geonames,3623601
Huron,OH,-82.55517,41.39505,7022,"Huron, OH",geonames,5158298
Jolalpan,PU,-98.84489,18.32495,7022,"Jolalpan, PU",geonames,3819050
Coaticook,QC,-71.79907,45.13339,7021,"Coaticook, QC",geonames,5924500
Withamsville,OH,-84.28827,39.06228,7021,"Withamsville, OH",geonames,4528596
Baltimore Highlands,MD,-76.63663,39.23316,7019,"Baltimore Highlands, MD",geonames,4347800
Atenas,CR,-84.37886,9.97489,7014,"Atenas, CR",geonames,3624842
Colon,QT,-100.05005,20.78299,7014,"Colon, QT",geonames,4013487
El Factor,DO,-69.88827,19.31834,7014,El Factor,geonames,3507628
Stratford,NJ,-75.01545,39.82678,7013,"Stratford, NJ",geonames,4504336
Dalton,MA,-73.16621,42.4737,7012,"Dalton, MA",geonames,4934429
Lake Lorraine,FL,-86.56523,30.44159,7010,"Lake Lorraine, FL",geonames,4161296
Umatilla,OR,-119.34252,45.91735,7009,"Umatilla, OR",geonames,5758052
Chanal,CS,-92.2575,16.6575,7008,"Chanal, CS",geonames,8858200
Oak Hill Park,MA,-71.18561,42.29454,7008,"Oak Hill Park, MA",geonames,4946102
Tolleson,AZ,-112.25932,33.45004,7008,"Tolleson, AZ",geonames,5317663
Idabel,OK,-94.82633,33.89566,7007,"Idabel, OK",geonames,4539224
Nyack,NY,-73.91791,41.09065,7004,"Nyack, NY",geonames,5129433
Bowling Green,MO,-91.1951,39.342,7003,"Bowling Green, MO",curated,
Eagle Mountain,TX,-97.44446,32.89346,7003,"Eagle Mountain, TX",geonames,4687588
Eglin Village,FL,-86.5394,30.46298,7000,"Eglin Village, FL",geonames,4154270
Great Exuma,BS,-75.7333,23.5167,7000,Great Exuma,curated,
Ione,CA,-120.93272,38.35269,7000,"Ione, CA",geonames,5359634
North Portland,OR,-122.70343,45.61039,7000,"North Portland, OR",geonames,5743422
Playa Baracoa,CU,-82.56723,23.04601,7000,Playa Baracoa,geonames,3543913
San Francisco de Ojuera,HN,-88.18333,14.75,7000,"San Francisco de Ojuera, HN",geonames,3602275
Tamalpais Valley,CA,-122.54581,37.87965,7000,"Tamalpais Valley, CA",geonames,5401017
East End,AR,-92.34099,34.55065,6998,"East End, AR",geonames,4109452
Santa Teresa,GT,-101.31732,20.95971,6998,"Santa Teresa, GT",geonames,3983764
Pacific Palisades,HI,-157.95349,21.42562,6997,"Pacific Palisades, HI",geonames,5851889
Hampstead,QC,-73.6467,45.48075,6996,"Hampstead, QC",geonames,5970014
Tallulah,LA,-91.18678,32.40848,6995,"Tallulah, LA",geonames,4343103
Fairfield Glade,TN,-84.88634,36.00035,6989,"Fairfield Glade, TN",geonames,4621447
Totolac,TL,-98.25834,19.3258,6989,"Totolac, TL",geonames,3815419
Caucel,YU,-89.70682,21.01589,6988,"Caucel, YU",geonames,3531406
Jesus de Otoro,HN,-87.98181,14.48775,6988,"Jesus de Otoro, HN",geonames,3608715
Fort Myers Beach,FL,-81.95011,26.45271,6983,"Fort Myers Beach, FL",geonames,4155996
North Sarasota,FL,-82.51843,27.37393,6982,"North Sarasota, FL",geonames,4166298
Orange Lake,NY,-74.0982,41.53982,6982,"Orange Lake, NY",geonames,5129919
Kenwood,OH,-84.36716,39.21061,6981,"Kenwood, OH",geonames,4515813
Old Jefferson,LA,-91.01705,30.38269,6980,"Old Jefferson, LA",geonames,4335963
Roosevelt,UT,-109.98876,40.2994,6980,"Roosevelt, UT",geonames,5780699
Santa Maria Chiquimula,GUA,-91.3292,15.02992,6980,Santa Maria Chiquimula,geonames,3589256
Burton,SC,-80.724,32.43575,6976,"Burton, SC",geonames,4572881
Kingston,RI,-71.52256,41.48038,6974,"Kingston, RI",geonames,5223006
Middlebury,CT,-73.12761,41.52787,6974,"Middlebury, CT",geonames,4838611
Valley Park,MO,-90.49262,38.54922,6974,"Valley Park, MO",geonames,4412820
Linwood,NJ,-74.57516,39.33984,6973,"Linwood, NJ",geonames,4502690
San Juan Cosala,JA,-103.34109,20.28756,6973,"San Juan Cosala, JA",geonames,3985913
South Weber,UT,-111.93022,41.13244,6971,"South Weber, UT",geonames,5781809
King,ON,-79.59011,43.96514,6970,"King, ON",geonames,5992180
Freeland,MI,-84.12276,43.52503,6969,"Freeland, MI",geonames,4993402
Norwich,NY,-75.52351,42.53118,6968,"Norwich, NY",geonames,5129359
Portage Lakes,OH,-81.52706,41.00728,6968,"Portage Lakes, OH",geonames,5167293
Xaltianguis,GR,-99.71557,17.09834,6965,"Xaltianguis, GR",geonames,3514583
Cameron Park,TX,-97.47665,25.96452,6963,"Cameron Park, TX",geonames,4678379
Cameron Park Colonia,TX,-97.47832,25.97147,6963,"Cameron Park Colonia, TX",geonames,4678381
Port Wallace,NS,-63.54767,44.69882,6963,"Port Wallace, NS",geonames,6112050
Bull Savannah,JM,-77.59022,17.88678,6962,Bull Savannah,geonames,3491161
El Suchil,GR,-100.63917,17.22694,6962,"El Suchil, GR",geonames,8858201
Guillermo Zuniga,TM,-99.1927,24.01982,6961,"Guillermo Zuniga, TM",geonames,3517482
Archbald,PA,-75.53685,41.4948,6960,"Archbald, PA",geonames,5178450
Sturtevant,WI,-87.89452,42.69807,6960,"Sturtevant, WI",geonames,5274885
Zacapechpan,PU,-98.35109,19.05441,6959,"Zacapechpan, PU",geonames,9870991
San Buenaventura,CH,-107.46078,29.84348,6957,"San Buenaventura, CH",geonames,4016722
Dade City,FL,-82.19592,28.36472,6955,"Dade City, FL",geonames,4152695
Wiwili,NI,-85.8254,13.62679,6955,"Wiwili, NI",geonames,3615683
San Francisco Tepeolulco,EM,-99.98834,19.83291,6954,"San Francisco Tepeolulco, EM",geonames,3827027
Scappoose,OR,-122.8776,45.75428,6954,"Scappoose, OR",geonames,5750663
El Campanario y Oradel,TM,-99.62,27.47306,6951,"El Campanario y Oradel, TM",geonames,8858202
La Junta,CO,-103.54383,37.98501,6951,"La Junta, CO",geonames,5427705
Bridgeport,MI,-83.88164,43.35947,6950,"Bridgeport, MI",geonames,4986963
Stratham Station,NH,-70.89533,43.05287,6949,"Stratham Station, NH",geonames,5093259
Black Jack,MO,-90.26733,38.79338,6947,"Black Jack, MO",geonames,4377295
La Concepcion,NI,-86.18976,11.93711,6946,"La Concepcion, NI",geonames,3618648
Etowah,NC,-82.59429,35.31762,6944,"Etowah, NC",geonames,4465507
Laurel,MT,-108.77153,45.66912,6943,"Laurel, MT",geonames,5661766
Presas,HG,-99.25242,20.15946,6942,"Presas, HG",geonames,3814128
El Diez,SI,-107.45194,24.72389,6939,"El Diez, SI",geonames,8858203
Nolensville,TN,-86.66944,35.95229,6939,"Nolensville, TN",geonames,4645738
Oaxtepec,MO,-98.95644,18.91825,6939,"Oaxtepec, MO",geonames,3522505
Sturgeon Falls,ON,-79.91636,46.36679,6939,"Sturgeon Falls, ON",geonames,6158573
Terrace Heights,WA,-120.43979,46.60624,6937,"Terrace Heights, WA",geonames,5813249
Colonial Heights,TN,-82.5032,36.4851,6934,"Colonial Heights, TN",geonames,4614843
Nandasmo,NI,-86.12072,11.92411,6934,"Nandasmo, NI",geonames,3617510
Live Oak,FL,-82.98402,30.29495,6931,"Live Oak, FL",geonames,4162461
Central York,NB,-66.90803,46.0051,6930,"Central York, NB",geonames,13592178
Auburndale,MA,-71.2495,42.34732,6928,"Auburndale, MA",geonames,4929432
Milton,PA,-76.84774,41.01203,6928,"Milton, PA",geonames,5201470
Cortland,OH,-80.72536,41.33033,6927,"Cortland, OH",geonames,5151174
Rumson,NJ,-73.99903,40.37205,6926,"Rumson, NJ",geonames,5103564
Great Neck Plaza,NY,-73.72652,40.78677,6925,"Great Neck Plaza, NY",geonames,5119226
Moapa Valley,NV,-114.47026,36.58053,6924,"Moapa Valley, NV",geonames,5508473
La Alianza,HN,-87.72444,13.51222,6923,"La Alianza, HN",geonames,3615250
San Agustin de las Juntas,OA,-96.7118,17.01211,6923,"San Agustin de las Juntas, OA",geonames,3520000
Tingueindin,MI,-102.48163,19.73892,6923,"Tingueindin, MI",geonames,3981516
Gypsum,CO,-106.95171,39.64693,6922,"Gypsum, CO",geonames,5424152
Hickam Field,HI,-157.96018,21.33967,6920,"Hickam Field, HI",geonames,7262713
Belle Plaine,MN,-93.76857,44.62274,6918,"Belle Plaine, MN",geonames,5017761
Robinwood,MD,-77.65694,39.63704,6918,"Robinwood, MD",geonames,4367035
Saint Albans,VT,-73.08319,44.81088,6918,"Saint Albans, VT",geonames,5240569
Templeton,MA,-72.06758,42.55564,6918,"Templeton, MA",geonames,4952731
Santa Clara de Valladares,MI,-102.49115,19.63852,6917,"Santa Clara de Valladares, MI",geonames,3984564
Ignacio Zaragoza,TL,-97.92122,19.29228,6916,"Ignacio Zaragoza, TL",geonames,3815325
Paya,DO,-70.2956,18.26196,6916,Paya,geonames,3495159
Galax,VA,-80.92397,36.66124,6914,"Galax, VA",geonames,4760376
Ojocaliente,AG,-102.67527,21.87703,6914,Ojocaliente,geonames,4021095
Prospect,KY,-81.33277,19.27971,6912,Prospect,geonames,3580553
South Cleveland,TN,-84.89,35.106,6912,"South Cleveland, TN",geonames,4658861
Monte Blanco,VE,-97.01679,18.9663,6911,"Monte Blanco, VE",geonames,3523040
Copalillo,GR,-99.04124,18.03427,6910,"Copalillo, GR",geonames,3530259
Homeacre-Lyndora,PA,-79.9206,40.87206,6906,"Homeacre-Lyndora, PA",geonames,7258746
Yehualtepec,PU,-97.6616,18.79518,6903,"Yehualtepec, PU",geonames,3514272
Villa Alberto Andres Alvarado Aramburo,BS,-113.38472,27.64444,6902,Villa Alberto Andres Alvarado Aramburo,geonames,8858204
Elkins Park,PA,-75.12684,40.07706,6901,"Elkins Park, PA",geonames,5188546
Stratmoor,CO,-104.7797,38.77388,6900,"Stratmoor, CO",geonames,5440520
Jonuta,TB,-92.13807,18.08984,6899,"Jonuta, TB",geonames,3526453
Litchfield,IL,-89.65426,39.17533,6897,"Litchfield, IL",geonames,4243131
Saint-Remi,QC,-73.61588,45.26678,6891,"Saint-Remi, QC",geonames,6138987
Oasis,CA,-116.09889,33.46586,6890,"Oasis, CA",geonames,5378617
Pantelho,CS,-92.47057,17.0052,6888,"Pantelho, CS",geonames,3517659
Treasure Island,FL,-82.76899,27.76919,6887,"Treasure Island, FL",geonames,4175626
Mountainside,NJ,-74.35737,40.67232,6885,"Mountainside, NJ",geonames,5101601
Campbellton,NB,-66.67272,48.00751,6883,"Campbellton, NB",geonames,6696258
Lucas,TX,-96.57666,33.08429,6883,"Lucas, TX",geonames,4708255
El Ocotito,GR,-99.51525,17.24603,6882,"El Ocotito, GR",geonames,3528601
Gorham,ME,-70.44422,43.67952,6882,"Gorham, ME",geonames,4965481
Mount Ivy,NY,-74.03486,41.18676,6878,"Mount Ivy, NY",geonames,5127741
Tufts University,MA,-71.1192,42.40745,6877,"Tufts University, MA",geonames,13286809
Milford,OH,-84.29438,39.17534,6876,"Milford, OH",geonames,4518307
Blackwell,OK,-97.28282,36.80448,6875,"Blackwell, OK",geonames,4530866
Lantana,TX,-97.12416,33.09073,6874,"Lantana, TX",geonames,7315364
Zongolica,VE,-96.99707,18.66673,6874,"Zongolica, VE",geonames,3514008
Camasca,HN,-88.37973,13.99677,6873,"Camasca, HN",geonames,3614328
Coacotla,VE,-94.66422,17.9358,6873,"Coacotla, VE",geonames,3530568
Leitchfield,KY,-86.29386,37.48005,6873,Leitchfield,geonames,4297882
Plaquemine,LA,-91.23497,30.29005,6871,"Plaquemine, LA",geonames,4337436
Pollock Pines,CA,-120.58611,38.76158,6871,"Pollock Pines, CA",geonames,5384133
Viola,NY,-74.08236,41.13648,6868,"Viola, NY",geonames,5142362
Villanueva,PU,-97.71935,19.06085,6866,"Villanueva, PU",geonames,3517797
Ambridge,PA,-80.22506,40.58923,6859,"Ambridge, PA",geonames,5178228
Jackson,WI,-88.16676,43.32389,6859,"Jackson, WI",geonames,5257669
Mechanicstown,NY,-74.38849,41.44287,6858,"Mechanicstown, NY",geonames,5126509
Coyuca de Catalan,GR,-100.69898,18.32614,6857,"Coyuca de Catalan, GR",geonames,4012607
Ephraim,UT,-111.58631,39.35968,6857,"Ephraim, UT",geonames,5538927
Pacora,PA,-79.28957,9.08252,6856,"Pacora, PA",geonames,3703647
Cherry,NE,-101.1503,42.556,6855,"Cherry, NE",curated,
Laurel Hill,VA,-77.23686,38.71663,6855,"Laurel Hill, VA",geonames,9670593
Cottage Grove,WI,-89.19956,43.07611,6854,"Cottage Grove, WI",geonames,5249503
Mira Monte,CA,-119.28511,34.43361,6854,"Mira Monte, CA",geonames,5373504
North Syracuse,NY,-76.12992,43.13479,6853,"North Syracuse, NY",geonames,5129242
Schriever,LA,-90.81037,29.74215,6853,"Schriever, LA",geonames,4341007
Anton,PA,-80.26499,8.39677,6851,"Anton, PA",geonames,3714710
El Coacoyul,GR,-101.47571,17.6381,6850,"El Coacoyul, GR",geonames,4010311
Pratt,KS,-98.73759,37.64391,6849,"Pratt, KS",geonames,4277752
Santa Ana Nopalucan,TL,-98.33321,19.2981,6848,"Santa Ana Nopalucan, TL",geonames,3815433
Tlacotepec,GR,-99.97961,17.78978,6848,"Tlacotepec, GR",geonames,3515477
Bargersville,IN,-86.16777,39.52088,6846,"Bargersville, IN",geonames,4254124
Carthage,TX,-94.33742,32.15738,6844,"Carthage, TX",geonames,4679272
Ocean City,MD,-75.0849,38.3365,6844,"Ocean City, MD",curated,
Peace River,AB,-117.29176,56.23715,6842,"Peace River, AB",geonames,6100069
Imuris,SO,-110.84596,30.78955,6841,"Imuris, SO",geonames,4004399
Santa Clara,UT,-113.65413,37.13304,6841,"Santa Clara, UT",geonames,5546441
Morelos,CO,-100.88854,28.40676,6839,"Morelos, CO",geonames,3995395
Walden,NY,-74.18848,41.5612,6839,"Walden, NY",geonames,5143066
Mazatan,CS,-92.44939,14.86313,6838,"Mazatan, CS",geonames,3523418
Pihuamo,JA,-103.38275,19.24991,6838,"Pihuamo, JA",geonames,3992599
Huron,CA,-120.10292,36.20273,6836,"Huron, CA",geonames,5358769
Loomis,CA,-121.193,38.82129,6836,"Loomis, CA",geonames,5368233
Orchard Mesa,CO,-108.529,39.048,6836,"Orchard Mesa, CO",geonames,5433549
Slave Lake,AB,-114.76896,55.28344,6836,"Slave Lake, AB",geonames,6149374
Tolcayuca,HG,-98.91941,19.95814,6836,"Tolcayuca, HG",geonames,3515321
Newport,TN,-83.18766,35.96704,6834,"Newport, TN",geonames,4645532
Atlantic,IA,-95.01388,41.4036,6833,"Atlantic, IA",geonames,4847385
Coacoatzintla,VE,-96.94043,19.65163,6832,"Coacoatzintla, VE",geonames,3530564
Nevada,IA,-93.45243,42.02277,6831,"Nevada, IA",geonames,4868620
San Carlos Sija,GUA,-91.54912,14.98436,6831,San Carlos Sija,geonames,3590347
San Jeronimito,GR,-101.34562,17.56818,6830,"San Jeronimito, GR",geonames,3986600
Tamaqua,PA,-75.96937,40.79731,6829,"Tamaqua, PA",geonames,5215142
Yarmouth,NS,-66.11557,43.83345,6829,"Yarmouth, NS",geonames,6185217
Middleton,ID,-116.62014,43.70683,6828,"Middleton, ID",geonames,5600890
Sidney,MT,-104.15633,47.71668,6828,"Sidney, MT",geonames,5677735
Roeland Park,KS,-94.63218,39.03751,6827,"Roeland Park, KS",geonames,4278272
San Antonio Mihuacan,PU,-98.30472,19.15333,6826,"San Antonio Mihuacan, PU",geonames,8858205
Sequim,WA,-123.10234,48.07963,6826,"Sequim, WA",geonames,5809983
Warwick,NY,-74.35988,41.25648,6823,"Warwick, NY",geonames,5143285
Allendale,NJ,-74.12903,41.04149,6822,"Allendale, NJ",geonames,5095124
Gibsons,BC,-123.50555,49.39539,6821,"Gibsons, BC",geonames,5960971
Hewlett,NY,-73.69569,40.64316,6819,"Hewlett, NY",geonames,5120598
North Amherst,MA,-72.53092,42.41037,6819,"North Amherst, MA",geonames,4945497
Winthrop Harbor,IL,-87.82368,42.47891,6818,"Winthrop Harbor, IL",geonames,4916894
Barrington,NJ,-75.05517,39.86484,6817,"Barrington, NJ",geonames,4500653
Carmel Hamlet,NY,-73.68524,41.41485,6817,"Carmel Hamlet, NY",geonames,7258078
Raudales Malpaso,CS,-93.60583,17.18833,6817,"Raudales Malpaso, CS",geonames,8858206
Buena Vista,MI,-83.89858,43.4203,6816,"Buena Vista, MI",geonames,4987304
Celestun,YU,-90.39741,20.86031,6810,"Celestun, YU",geonames,3531368
Maraita,HN,-87.03972,13.88417,6809,"Maraita, HN",geonames,3605021
Pearl City,NI,-83.67123,12.34294,6809,"Pearl City, NI",geonames,3618522
Tuttle,OK,-97.81227,35.29089,6805,"Tuttle, OK",geonames,4553574
Stevensville,MD,-76.3144,38.98067,6803,"Stevensville, MD",geonames,4370366
Darnestown,MD,-77.29082,39.10344,6802,"Darnestown, MD",geonames,4352795
San Nicolas Tolentino,EM,-99.57167,19.35889,6798,"San Nicolas Tolentino, EM",geonames,8858207
Zempoala,HG,-98.666,19.91587,6798,"Zempoala, HG",geonames,3514043
Lockwood,MT,-108.41486,45.81912,6797,"Lockwood, MT",geonames,5663135
Kirtland,OH,-81.3615,41.62894,6793,"Kirtland, OH",geonames,5159809
Whitemarsh Island,GA,-81.01678,32.02882,6792,"Whitemarsh Island, GA",geonames,4230760
Hornsby Bend,TX,-97.58333,30.24743,6791,"Hornsby Bend, TX",geonames,4698809
Indaparapeo,MI,-100.96851,19.78967,6791,"Indaparapeo, MI",geonames,4004394
Myers Corner,NY,-73.87291,41.6062,6790,"Myers Corner, NY",geonames,5128238
Nopalucan,PU,-97.82272,19.2184,6789,"Nopalucan, PU",geonames,3522645
Groesbeck,OH,-84.58689,39.22311,6788,"Groesbeck, OH",geonames,4513394
Lake City,SC,-79.75535,33.871,6788,"Lake City, SC",geonames,4584322
Palmer,AK,-149.11456,61.59941,6788,"Palmer, AK",geonames,5871146
Cacalchen,YU,-89.22686,20.98358,6787,"Cacalchen, YU",geonames,3531892
Nappanee,IN,-86.00139,41.44283,6787,"Nappanee, IN",geonames,4924077
Martins Ferry,OH,-80.72453,40.09591,6786,"Martins Ferry, OH",geonames,5162044
Stickney,IL,-87.78283,41.82142,6786,"Stickney, IL",geonames,4912555
Cot,CR,-83.8745,9.89472,6784,"Cot, CR",geonames,3624057
Crescent City,CA,-124.201,41.7558,6783,"Crescent City, CA",curated,
Tesechoacan,VE,-95.65835,18.13749,6783,"Tesechoacan, VE",geonames,3514686
Atkinson,NH,-71.147,42.83842,6782,"Atkinson, NH",geonames,5082790
Landen,OH,-84.28299,39.312,6782,"Landen, OH",geonames,4516248
Stanwood,WA,-122.37071,48.24121,6779,"Stanwood, WA",geonames,5811995
Bolondron,CU,-81.4478,22.76307,6778,Bolondron,geonames,3567082
Ciudad Ayala,MO,-98.98222,18.76694,6777,"Ciudad Ayala, MO",geonames,3532530
Golfito,CR,-83.11342,8.60327,6777,"Golfito, CR",geonames,3623656
San Luis,GUA,-89.44028,16.19889,6776,San Luis,geonames,3589841
Petalcingo,CS,-92.41511,17.22715,6775,"Petalcingo, CS",geonames,3521610
San Joaquin Coapango,EM,-98.82739,19.54043,6774,"San Joaquin Coapango, EM",geonames,3519032
Tonanitla,EM,-99.05342,19.68794,6774,"Tonanitla, EM",geonames,3827597
Gibsonville,NC,-79.54225,36.10569,6773,"Gibsonville, NC",geonames,4467926
Saint-Zotique,QC,-74.24924,45.25009,6773,"Saint-Zotique, QC",geonames,6139216
Hamilton,AL,-87.98864,34.14232,6772,"Hamilton, AL",geonames,4065965
Monjaras,HN,-87.37417,13.20056,6772,"Monjaras, HN",geonames,3604686
Cos Cob,CT,-73.59957,41.03343,6770,"Cos Cob, CT",geonames,4831969
Fairview,GA,-85.2844,34.94563,6769,"Fairview, GA",geonames,4194202
Taylor Mill,KY,-84.49633,38.99756,6769,Taylor Mill,geonames,4310616
Clackamas,OR,-122.57037,45.40762,6767,"Clackamas, OR",geonames,5719308
East Porterville,CA,-118.97566,36.05745,6767,"East Porterville, CA",geonames,5345049
Ogden,NC,-77.81859,34.27239,6766,"Ogden, NC",geonames,4483174
Bayville,NY,-73.56207,40.91065,6764,"Bayville, NY",geonames,5108202
Panchimalco,SV,-89.18,13.61278,6764,"Panchimalco, SV",geonames,3584156
Breezy Castle,KY,-81.36068,19.29613,6763,Breezy Castle,geonames,3580724
Cojumatlan de Regules,MI,-102.85149,20.11829,6763,"Cojumatlan de Regules, MI",geonames,4013522
Nitro,WV,-81.84402,38.41481,6763,"Nitro, WV",geonames,4816665
West Point,NY,-73.95597,41.39148,6763,"West Point, NY",geonames,5143966
Commerce,GA,-83.45711,34.204,6762,"Commerce, GA",geonames,4189014
Bowleys Quarters,MD,-76.39024,39.33539,6755,"Bowleys Quarters, MD",geonames,4349175
Fox Point,WI,-87.90175,43.15751,6755,"Fox Point, WI",geonames,5253662
Santa Maria Jajalpa,EM,-99.53583,19.11167,6755,"Santa Maria Jajalpa, EM",geonames,3827304
Ahuacatlan,NA,-104.48473,21.0507,6754,"Ahuacatlan, NA",geonames,4019089
Villa Azueta,VE,-95.71225,18.07418,6754,"Villa Azueta, VE",geonames,9111588
Grove,OK,-94.76912,36.59369,6751,"Grove, OK",geonames,4538126
West Bridgewater,MA,-71.00782,42.01899,6750,"West Bridgewater, MA",geonames,4954886
Esqueda,SO,-109.58781,30.7275,6749,"Esqueda, SO",geonames,4006532
Mount Olympus,UT,-111.78854,40.6855,6748,"Mount Olympus, UT",geonames,5778601
Souderton,PA,-75.32518,40.31177,6747,"Souderton, PA",geonames,5212897
Tancitaro,MI,-102.36281,19.3368,6747,"Tancitaro, MI",geonames,3982548
Brook Highland,AL,-86.67388,33.43566,6746,"Brook Highland, AL",geonames,4051894
Taneytown,MD,-77.17443,39.65788,6746,"Taneytown, MD",geonames,4370931
Greenbrier,TN,-86.80472,36.42755,6745,"Greenbrier, TN",geonames,4626286
Kimberly,WI,-88.339,44.27221,6744,"Kimberly, WI",geonames,5258575
Manorhaven,NY,-73.71485,40.84316,6744,"Manorhaven, NY",geonames,5125813
La Reforma,SI,-108.05626,25.08189,6743,"La Reforma, SI",geonames,4000490
San Juan Tehuixtitlan,EM,-98.76718,19.05428,6743,"San Juan Tehuixtitlan, EM",geonames,3817610
Ixtenco,TL,-97.89412,19.25146,6741,"Ixtenco, TL",geonames,3518649
Saint-Anselme,NB,-64.71261,46.06395,6740,"Saint-Anselme, NB",geonames,6137419
Morrilton,AR,-92.74405,35.15092,6738,"Morrilton, AR",geonames,4122218
Huandacareo,MI,-101.27607,19.98864,6736,"Huandacareo, MI",geonames,4004690
Acuitzio del Canje,MI,-101.33294,19.49639,6733,"Acuitzio del Canje, MI",geonames,4019757
Estacion Bamoa,SI,-108.31311,25.7075,6733,"Estacion Bamoa, SI",geonames,9023824
Willow Oak,FL,-82.01786,27.91614,6732,"Willow Oak, FL",geonames,4178449
Pignon,HT,-72.11662,19.33594,6731,Pignon,geonames,3718834
Aquia Harbour,VA,-77.38887,38.46262,6727,"Aquia Harbour, VA",geonames,4744645
Rio Viejo Primera Seccion,TB,-92.98022,17.93913,6726,"Rio Viejo Primera Seccion, TB",geonames,3802698
Kincardine,ON,-81.63307,44.18339,6725,"Kincardine, ON",geonames,5992144
Milton Upper Mills,MA,-71.09533,42.26121,6725,"Milton Upper Mills, MA",geonames,4944203
Jesus Maria Garza,CS,-93.29368,16.39669,6724,"Jesus Maria Garza, CS",geonames,3816654
New Waterford,NS,-60.08175,46.25014,6723,"New Waterford, NS",geonames,6087843
La Pila,SL,-100.86786,22.03425,6722,"La Pila, SL",geonames,4000811
Brandywine,MD,-76.84775,38.69678,6719,"Brandywine, MD",geonames,4349283
Church Hill,TN,-82.71349,36.52232,6719,"Church Hill, TN",geonames,4613560
Beaubassin East,NB,-64.418,46.20917,6718,"Beaubassin East, NB",geonames,13592165
Anadarko,OK,-98.24366,35.07256,6717,"Anadarko, OK",geonames,4529353
Mision de Chichimecas,GT,-100.49219,21.28979,6716,"Mision de Chichimecas, GT",geonames,3995699
Marion,SC,-79.40061,34.17822,6714,"Marion, SC",geonames,4586266
Watford City,ND,-103.28325,47.80224,6708,"Watford City, ND",geonames,5692814
De Queen,AR,-94.34132,34.03789,6707,"De Queen, AR",geonames,4107802
Oyster Bay,NY,-73.53207,40.86565,6707,"Oyster Bay, NY",geonames,5130327
Parkville,PA,-76.96331,39.78121,6706,"Parkville, PA",geonames,4560237
Wedgefield,FL,-81.07729,28.48778,6705,"Wedgefield, FL",geonames,4177617
Clarenville,NL,-53.96482,48.1666,6704,"Clarenville, NL",geonames,5923118
Whitinsville,MA,-71.66618,42.11121,6704,"Whitinsville, MA",geonames,4955539
Santa Cruz del Monte,EM,-99.22867,19.76702,6703,"Santa Cruz del Monte, EM",geonames,8858208
Farmington,AR,-94.24715,36.04202,6701,"Farmington, AR",geonames,4110443
Laborie,LC,-60.98333,13.75,6701,Laborie,geonames,3576663
Arenal,EM,-98.94278,19.38111,6700,"Arenal, EM",geonames,8858209
Millersville,TN,-86.71,36.37116,6700,"Millersville, TN",geonames,4641974
Santa Ana Ixtlahuatzingo (Santa Ana),EM,-99.62361,18.97056,6697,"Santa Ana Ixtlahuatzingo (Santa Ana), EM",geonames,3517763
Big Park,AZ,-111.76265,34.7803,6695,"Big Park, AZ",geonames,5553533
Lower Allen,PA,-76.90053,40.22648,6694,"Lower Allen, PA",geonames,5199075
Belle Isle,FL,-81.35924,28.45834,6689,"Belle Isle, FL",geonames,4147247
Thomson,GA,-82.50457,33.47069,6689,"Thomson, GA",geonames,4226435
Silsbee,TX,-94.17796,30.3491,6688,"Silsbee, TX",geonames,4728653
Sturgis,SD,-103.50908,44.40971,6688,"Sturgis, SD",geonames,5769489
Fircrest,WA,-122.51596,47.23954,6687,"Fircrest, WA",geonames,5794416
San Juan Huactzinco,TL,-98.25259,19.23342,6687,"San Juan Huactzinco, TL",geonames,3815391
Hope,BC,-121.44144,49.38299,6686,"Hope, BC",geonames,5976783
San Felipe Orizatlan,HG,-98.60744,21.17109,6686,"San Felipe Orizatlan, HG",geonames,3522302
West View,PA,-80.03422,40.52229,6685,"West View, PA",geonames,5218918
Clifton Heights,PA,-75.2963,39.92928,6684,"Clifton Heights, PA",geonames,4557228
Flowery Branch,GA,-83.92518,34.1851,6683,"Flowery Branch, GA",geonames,4195544
Belfast,ME,-69.00642,44.42591,6682,"Belfast, ME",geonames,4957956
Cedarhurst,NY,-73.7243,40.62288,6682,"Cedarhurst, NY",geonames,5111974
Ettrick,VA,-77.42998,37.24015,6682,"Ettrick, VA",geonames,4757863
West St. Paul,MB,-97.14213,50.01043,6682,"West St. Paul, MB",geonames,13100188
Clairton,PA,-79.88171,40.29229,6681,"Clairton, PA",geonames,5184396
Seneca Falls,NY,-76.79662,42.91062,6681,"Seneca Falls, NY",geonames,5137622
Air Force Academy,CO,-104.86375,38.99425,6680,"Air Force Academy, CO",geonames,7260752
Loma de Cabrera,DO,-71.6,19.43333,6679,Loma de Cabrera,geonames,3499602
North Bend,WA,-121.78678,47.49566,6679,"North Bend, WA",geonames,5804915
Eagle,CO,-106.82865,39.65526,6678,"Eagle, CO",geonames,5420328
Dillon,SC,-79.37116,34.41655,6677,"Dillon, SC",geonames,4576653
Plessisville,QC,-71.76201,46.21856,6677,"Plessisville, QC",geonames,6945991
Saint Gabriel,LA,-91.09927,30.2577,6677,"Saint Gabriel, LA",geonames,4339690
Oxchuc,CS,-92.34439,16.78661,6675,"Oxchuc, CS",geonames,3522256
Garden Home-Whitford,OR,-122.75891,45.464,6674,"Garden Home-Whitford, OR",geonames,7261327
Scottsburg,IN,-85.77025,38.68561,6674,"Scottsburg, IN",geonames,4264555
South Hill,NY,-76.49494,42.42924,6673,"South Hill, NY",geonames,5138884
Oak Ridge,NC,-79.98893,36.17347,6671,"Oak Ridge, NC",geonames,4482941
Woodridge,DC,-76.97109,38.93122,6671,Washington D.C.,geonames,4141126
Carbondale,CO,-107.21116,39.40221,6670,"Carbondale, CO",geonames,5416113
Torrington,WY,-104.18439,42.06246,6669,"Torrington, WY",geonames,5841207
Trinity,NC,-79.99087,35.89458,6669,"Trinity, NC",geonames,4495616
Valley City,ND,-98.00315,46.92331,6669,"Valley City, ND",geonames,5062292
Normandy Park,WA,-122.34068,47.43621,6668,"Normandy Park, WA",geonames,5804885
Welcome,SC,-82.43901,34.82651,6668,"Welcome, SC",geonames,4600413
East Rochester,NY,-77.4875,43.10867,6666,"East Rochester, NY",geonames,5116047
East Shoreham,NY,-72.87955,40.94482,6666,"East Shoreham, NY",geonames,5116063
Greenville,IL,-89.41314,38.89227,6666,"Greenville, IL",geonames,4239867
Noble,OK,-97.39475,35.13924,6666,"Noble, OK",geonames,4543733
North Riverside,IL,-87.82311,41.84281,6665,"North Riverside, IL",geonames,4904002
Ponciano Arriaga,SL,-98.58972,22.26222,6665,"Ponciano Arriaga, SL",geonames,8708781
Brownsburg-Chatham,QC,-74.4159,45.68342,6664,"Brownsburg-Chatham, QC",geonames,5909969
Uspantan,GUA,-90.8705,15.34672,6664,Uspantan,geonames,3588043
San Salvador,BS,-111.1543,24.7798,6663,San Salvador,curated,
Madras,OR,-121.12949,44.63345,6662,"Madras, OR",geonames,5738690
Ancient Oaks,PA,-75.58935,40.54732,6661,"Ancient Oaks, PA",geonames,5178280
North Caldwell,NJ,-74.2582,40.86482,6661,"North Caldwell, NJ",geonames,5101901
San Cristobal Nexquipayac,EM,-98.93053,19.5801,6661,"San Cristobal Nexquipayac, EM",geonames,3817729
Opp,AL,-86.25551,31.28267,6658,"Opp, AL",geonames,4081683
Litchfield,MN,-94.52805,45.12718,6657,"Litchfield, MN",geonames,5034813
Boyes Hot Springs,CA,-122.48193,38.3138,6656,"Boyes Hot Springs, CA",geonames,5330427
Brier,WA,-122.27429,47.78454,6656,"Brier, WA",geonames,5788125
Ponoka,AB,-113.58147,52.6768,6656,"Ponoka, AB",geonames,6109273
Dolores,HN,-88.81637,14.87459,6652,"Dolores, HN",geonames,3612838
Wollochet,WA,-122.58402,47.26871,6651,"Wollochet, WA",geonames,5816413
Hapeville,GA,-84.4102,33.66011,6650,"Hapeville, GA",geonames,4199075
Pea Ridge,WV,-82.31987,38.41397,6650,"Pea Ridge, WV",geonames,4817825
Ixhuatlan del Cafe,VE,-96.98391,19.05118,6649,"Ixhuatlan del Cafe, VE",geonames,3526713
Montevallo,AL,-86.86416,33.10067,6648,"Montevallo, AL",geonames,4076771
Pingree Grove,IL,-88.41342,42.06864,6648,"Pingree Grove, IL",geonames,4906035
Elsa,TX,-97.99306,26.2934,6647,"Elsa, TX",geonames,4689120
Thermalito,CA,-121.58692,39.51128,6646,"Thermalito, CA",geonames,5402159
San Sebastian de Aparicio,PU,-98.16083,19.10333,6644,"San Sebastian de Aparicio, PU",geonames,8858211
Viera West,FL,-80.7338,28.24504,6641,"Viera West, FL",geonames,7315242
Fraccionamiento Colinas del Sol,EM,-99.74028,19.37222,6640,"Fraccionamiento Colinas del Sol, EM",geonames,8858212
Airway Heights,WA,-117.59327,47.64461,6639,"Airway Heights, WA",geonames,5785378
Folcroft,PA,-75.2838,39.89095,6637,"Folcroft, PA",geonames,4558004
Southampton Parish,BM,-64.85474,32.25164,6633,Southampton Parish,geonames,13353870
Pastor Ortiz,MI,-101.59699,20.3026,6630,"Pastor Ortiz, MI",geonames,4023964
Tecumseh,OK,-96.93669,35.25785,6630,"Tecumseh, OK",geonames,4552820
Santa Maria la Alta,PU,-97.65809,18.59982,6626,"Santa Maria la Alta, PU",geonames,3517241
Barnesville,GA,-84.15575,33.05457,6625,"Barnesville, GA",geonames,4181110
Moncion,DO,-71.15257,19.41083,6625,Moncion,geonames,3496284
Santa Ana Jilotzingo,EM,-99.48836,19.45617,6625,"Santa Ana Jilotzingo, EM",geonames,3827428
San Jeronimo Coyula,PU,-98.51706,18.89438,6622,"San Jeronimo Coyula, PU",geonames,11095456
Elmendorf Air Force Base,AK,-149.63139,61.25703,6621,"Elmendorf Air Force Base, AK",geonames,8605012
Copala,GR,-98.97821,16.60774,6619,"Copala, GR",geonames,3530264
La Pradera,QT,-100.34222,20.65889,6619,"La Pradera, QT",geonames,8858213
North Vernon,IN,-85.62358,39.00617,6619,"North Vernon, IN",geonames,4262318
Buena Vista,VA,-79.35392,37.7343,6618,"Buena Vista, VA",geonames,4749715
Green Hill,TN,-86.54944,36.22283,6618,"Green Hill, TN",geonames,4626181
East Glenville,NY,-73.9279,42.89452,6616,"East Glenville, NY",geonames,5115857
Farr West,UT,-112.02772,41.29717,6616,"Farr West, UT",geonames,5774685
Horseheads,NY,-76.82051,42.16702,6616,"Horseheads, NY",geonames,5121309
Oneonta,AL,-86.47276,33.94815,6615,"Oneonta, AL",geonames,4081671
Tochtepec,PU,-97.82282,18.83928,6615,"Tochtepec, PU",geonames,3515330
Tappan,NY,-73.94736,41.02204,6613,"Tappan, NY",geonames,5140532
Wharton,NJ,-74.58183,40.89315,6613,"Wharton, NJ",geonames,5106361
Youngtown,AZ,-112.30294,33.59393,6613,"Youngtown, AZ",geonames,5322027
Batesville,IN,-85.22218,39.30005,6611,"Batesville, IN",geonames,4254185
Gleneagle,CO,-104.82442,39.04527,6611,"Gleneagle, CO",geonames,5423078
Old Greenwich,CT,-73.56485,41.02287,6611,"Old Greenwich, CT",geonames,4839983
California,PA,-79.89171,40.06563,6608,"California, PA",geonames,5182733
Irvington,NY,-73.86823,41.03922,6607,"Irvington, NY",geonames,5122365
Estacion Santa Engracia,TM,-99.20194,24.01528,6606,"Estacion Santa Engracia, TM",geonames,8669542
Emmett,ID,-116.4993,43.8735,6604,"Emmett, ID",geonames,5592562
Lacy-Lakeview,TX,-97.10278,31.62933,6604,"Lacy-Lakeview, TX",geonames,4704238
Lomas de Santa Anita,BC,-116.65139,32.54278,6604,"Lomas de Santa Anita, BC",geonames,8858214
Morelos,ZA,-102.6097,22.86223,6602,"Morelos, ZA",geonames,3995398
Saint Anne,IL,-87.7134,41.0252,6600,"Saint Anne, IL",curated,
Benito Garcia (El Zorrillo),BC,-116.51139,31.67111,6598,"Benito Garcia (El Zorrillo), BC",geonames,8858215
Springs,NY,-72.15924,41.01621,6592,"Springs, NY",geonames,5139294
Wildwood,FL,-82.04058,28.86542,6590,"Wildwood, FL",geonames,4178292
Middlebury (village),VT,-73.16937,44.01553,6588,"Middlebury (village), VT",geonames,5238499
Shields,MI,-84.05637,43.4153,6587,"Shields, MI",geonames,5009717
Centerville,SC,-82.70402,34.53205,6586,"Centerville, SC",geonames,4574140
Strasburg,VA,-78.35862,38.98872,6586,"Strasburg, VA",geonames,4787974
Saint John,MO,-90.34627,38.71484,6584,"Saint John, MO",geonames,4406941
Carrollton,MI,-83.93025,43.45864,6583,"Carrollton, MI",geonames,4988132
Enfield,NS,-63.53613,44.9434,6583,"Enfield, NS",geonames,5948805
Lomas Verdes,VE,-96.88899,19.50446,6583,"Lomas Verdes, VE",geonames,8858216
Forest Glen,MD,-77.0547,39.01455,6582,"Forest Glen, MD",geonames,4355214
Gridley,CA,-121.69358,39.36378,6582,"Gridley, CA",geonames,5354307
Los Fresnos,TX,-97.47637,26.07174,6582,"Los Fresnos, TX",geonames,4707932
Rittman,OH,-81.78208,40.97811,6580,"Rittman, OH",geonames,5168225
Cosala,SI,-106.69204,24.41144,6577,"Cosala, SI",geonames,4012707
Roslyn Heights,NY,-73.64735,40.78871,6577,"Roslyn Heights, NY",geonames,5134420
Villa Madero,MI,-101.27871,19.39177,6577,"Villa Madero, MI",geonames,3980152
Xilitla,SL,-98.99009,21.38681,6576,"Xilitla, SL",geonames,3514502
Cornwall,PE,-63.21809,46.22652,6574,"Cornwall, PE",geonames,5928063
Lake Shore,WA,-122.69093,45.69067,6571,"Lake Shore, WA",geonames,5800314
Canton,NY,-75.16909,44.59562,6570,"Canton, NY",geonames,5111484
Lower Allston,MA,-71.12583,42.36465,6570,"Lower Allston, MA",geonames,13286805
Cochituate,MA,-71.36423,42.32093,6569,"Cochituate, MA",geonames,4933493
El Sauz,QT,-100.11537,20.47836,6569,"El Sauz, QT",geonames,4007554
Mont-Joli,QC,-68.19214,48.58388,6568,"Mont-Joli, QC",geonames,6944113
Jimani,DO,-71.85148,18.48775,6567,Jimani,geonames,3504077
Temascal,OA,-96.40312,18.24186,6566,"Temascal, OA",geonames,3801261
Siesta Key,FL,-82.54526,27.26785,6565,"Siesta Key, FL",geonames,4172935
Richboro,PA,-75.01072,40.21511,6563,"Richboro, PA",geonames,5208166
Bedford,VA,-79.52309,37.33431,6561,"Bedford, VA",geonames,4746265
Guadalupe,PA,-79.81184,8.86064,6561,"Guadalupe, PA",geonames,3708954
Campamento,HN,-86.65,14.55,6560,"Campamento, HN",geonames,3614319
La Cabecera,EM,-99.74806,19.35611,6559,"La Cabecera, EM",geonames,3827250
Lawrence,NY,-73.72958,40.61566,6559,"Lawrence, NY",geonames,5124087
Abilene,KS,-97.21391,38.91722,6558,"Abilene, KS",geonames,4267354
Hillsboro,OH,-83.61159,39.20229,6557,"Hillsboro, OH",geonames,4514282
Southeast Arcadia,FL,-81.8521,27.18629,6554,"Southeast Arcadia, FL",geonames,7260157
Marquelia,GR,-98.81686,16.58335,6553,"Marquelia, GR",geonames,3822029
Temozon,YU,-88.20155,20.80393,6553,"Temozon, YU",geonames,3516022
Henderson,TN,-88.64144,35.43924,6552,"Henderson, TN",geonames,4628695
Brook Farm,MA,-71.16303,42.28859,6551,"Brook Farm, MA",geonames,13286804
Copainala,CS,-93.21063,17.09331,6550,"Copainala, CS",geonames,3530267
Lago Vista,TX,-97.98835,30.4602,6550,"Lago Vista, TX",geonames,4704276
West Fens,MA,-71.09839,42.34298,6548,"West Fens, MA",geonames,13308082
Santa Maria Magdalena Ocotitlan,EM,-99.62418,19.23713,6547,"Santa Maria Magdalena Ocotitlan, EM",geonames,3522459
Soltepec,PU,-97.70861,19.12111,6547,"Soltepec, PU",geonames,3516552
Unionville,NC,-80.50896,35.08737,6547,"Unionville, NC",geonames,4496304
Devon,AB,-113.73533,53.36683,6545,"Devon, AB",geonames,5938801
Ellettsville,IN,-86.625,39.23393,6544,"Ellettsville, IN",geonames,4257110
Inverness Highlands South,FL,-82.3371,28.80055,6542,"Inverness Highlands South, FL",geonames,7259892
Chautla,PU,-98.15288,18.96573,6540,"Chautla, PU",geonames,3516818
Miramar,CR,-84.72978,10.0925,6540,"Miramar, CR",geonames,3622854
Nanoose Bay,BC,-124.19332,49.27237,6540,"Nanoose Bay, BC",geonames,8504652
Seaside,OR,-123.92264,45.99316,6540,"Seaside, OR",geonames,5750984
Stephenville,NL,-58.5818,48.55001,6540,"Stephenville, NL",geonames,6156244
Cherry Hills Village,CO,-104.95943,39.64165,6539,"Cherry Hills Village, CO",geonames,5416824
Silver Springs Shores,FL,-82.02064,29.10442,6539,"Silver Springs Shores, FL",geonames,4173007
Geneseo,IL,-90.15428,41.44809,6538,"Geneseo, IL",geonames,4893581
Laurence Harbor,NJ,-74.24653,40.45677,6536,"Laurence Harbor, NJ",geonames,5100340
Lake Hallie,WI,-91.44071,44.87579,6535,"Lake Hallie, WI",geonames,5259182
Villa Garcia,ZA,-101.95488,22.16244,6535,"Villa Garcia, ZA",geonames,3980177
Yorketown,NJ,-74.33765,40.30789,6535,"Yorketown, NJ",geonames,5106645
Saint Joseph,MN,-94.31833,45.56496,6534,"Saint Joseph, MN",geonames,5044896
Tequisistlan,EM,-98.94105,19.59642,6532,"Tequisistlan, EM",geonames,3817730
North Brighton,MA,-71.13839,42.35843,6531,"North Brighton, MA",geonames,4945542
Cerano,GT,-101.3869,20.10803,6530,"Cerano, GT",geonames,4014842
Nizao,DO,-70.21053,18.24697,6530,Nizao,geonames,3495811
Eliot,ME,-70.80006,43.15314,6528,"Eliot, ME",geonames,4963642
Millidgeville,NB,-66.10319,45.3017,6527,"Millidgeville, NB",geonames,6074123
Rocky Mountain House,AB,-114.9188,52.36683,6527,"Rocky Mountain House, AB",geonames,6126749
Upper Sandusky,OH,-83.28131,40.82728,6527,"Upper Sandusky, OH",geonames,5174870
Villa Mariano Matamoros,TL,-98.37827,19.32659,6527,"Villa Mariano Matamoros, TL",geonames,3519410
Catasauqua,PA,-75.47463,40.65482,6525,"Catasauqua, PA",geonames,5183438
Lincoln,AL,-86.11831,33.61316,6524,"Lincoln, AL",geonames,4072767
Santiago de Cuenda,GT,-100.99575,20.59899,6524,"Santiago de Cuenda, GT",geonames,3983641
New Milford,CT,-73.40845,41.57704,6523,"New Milford, CT",geonames,4839435
Decatur,TX,-97.58614,33.23428,6521,"Decatur, TX",geonames,4685617
Eatonton,GA,-83.3885,33.3268,6520,"Eatonton, GA",geonames,4192800
San Jeronimo Amanalco,EM,-98.75673,19.51791,6519,"San Jeronimo Amanalco, EM",geonames,3817705
Belle Haven,VA,-77.06303,38.78539,6518,"Belle Haven, VA",geonames,4746457
Boyette,FL,-82.22259,27.81753,6518,"Boyette, FL",geonames,4148674
Taxisco,GUA,-90.46791,14.06719,6518,Taxisco,geonames,3588491
Port-Cartier,QC,-66.86545,50.03339,6516,"Port-Cartier, QC",geonames,6111696
San Rafael,VE,-96.86737,20.18862,6515,"San Rafael, VE",geonames,3517915
Rossford,OH,-83.56438,41.60977,6512,"Rossford, OH",geonames,5168673
Becal,CM,-90.02738,20.44172,6511,"Becal, CM",geonames,3532326
Calverton,NY,-72.74343,40.90649,6510,"Calverton, NY",geonames,5111137
Riverside,MD,-76.88525,39.17344,6507,"Riverside, MD",geonames,4366930
Gaspar Hernandez,DO,-70.27772,19.62748,6506,Gaspar Hernandez,geonames,3505488
Ambler,PA,-75.22157,40.15455,6505,"Ambler, PA",geonames,5178225
Avon,CO,-106.52225,39.63137,6505,"Avon, CO",geonames,5412396
Monticello,NY,-74.68933,41.65565,6505,"Monticello, NY",geonames,5127359
Lutherville,MD,-76.62608,39.42122,6504,"Lutherville, MD",geonames,4361379
Constancia,SI,-108.9034,25.96588,6500,"Constancia, SI",geonames,4002789
Ocampo,GT,-101.47923,21.64761,6499,"Ocampo, GT",geonames,3994535
Atequiza,JA,-103.13882,20.39519,6498,"Atequiza, JA",geonames,4018027
Champion Heights,OH,-80.84595,41.28999,6498,"Champion Heights, OH",geonames,7259582
Washington,NJ,-74.97934,40.75843,6498,"Washington, NJ",geonames,5106057
Waslala,NI,-85.37,13.335,6498,"Waslala, NI",geonames,3615745
Vandenberg Village,CA,-120.46766,34.70832,6497,"Vandenberg Village, CA",geonames,5405737
Cofradia,CL,-103.55,19.43333,6495,"Cofradia, CL",geonames,4013567
De Soto,MO,-90.55513,38.1395,6495,"De Soto, MO",geonames,4383513
Tomala,HN,-88.78399,14.22647,6495,"Tomala, HN",geonames,3600686
Rockaway,NJ,-74.51432,40.90121,6494,"Rockaway, NJ",geonames,5103396
Hurricane,WV,-82.02014,38.43259,6493,"Hurricane, WV",geonames,4809558
Collinsville,OK,-95.83888,36.36454,6492,"Collinsville, OK",geonames,4533909
Johnson Lane,NV,-119.72212,39.04796,6490,"Johnson Lane, NV",geonames,5506353
Paraiso,DO,-71.16526,17.99172,6490,Paraiso,geonames,3495272
Lovejoy,GA,-84.31437,33.43622,6487,"Lovejoy, GA",geonames,4206905
Macclenny,FL,-82.12206,30.28218,6487,"Macclenny, FL",geonames,4163083
Cheverly,MD,-76.91581,38.92817,6485,"Cheverly, MD",geonames,4351327
Kentfield,CA,-122.5572,37.95215,6485,"Kentfield, CA",geonames,5362864
Macultepec,TB,-92.85962,18.14326,6485,"Macultepec, TB",geonames,3523794
East Farmingdale,NY,-73.41679,40.72927,6484,"East Farmingdale, NY",geonames,5115838
Gun Bay,KY,-81.09202,19.31077,6483,Gun Bay,geonames,3580650
Ishpeming,MI,-87.66764,46.48855,6483,"Ishpeming, MI",geonames,4997281
Medfield,MA,-71.30645,42.1876,6483,"Medfield, MA",geonames,4943616
Castroville,CA,-121.758,36.76579,6481,"Castroville, CA",geonames,5334937
Prospect Park,PA,-75.30824,39.88789,6481,"Prospect Park, PA",geonames,4560549
Hueyapan,MO,-98.682,18.8897,6478,"Hueyapan, MO",geonames,3526934
Belpre,OH,-81.5729,39.27396,6476,"Belpre, OH",geonames,4506187
Brookings,OR,-124.28398,42.05261,6476,"Brookings, OR",geonames,5715905
Fort Pierce North,FL,-80.3593,27.47364,6474,"Fort Pierce North, FL",geonames,7259773
Spring Lake Park,MN,-93.238,45.10774,6473,"Spring Lake Park, MN",geonames,5048361
Milford,MI,-83.59939,42.59364,6472,"Milford, MI",geonames,5001972
Nuevo Cuscatlan,SV,-89.26528,13.64861,6469,"Nuevo Cuscatlan, SV",geonames,3584251
Tlapanaloya,EM,-99.09664,19.93619,6466,"Tlapanaloya, EM",geonames,3515383
Plattsmouth,NE,-95.88223,41.01139,6462,"Plattsmouth, NE",geonames,5075348
Powell,WY,-108.75735,44.75384,6462,"Powell, WY",geonames,5835606
Union,OH,-84.30633,39.89783,6461,"Union, OH",geonames,4526790
Lauderdale-by-the-Sea,FL,-80.09643,26.19203,6460,"Lauderdale-by-the-Sea, FL",geonames,4161624
Vida Mejor I,CS,-92.30778,14.86972,6460,"Vida Mejor I, CS",geonames,8858217
Atempan,PU,-97.45855,19.83945,6457,"Atempan, PU",geonames,3532639
Lihue,HI,-159.3721,21.98121,6455,"Lihue, HI",geonames,5850248
Ridgefield,WA,-122.7426,45.81511,6455,"Ridgefield, WA",geonames,5808311
Hamlet,NC,-79.69422,34.88488,6454,"Hamlet, NC",geonames,4469730
Thurmont,MD,-77.41082,39.62371,6454,"Thurmont, MD",geonames,4371334
Kula,HI,-156.32695,20.79094,6452,"Kula, HI",geonames,8531961
Lanett,AL,-85.1905,32.86874,6452,"Lanett, AL",geonames,4071763
Nibley,UT,-111.833,41.67438,6451,"Nibley, UT",geonames,5778898
Bethel,AK,-161.75583,60.79222,6450,"Bethel, AK",geonames,5880568
Covedale,OH,-84.60633,39.12117,6447,"Covedale, OH",geonames,4509506
Geneva,OH,-82.43349,39.66201,6447,"Geneva, OH",geonames,4512557
Nuevo,CA,-117.14587,33.80141,6447,"Nuevo, CA",geonames,5378087
Mattydale,NY,-76.1452,43.09784,6446,"Mattydale, NY",geonames,5126246
San Vicente Tancuayalab,SL,-98.58769,21.71886,6444,"San Vicente Tancuayalab, SL",geonames,3516764
Forest Hills,PA,-79.85005,40.41979,6443,"Forest Hills, PA",geonames,5189981
Oakmont,PA,-79.84227,40.52173,6443,"Oakmont, PA",geonames,5204203
Sudden Valley,WA,-122.34655,48.72289,6441,"Sudden Valley, WA",geonames,5812434
Taretan,MI,-101.91782,19.33439,6440,"Taretan, MI",geonames,3982377
Bronxville,NY,-73.83208,40.93815,6438,"Bronxville, NY",geonames,5110269
Pocahontas,AR,-90.97123,36.26146,6438,"Pocahontas, AR",geonames,4126923
Tacana,GUA,-92.06721,15.24058,6438,Tacana,geonames,3588612
Wheelersburg,OH,-82.85545,38.73035,6437,"Wheelersburg, OH",geonames,4528203
Hudson,NY,-73.79096,42.25286,6436,"Hudson, NY",geonames,5121509
Landing,NJ,-74.66516,40.9051,6436,"Landing, NJ",geonames,5100308
Licey al Medio,DO,-70.6,19.43333,6435,Licey al Medio,geonames,3499748
Kermit,TX,-103.09267,31.85763,6434,"Kermit, TX",geonames,5524527
South Monroe,MI,-83.41771,41.89588,6433,"South Monroe, MI",geonames,5010569
Gladewater,TX,-94.94272,32.53653,6432,"Gladewater, TX",geonames,4693621
Jaltepec,HG,-98.41712,20.11552,6431,"Jaltepec, HG",geonames,3526598
Tamayo,DO,-71.2029,18.3947,6429,Tamayo,geonames,3492520
Exeter,RI,-71.53756,41.5776,6426,"Exeter, RI",geonames,5222019
Solvay,NY,-76.20743,43.05812,6425,"Solvay, NY",geonames,5138674
Cynthiana,KY,-84.2941,38.39035,6423,Cynthiana,geonames,4289323
Whitmore Lake,MI,-83.7453,42.4397,6423,"Whitmore Lake, MI",geonames,5014946
La Magdalena Tetela Morelos,PU,-97.94131,19.04922,6421,"La Magdalena Tetela Morelos, PU",geonames,3523752
Corry,PA,-79.64033,41.92033,6420,"Corry, PA",geonames,5185490
Monument,CO,-104.87276,39.09166,6420,"Monument, CO",geonames,5431740
Hillsborough,NC,-79.09973,36.07542,6415,"Hillsborough, NC",geonames,4471241
Talent,OR,-122.78865,42.24568,6411,"Talent, OR",geonames,5755890
Half Moon Bay,KY,-81.15102,19.29689,6408,Half Moon Bay,geonames,3580647
Riverton,WA,-122.29457,47.48427,6407,"Riverton, WA",geonames,5808432
Teculutan,GUA,-89.71936,14.98901,6407,Teculutan,geonames,3588469
Holtville,CA,-115.38026,32.81116,6404,"Holtville, CA",geonames,5357598
San Bartolo Tlaxihuicalco,EM,-99.15972,19.73094,6404,"San Bartolo Tlaxihuicalco, EM",geonames,3827582
Inwood,FL,-81.76508,28.03697,6403,"Inwood, FL",geonames,4159796
Posoltega,NI,-86.97982,12.54422,6403,"Posoltega, NI",geonames,3617191
Sealy,TX,-96.15718,29.78079,6403,"Sealy, TX",geonames,4727629
Waspan,NI,-83.9717,14.74189,6403,"Waspan, NI",geonames,3615730
La Constitucion Toltepec,EM,-99.54917,19.34861,6402,"La Constitucion Toltepec, EM",geonames,8858218
Pointe-Calumet,QC,-73.9659,45.50008,6396,"Pointe-Calumet, QC",geonames,6107272
Dahlonega,GA,-83.98491,34.53259,6394,"Dahlonega, GA",geonames,4190542
La Lira,QT,-100.16282,20.47619,6394,"La Lira, QT",geonames,4001597
Chirilagua,SV,-88.13861,13.22028,6393,"Chirilagua, SV",geonames,3587018
West Somerville/Davis Square,MA,-71.12255,42.39593,6393,"West Somerville/Davis Square, MA",geonames,4955085
Waveland,MS,-89.37616,30.28686,6391,"Waveland, MS",geonames,4450411
San Manuel,HN,-87.92115,15.33143,6389,"San Manuel, HN",geonames,3601921
Milliken,CO,-104.85525,40.32943,6388,"Milliken, CO",geonames,5579899
Camp Swift,TX,-97.29221,30.19077,6383,"Camp Swift, TX",geonames,4678565
Bartonville,IL,-89.65205,40.65032,6382,"Bartonville, IL",geonames,4884161
Bridgeport,TX,-97.75476,33.21012,6381,"Bridgeport, TX",geonames,4676327
Carapan,MI,-102.0377,19.85962,6379,"Carapan, MI",geonames,4015467
Eudora,KS,-95.09858,38.94334,6378,"Eudora, KS",geonames,4271196
Mattapoisett,MA,-70.81615,41.65844,6378,"Mattapoisett, MA",geonames,4943432
Saint-Honore,QC,-71.08236,48.53338,6376,"Saint-Honore, QC",geonames,6138360
Tamarindo,CR,-85.84107,10.29913,6375,"Tamarindo, CR",geonames,6619864
Moraine,OH,-84.21938,39.70617,6373,"Moraine, OH",geonames,4518661
Wimauma,FL,-82.29898,27.71253,6373,"Wimauma, FL",geonames,4178488
Purcell,OK,-97.36114,35.01368,6370,"Purcell, OK",geonames,4548560
Prairie View,TX,-95.98773,30.09327,6369,"Prairie View, TX",geonames,4720493
Fort Lincoln,DC,-76.95636,38.92233,6367,Washington D.C.,geonames,4138715
San Jose Acatempa,GUA,-90.12694,14.26528,6367,San Jose Acatempa,geonames,3590053
Cherry Valley,CA,-116.97725,33.97252,6362,"Cherry Valley, CA",geonames,5336185
Ayapango,EM,-98.79988,19.12692,6361,"Ayapango, EM",geonames,3532525
Topolobampo,SI,-109.0504,25.60055,6361,"Topolobampo, SI",geonames,3981345
Hampstead,MD,-76.84998,39.60483,6359,"Hampstead, MD",geonames,4357279
Bremen,GA,-85.1455,33.72122,6355,"Bremen, GA",geonames,4184222
Beauceville,QC,-70.77873,46.21785,6354,"Beauceville, QC",geonames,6295855
Bellwood,VA,-77.43748,37.42181,6352,"Bellwood, VA",geonames,4746526
Everman,TX,-97.28918,32.63097,6352,"Everman, TX",geonames,4689708
Howland Center,OH,-80.74536,41.25117,6351,"Howland Center, OH",geonames,5158123
Woodfin,NC,-82.58207,35.63344,6349,"Woodfin, NC",geonames,4499850
Pelican Bay,FL,-81.80564,26.2312,6346,"Pelican Bay, FL",geonames,4168095
Douglas,WY,-105.3826,42.7596,6345,"Douglas, WY",curated,
White Oak,TX,-94.86133,32.52792,6345,"White Oak, TX",geonames,4741501
Garrett,IN,-85.13553,41.34949,6344,"Garrett, IN",geonames,4920600
Iowa Park,TX,-98.66867,33.95148,6344,"Iowa Park, TX",geonames,4700122
Walnut Hills,OH,-84.48411,39.127,6344,"Walnut Hills, OH",geonames,4527546
Pericos,SI,-107.69966,25.08093,6341,"Pericos, SI",geonames,3992908
Eastwood,MI,-85.55028,42.3031,6340,"Eastwood, MI",geonames,4991740
Huntington Woods,MI,-83.16687,42.48059,6340,"Huntington Woods, MI",geonames,4996832
Copan Ruinas,HN,-89.15583,14.83936,6336,"Copan Ruinas, HN",geonames,3613230
Edinboro,PA,-80.13172,41.87422,6335,"Edinboro, PA",geonames,5188306
Luis Moya,ZA,-102.24864,22.43237,6335,"Luis Moya, ZA",geonames,3997017
Blakely,PA,-75.59463,41.48091,6334,"Blakely, PA",geonames,5180843
Linglestown,PA,-76.78914,40.33398,6334,"Linglestown, PA",geonames,5198180
Metropolis,IL,-88.732,37.15117,6334,"Metropolis, IL",geonames,4244462
Arlington Heights,PA,-75.21629,40.99009,6333,"Arlington Heights, PA",geonames,5178489
Ciudad General Teran,NL,-99.68276,25.25902,6333,"Ciudad General Teran, NL",geonames,3527451
Leesville,LA,-93.261,31.14352,6333,"Leesville, LA",geonames,4330740
Pembroke Park,FL,-80.17477,25.98787,6333,"Pembroke Park, FL",geonames,4168138
Kathleen,FL,-82.02314,28.12085,6332,"Kathleen, FL",geonames,4160651
Ajuchitlan del Progreso,GR,-100.48353,18.15189,6329,"Ajuchitlan del Progreso, GR",geonames,4019039
Castillo,DO,-70.02726,19.20824,6328,Castillo,geonames,3510065
San Juan Cancuc,CS,-92.36973,16.8928,6327,"San Juan Cancuc, CS",geonames,3816173
Clarkston Heights-Vineland,WA,-117.083,46.38742,6326,"Clarkston Heights-Vineland, WA",geonames,7260679
Glenarden,MD,-76.86164,38.92928,6326,"Glenarden, MD",geonames,4356242
Mezapa,HN,-87.65,15.58333,6324,"Mezapa, HN",geonames,3604835
Olocuilta,SV,-89.11722,13.56972,6324,"Olocuilta, SV",geonames,3584212
Gulf Breeze,FL,-87.16386,30.35714,6323,"Gulf Breeze, FL",geonames,4157634
Atitalaquia,HG,-99.22163,20.05964,6322,"Atitalaquia, HG",geonames,3532627
Canutillo,TX,-106.60027,31.91149,6321,"Canutillo, TX",geonames,5518232
Parry Sound,ON,-80.03527,45.34732,6321,"Parry Sound, ON",geonames,6098747
Red Lion,PA,-76.6058,39.90093,6321,"Red Lion, PA",geonames,4560639
Walker,LA,-90.86149,30.48797,6318,"Walker, LA",geonames,4344844
Bonanza,NI,-84.59103,14.02885,6315,"Bonanza, NI",geonames,3620645
Estacion Huehuetan,CS,-92.40662,15.01091,6314,"Estacion Huehuetan, CS",geonames,9532425
Louisville,MS,-89.05506,33.12374,6314,"Louisville, MS",geonames,4434283
Mulvane,KS,-97.24393,37.47446,6314,"Mulvane, KS",geonames,4276017
Temascalapa,EM,-98.90171,19.82766,6314,"Temascalapa, EM",geonames,3516050
Willis,TX,-95.47994,30.42493,6313,"Willis, TX",geonames,4742170
Tehuixtla,MO,-99.27119,18.55944,6311,"Tehuixtla, MO",geonames,3516098
Johnsburg,IL,-88.24203,42.38002,6310,"Johnsburg, IL",geonames,4897967
Estacion Naranjo,SI,-108.48132,25.80623,6307,"Estacion Naranjo, SI",geonames,3995093
Kinchil,YU,-89.95018,20.91354,6307,"Kinchil, YU",geonames,3526284
Selma,NC,-78.28444,35.53655,6307,"Selma, NC",geonames,4490778
Franklin,PA,-79.83144,41.39784,6302,"Franklin, PA",geonames,5190323
Zuni Pueblo,NM,-108.85064,35.07253,6302,"Zuni Pueblo, NM",geonames,5499004
Candelaria de La Frontera,SV,-89.65,14.11667,6301,"Candelaria de La Frontera, SV",geonames,3587157
Kilometro 30,GR,-99.78,16.99778,6301,"Kilometro 30, GR",geonames,8858219
Agassiz,BC,-121.76926,49.23298,6300,"Agassiz, BC",geonames,5882534
Coxcatlan,PU,-97.15078,18.26709,6300,"Coxcatlan, PU",geonames,3530150
Jima Abajo,DO,-70.37607,19.13292,6299,Jima Abajo,geonames,3504080
Plain City,UT,-112.08605,41.298,6299,"Plain City, UT",geonames,5779798
Valley Falls,SC,-81.97483,35.01595,6299,"Valley Falls, SC",geonames,4599455
Tepecoacuilco de Trujano,GR,-99.46423,18.2875,6298,"Tepecoacuilco de Trujano, GR",geonames,3515900
Skowhegan,ME,-69.71922,44.76506,6297,"Skowhegan, ME",geonames,4978701
Homeland Park,SC,-82.67069,34.47066,6296,"Homeland Park, SC",geonames,4582142
Parkville,MO,-94.68218,39.195,6296,"Parkville, MO",geonames,4402544
San Bartolome Atlatlahuca,EM,-99.60981,19.06963,6293,"San Bartolome Atlatlahuca, EM",geonames,3532604
Bee Cave,TX,-97.94501,30.30854,6292,"Bee Cave, TX",geonames,4673132
Columbiana,OH,-80.69396,40.88839,6291,"Columbiana, OH",geonames,5150851
Rolesville,NC,-78.4575,35.92321,6289,"Rolesville, NC",geonames,4488859
San Lucas Ojitlan,OA,-96.39825,18.05767,6289,"San Lucas Ojitlan, OA",geonames,3518518
Wendell,NC,-78.36972,35.78099,6285,"Wendell, NC",geonames,4498084
Dighton,MA,-71.12032,41.81399,6283,"Dighton, MA",geonames,4934827
Fairmount,MA,-71.11477,42.25149,6282,"Fairmount, MA",geonames,4936100
Fraccionamiento los Angeles,SI,-106.33,23.18833,6282,"Fraccionamiento los Angeles, SI",geonames,8858221
Marble Falls,TX,-98.27507,30.57841,6281,"Marble Falls, TX",geonames,4709090
South Williamsport,PA,-76.99913,41.23202,6281,"South Williamsport, PA",geonames,5213130
Zitlaltepec,TL,-97.90722,19.20389,6280,"Zitlaltepec, TL",geonames,3815329
Carlstadt,NJ,-74.0907,40.84038,6279,"Carlstadt, NJ",geonames,5096289
Texcalac,TL,-98.08663,19.42333,6279,"Texcalac, TL",geonames,3517203
Spreckelsville,HI,-156.415,20.89694,6276,"Spreckelsville, HI",geonames,5853754
Back of the Hill,MA,-71.11102,42.32926,6272,"Back of the Hill, MA",geonames,13286803
Knottsville,KY,-86.90416,37.77172,6270,Knottsville,geonames,4297184
Santo Domingo Suchitepequez,GUA,-91.48327,14.47901,6270,Santo Domingo Suchitepequez,geonames,3589074
Wainwright,AB,-110.85342,52.83482,6270,"Wainwright, AB",geonames,6175059
Fowler,CA,-119.67847,36.63051,6266,"Fowler, CA",geonames,5350351
Enoch,UT,-113.02439,37.77331,6265,"Enoch, UT",geonames,5538914
San Matias Cuijingo,EM,-98.85307,19.08487,6263,"San Matias Cuijingo, EM",geonames,3817616
Venustiano Carranza,PU,-97.66806,20.50667,6263,"Venustiano Carranza, PU",geonames,3818579
El Refugio,JA,-103.73814,20.67194,6262,"El Refugio, JA",geonames,4008080
Las Jarretaderas,NA,-105.27389,20.6925,6262,"Las Jarretaderas, NA",geonames,4029337
Amqui,QC,-67.43134,48.46382,6261,"Amqui, QC",geonames,6943488
Duarte,GT,-101.52397,21.08714,6261,"Duarte, GT",geonames,4011755
Red Chute,LA,-93.61323,32.55598,6261,"Red Chute, LA",geonames,4048888
San Bartolome Milpas Altas,GUA,-90.67807,14.6069,6261,San Bartolome Milpas Altas,geonames,3590393
Clyde,OH,-82.97519,41.30422,6260,"Clyde, OH",geonames,5150651
Bella Vista,BZ,-88.53169,16.50948,6259,"Bella Vista, BZ",geonames,13286766
Santa Maria Nativitas,EM,-99.62944,19.21139,6258,"Santa Maria Nativitas, EM",geonames,3827276
Estes Park,CO,-105.52167,40.37721,6257,"Estes Park, CO",geonames,5576882
Santa Cruz Naranjo,GUA,-90.36972,14.38806,6254,Santa Cruz Naranjo,geonames,3589398
Shrewsbury,MO,-90.33678,38.59033,6254,"Shrewsbury, MO",geonames,4408611
Kodiak,AK,-152.40533,57.78852,6253,"Kodiak, AK",geonames,5866583
Las Trojes,HN,-85.98333,14.06667,6253,"Las Trojes, HN",geonames,3606292
Bellefonte,PA,-77.77833,40.91339,6248,"Bellefonte, PA",geonames,5179799
Wilmore,KY,-84.66161,37.86202,6247,Wilmore,geonames,4313628
Chavinda,MI,-102.45994,20.00669,6246,"Chavinda, MI",geonames,4014420
Merrimac,MA,-71.00228,42.83065,6245,"Merrimac, MA",geonames,4943784
Tonacatepeque,SV,-89.11861,13.78111,6245,"Tonacatepeque, SV",geonames,3582918
Jackson,OH,-82.63655,39.05202,6243,"Jackson, OH",geonames,4515318
Ave Maria,FL,-81.43806,26.33667,6242,"Ave Maria, FL",geonames,4146428
Danville,AL,-87.08751,34.41454,6242,"Danville, AL",geonames,4058198
Francisco Javier Mina,SO,-110.1085,27.46136,6242,"Francisco Javier Mina, SO",geonames,3970561
Hammonds Plains,NS,-63.77551,44.73386,6242,"Hammonds Plains, NS",geonames,5969976
Ramtown,NJ,-74.14375,40.12095,6242,"Ramtown, NJ",geonames,5103095
Burnet,TX,-98.22836,30.75824,6239,"Burnet, TX",geonames,4677592
Temax,YU,-88.93941,21.15056,6239,"Temax, YU",geonames,3516048
Margate City,NJ,-74.50349,39.32789,6237,"Margate City, NJ",geonames,4502904
East Aurora,NY,-78.61336,42.76784,6236,"East Aurora, NY",geonames,5115704
Dunlap,IN,-85.92166,41.63783,6235,"Dunlap, IN",geonames,4919826
Ben Lomond,CA,-122.08635,37.08911,6234,"Ben Lomond, CA",geonames,5327522
Tlamacazapa,GR,-99.50037,18.49649,6234,"Tlamacazapa, GR",geonames,3515410
Eldridge,IA,-90.58458,41.65809,6232,"Eldridge, IA",geonames,4855248
Salitrillo,EM,-99.21594,19.82937,6231,"Salitrillo, EM",geonames,3827552
Columbia,MS,-89.83758,31.25184,6229,"Columbia, MS",geonames,4422457
Conley,GA,-84.32576,33.64483,6228,"Conley, GA",geonames,4189157
Cullowhee,NC,-83.17653,35.31371,6228,"Cullowhee, NC",geonames,4462701
Hueyapan,PU,-97.44537,19.88276,6227,"Hueyapan, PU",geonames,3818645
Chillicothe,IL,-89.4862,40.92226,6226,"Chillicothe, IL",geonames,4887574
Kingston,NH,-71.05339,42.93648,6225,"Kingston, NH",geonames,5088377
Guaymate,DO,-68.97867,18.58793,6224,Guaymate,geonames,3504951
Harriman,TN,-84.55244,35.93396,6224,"Harriman, TN",geonames,4627863
Mila Doce,TX,-97.95889,26.22618,6222,"Mila Doce, TX",geonames,4711253
Harrisville,UT,-111.98828,41.28133,6221,"Harrisville, UT",geonames,5775615
Hobart,WA,-121.97289,47.42177,6221,"Hobart, WA",geonames,5797430
Aptos,CA,-121.8994,36.97717,6220,"Aptos, CA",geonames,5324400
Indian River Estates,FL,-80.30977,27.36449,6220,"Indian River Estates, FL",geonames,4159659
Otis Orchards-East Farms,WA,-117.07975,47.70988,6220,"Otis Orchards-East Farms, WA",geonames,7262053
Santa Catarina Juquila,OA,-97.29161,16.23819,6220,"Santa Catarina Juquila, OA",geonames,3517669
Salem,IN,-86.10109,38.60561,6217,"Salem, IN",geonames,4264334
Rincon de Nicolas Romero (Cedros Tercera Manzana),MI,-100.2975,19.41361,6213,"Rincon de Nicolas Romero (Cedros Tercera Manzana), MI",geonames,8858222
Steilacoom,WA,-122.60263,47.16982,6211,"Steilacoom, WA",geonames,5812092
Swarthmore,PA,-75.34991,39.90206,6211,"Swarthmore, PA",geonames,4561628
Tarrant,AL,-86.77277,33.58344,6210,"Tarrant, AL",geonames,4092970
East Garden City,NY,-73.59806,40.73083,6208,"East Garden City, NY",geonames,5115854
El Realejo,NI,-87.16517,12.54333,6208,"El Realejo, NI",geonames,3619451
Isla Aguada,CM,-91.49277,18.78714,6204,"Isla Aguada, CM",geonames,3526766
Pepper Pike,OH,-81.46373,41.47839,6204,"Pepper Pike, OH",geonames,5166438
Cofradia de Juarez,CL,-103.95549,18.96261,6202,"Cofradia de Juarez, CL",geonames,4028116
Jaltocan,HG,-98.53898,21.13284,6201,"Jaltocan, HG",geonames,3526591
Green Knoll,NJ,-74.6121,40.6001,6200,"Green Knoll, NJ",geonames,5098617
Houlton,ME,-67.8403,46.1261,6200,"Houlton, ME",curated,
Ixtlahuacan del Rio,JA,-103.23924,20.8639,6198,"Ixtlahuacan del Rio, JA",geonames,4004274
Orange City,IA,-96.05835,43.00721,6198,"Orange City, IA",geonames,4870083
Totolapan,MO,-98.92073,18.98487,6198,"Totolapan, MO",geonames,3515195
Saint-Joseph-du-Lac,QC,-73.9992,45.53338,6195,"Saint-Joseph-du-Lac, QC",geonames,6138573
Acapetahua,CS,-92.68947,15.28195,6194,"Acapetahua, CS",geonames,3533466
Saint Johnsbury,VT,-72.01509,44.41922,6193,"Saint Johnsbury, VT",geonames,5240656
Campestre Villas del Alamo,HG,-98.70722,20.10167,6192,"Campestre Villas del Alamo, HG",geonames,8858223
Conjunto Urbano la Loma I,EM,-99.73194,19.32639,6192,"Conjunto Urbano la Loma I, EM",geonames,8858224
Lionville,PA,-75.65993,40.05372,6189,"Lionville, PA",geonames,5198203
Raton,NM,-104.43915,36.90336,6187,"Raton, NM",geonames,5486795
Javier Rojo Gomez,HG,-98.41778,20.06972,6186,"Javier Rojo Gomez, HG",geonames,8858225
Portland,IN,-84.97775,40.43449,6186,"Portland, IN",geonames,4925037
San Pablo La Laguna,GUA,-91.27242,14.72092,6186,San Pablo La Laguna,geonames,3589669
Satsuma,AL,-88.05611,30.85324,6182,"Satsuma, AL",geonames,4088737
Keene,TX,-97.3239,32.39681,6181,"Keene, TX",geonames,4702785
Marvin,NC,-80.81479,34.99182,6181,"Marvin, NC",geonames,4478192
Villa Gonzalez Ortega,ZA,-101.91395,22.51312,6181,"Villa Gonzalez Ortega, ZA",geonames,3980175
Waltherson,MD,-76.56274,39.3465,6181,"Waltherson, MD",geonames,4372698
Boonville,IN,-87.27417,38.04921,6180,"Boonville, IN",geonames,4254797
Inniswold,LA,-91.08344,30.40491,6180,"Inniswold, LA",geonames,4328435
Goddard,MD,-76.85331,38.98955,6177,"Goddard, MD",geonames,4356341
Guadalupe,AZ,-111.96292,33.37088,6177,"Guadalupe, AZ",geonames,5296962
Plymouth Meeting,PA,-75.27435,40.10233,6177,"Plymouth Meeting, PA",geonames,5206666
East Alton,IL,-90.11122,38.88033,6176,"East Alton, IL",geonames,4237473
Saint Augustine Beach,FL,-81.26535,29.85053,6176,"Saint Augustine Beach, FL",geonames,4170896
Emiliano Zapata,NL,-100.28056,25.91028,6174,"Emiliano Zapata, NL",geonames,8858226
Killingworth,CT,-72.5637,41.35815,6174,"Killingworth, CT",geonames,4837289
Princeton,KY,-87.88196,37.10922,6174,Princeton,geonames,4305266
San Felipe Jalapa de Diaz,OA,-96.53562,18.0712,6174,"San Felipe Jalapa de Diaz, OA",geonames,3519409
Braidwood,IL,-88.21228,41.26503,6172,"Braidwood, IL",geonames,4885444
Elm Grove,WI,-88.07898,43.04307,6172,"Elm Grove, WI",geonames,5251784
Parque Urbano Napateco,HG,-98.34083,20.14278,6172,"Parque Urbano Napateco, HG",geonames,8858227
Pigeon Forge,TN,-83.55433,35.78842,6171,"Pigeon Forge, TN",geonames,4649251
Schuyler,NE,-97.05948,41.44723,6171,"Schuyler, NE",geonames,5078641
Cold Spring,KY,-84.43994,39.02173,6170,Cold Spring,geonames,4288230
San Juan Tuxco,PU,-98.45166,19.25942,6170,"San Juan Tuxco, PU",geonames,9082399
Ware,MA,-72.2398,42.25981,6170,"Ware, MA",geonames,4954477
Holly,MI,-83.62773,42.79197,6169,"Holly, MI",geonames,4996274
Cabezas,VE,-96.38278,19.37167,6167,"Cabezas, VE",geonames,3823333
Kennett Square,PA,-75.7116,39.84678,6167,"Kennett Square, PA",geonames,4558942
Northborough,MA,-71.64118,42.31954,6167,"Northborough, MA",geonames,4945840
Canitas de Felipe Pescador,ZA,-102.72627,23.60684,6166,"Canitas de Felipe Pescador, ZA",geonames,4015633
Teotlaltzingo,PU,-98.50077,19.23088,6166,"Teotlaltzingo, PU",geonames,3519405
Bajos del Ejido,GR,-99.97169,16.96086,6165,"Bajos del Ejido, GR",geonames,3532446
Grafton,OH,-82.05459,41.27255,6165,"Grafton, OH",geonames,5156170
Jamul,CA,-116.87613,32.717,6163,"Jamul, CA",geonames,5360403
San Agustin Tlaxco,PU,-97.99158,19.0563,6163,"San Agustin Tlaxco, PU",geonames,11087403
La Aldea,MI,-101.135,19.74306,6162,"La Aldea, MI",geonames,8858228
Beaurivage,NB,-64.96023,46.68206,6160,"Beaurivage, NB",geonames,13592157
Tres Marias,MO,-99.24301,19.0549,6160,"Tres Marias, MO",geonames,3827341
Darlington,SC,-79.87617,34.29988,6155,"Darlington, SC",geonames,4576319
Atoyatempan,PU,-97.9139,18.81925,6154,"Atoyatempan, PU",geonames,3532569
Oelwein,IA,-91.9135,42.67332,6153,"Oelwein, IA",geonames,4869760
Sky Lake,FL,-81.39146,28.45723,6153,"Sky Lake, FL",geonames,4173124
Pauls Valley,OK,-97.22225,34.74008,6152,"Pauls Valley, OK",geonames,4547690
Aztec,NM,-107.99285,36.82223,6147,"Aztec, NM",geonames,5456049
Village of Oak Creek (Big Park),AZ,-111.76227,34.7809,6147,"Village of Oak Creek (Big Park), AZ",geonames,7260892
Elsmere,DE,-75.59798,39.73928,6146,"Elsmere, DE",geonames,4142424
Homun,YU,-89.2849,20.73918,6146,"Homun, YU",geonames,3527080
Miramar Beach,FL,-86.35856,30.37437,6146,"Miramar Beach, FL",geonames,4164602
District Heights,MD,-76.88942,38.85761,6144,"District Heights, MD",geonames,4353463
East Pasadena,CA,-118.07384,34.13814,6144,"East Pasadena, CA",geonames,5345038
Groveland,MA,-71.03145,42.76037,6143,"Groveland, MA",geonames,4938501
Keolu Hills,HI,-157.72501,21.3764,6143,"Keolu Hills, HI",geonames,5849217
Gulf Shores,AL,-87.6894,30.2711,6140,"Gulf Shores, AL",curated,
Hautes-Terres,NB,-65.09284,47.62877,6140,"Hautes-Terres, NB",geonames,13592151
Pachuquilla,HG,-98.69572,20.07099,6139,"Pachuquilla, HG",geonames,3522208
Benito Juarez,CH,-107.93517,29.75058,6138,"Benito Juarez, CH",geonames,4017154
La'ie,HI,-157.9225,21.64547,6138,"La'ie, HI",geonames,5850027
Carolina Beach,NC,-77.8936,34.03517,6137,"Carolina Beach, NC",geonames,4459261
Ixtlahuacan de los Membrillos,JA,-103.19206,20.34869,6137,"Ixtlahuacan de los Membrillos, JA",geonames,4004275
Santa Maria Citendeje,EM,-99.92863,19.7819,6136,"Santa Maria Citendeje, EM",geonames,3517337
Lincroft,NJ,-74.12097,40.33067,6135,"Lincroft, NJ",geonames,5100498
Orotina,CR,-84.52337,9.91193,6135,"Orotina, CR",geonames,3622660
Russell,ON,-75.36602,45.2501,6135,"Russell, ON",geonames,6136572
West Greenwich,RI,-71.66004,41.637,6135,"West Greenwich, RI",geonames,8260172
Rockford,MI,-85.56003,43.12003,6134,"Rockford, MI",geonames,5007436
Larchmont,NY,-73.7518,40.92788,6132,"Larchmont, NY",geonames,5124017
Lynchburg,TN,-86.37416,35.28314,6132,"Lynchburg, TN",geonames,4638782
Pedernales,MI,-101.46981,19.14082,6131,"Pedernales, MI",geonames,3993155
Eldorado at Santa Fe,NM,-105.93474,35.52642,6130,"Eldorado at Santa Fe, NM",geonames,5466585
Hampshire,IL,-88.53036,42.0978,6130,"Hampshire, IL",geonames,4895016
Theodore,AL,-88.17528,30.54769,6130,"Theodore, AL",geonames,4093399
Paredon,CS,-93.86667,16.05083,6126,"Paredon, CS",geonames,3816753
Boquete,PA,-82.44136,8.78024,6123,"Boquete, PA",geonames,3713860
Kasson,MN,-92.75074,44.02996,6123,"Kasson, MN",geonames,5032920
Orlovista,FL,-81.46035,28.53834,6123,"Orlovista, FL",geonames,4167176
Tepetlaoxtoc de Hidalgo,EM,-98.81835,19.57437,6123,"Tepetlaoxtoc de Hidalgo, EM",geonames,3515862
Brunswick,MD,-77.62777,39.31427,6116,"Brunswick, MD",geonames,4349706
Teabo,YU,-89.28299,20.39951,6115,"Teabo, YU",geonames,3516212
Guadalupe Victoria,VE,-96.96056,19.55472,6114,"Guadalupe Victoria, VE",geonames,8858229
Saint Martinville,LA,-91.83345,30.1252,6114,"Saint Martinville, LA",geonames,4340196
San Esteban Tizatlan,TL,-98.21374,19.33911,6114,"San Esteban Tizatlan, TL",geonames,3519455
Enola,PA,-76.93386,40.29009,6111,"Enola, PA",geonames,5188793
Ontario,OH,-82.59017,40.7595,6111,"Ontario, OH",geonames,5165664
Monroeville,AL,-87.32471,31.52794,6110,"Monroeville, AL",geonames,4076725
Stone Mountain,GA,-84.1702,33.80816,6109,"Stone Mountain, GA",geonames,4224745
'Ewa Villages,HI,-158.0397,21.34127,6108,"'Ewa Villages, HI",geonames,5855073
Munford,TN,-89.81508,35.44925,6108,"Munford, TN",geonames,4644282
Patterson,LA,-91.30205,29.69326,6106,"Patterson, LA",geonames,4336646
Oxford,MA,-71.86479,42.11676,6103,"Oxford, MA",geonames,4946546
Childress,TX,-100.204,34.42645,6101,"Childress, TX",geonames,5518758
Twin Lakes,CO,-105.0047,39.82499,6101,"Twin Lakes, CO",geonames,5442271
Fundy Albert,NB,-64.65977,45.80271,6100,"Fundy Albert, NB",geonames,13592169
Naval Station Guantanamo Bay,CU,-75.14385,19.91579,6100,Naval Station Guantanamo Bay,geonames,13527055
Osprey,FL,-82.49037,27.19616,6100,"Osprey, FL",geonames,4167245
Drayton Valley,AB,-114.98544,53.21682,6099,"Drayton Valley, AB",geonames,5942547
San Luis Apizaquito,TL,-98.11709,19.42524,6099,"San Luis Apizaquito, TL",geonames,3815194
Choiseul,LC,-61.04931,13.77273,6098,Choiseul,geonames,3576795
Colonia Venustiano Carranza,BC,-115.16751,32.23017,6098,"Colonia Venustiano Carranza, BC",geonames,3979503
Ulysses,KS,-101.35517,37.58141,6097,"Ulysses, KS",geonames,5446683
Lucas Valley-Marinwood,CA,-122.5755,38.04011,6094,"Lucas Valley-Marinwood, CA",geonames,7261199
Pimmit Hills,VA,-77.20081,38.91289,6094,"Pimmit Hills, VA",geonames,4778945
Sheridan,OR,-123.39483,45.09928,6094,"Sheridan, OR",geonames,5751600
Twin Lakes,WI,-88.24815,42.53113,6094,"Twin Lakes, WI",geonames,5276542
Juan Diaz Covarrubias,VE,-95.18675,18.15964,6091,"Juan Diaz Covarrubias, VE",geonames,3825090
Littlefield,TX,-102.3249,33.91731,6090,"Littlefield, TX",geonames,5525295
Monticello,KY,-84.84911,36.82979,6090,Monticello,geonames,4301224
Clarion,PA,-79.38532,41.21479,6089,"Clarion, PA",geonames,5184422
Ixtapa,CS,-92.90534,16.8031,6086,"Ixtapa, CS",geonames,3526687
Harvard,MA,-71.58284,42.50009,6085,"Harvard, MA",geonames,4938957
Manistee,MI,-86.32425,44.24445,6084,"Manistee, MI",geonames,5000611
Indiantown,FL,-80.48561,27.02728,6083,"Indiantown, FL",geonames,4159687
Luis Gil Perez,TB,-93.07161,17.87572,6083,"Luis Gil Perez, TB",geonames,3523828
Latimer,MS,-88.8667,30.53464,6079,"Latimer, MS",geonames,4433016
Truth or Consequences,NM,-107.25281,33.1284,6079,"Truth or Consequences, NM",geonames,5495292
Chippawa,ON,-79.04717,43.0571,6077,"Chippawa, ON",geonames,5921556
Rushville,IN,-85.44636,39.60921,6077,"Rushville, IN",geonames,4263965
Gunnison,CO,-106.92532,38.54582,6076,"Gunnison, CO",geonames,5424099
Jordan,MN,-93.6269,44.66691,6076,"Jordan, MN",geonames,5032106
San Blas,SI,-108.76088,26.08176,6075,"San Blas, SI",geonames,3987538
De Soto,KS,-94.96858,38.97917,6074,"De Soto, KS",geonames,4270269
Fruit Heights,UT,-111.90216,41.03217,6072,"Fruit Heights, UT",geonames,5775035
Slaton,TX,-101.64349,33.43731,6072,"Slaton, TX",geonames,5530825
Otra Banda,DO,-68.66281,18.65017,6071,Otra Banda,geonames,3495694
Pahokee,FL,-80.66534,26.82006,6071,"Pahokee, FL",geonames,4167473
Willows,CA,-122.19359,39.52433,6069,"Willows, CA",geonames,5409777
El Coporo,EM,-99.83528,19.28306,6068,"El Coporo, EM",geonames,8858230
Mecayapan,VE,-94.83794,18.22001,6068,"Mecayapan, VE",geonames,3523397
Blue Bell,PA,-75.26629,40.15233,6067,"Blue Bell, PA",geonames,5180961
Joshua,TX,-97.38807,32.46153,6066,"Joshua, TX",geonames,4701659
Rochester,IN,-86.21583,41.06476,6065,"Rochester, IN",geonames,4925519
Zitlala,GR,-99.18642,17.69049,6065,"Zitlala, GR",geonames,3514021
Naco,SO,-109.94599,31.32639,6064,"Naco, SO",geonames,3995171
Huamuxtitlan,GR,-98.56417,17.80448,6063,"Huamuxtitlan, GR",geonames,3527017
Los Ranchos de Albuquerque,NM,-106.6428,35.16199,6063,"Los Ranchos de Albuquerque, NM",geonames,5476960
Willard,OH,-82.72629,41.05311,6063,"Willard, OH",geonames,5176830
San Gabriel Tetzoyocan,PU,-97.70324,18.75727,6060,"San Gabriel Tetzoyocan, PU",geonames,3515735
Tarandacuao,GT,-100.51832,20.0013,6058,"Tarandacuao, GT",geonames,3982401
Bangor Trident Base,WA,-122.71446,47.72274,6054,"Bangor Trident Base, WA",geonames,7260845
Avra Valley,AZ,-111.31539,32.43785,6050,"Avra Valley, AZ",geonames,5552323
Bahia de Kino,SO,-111.94083,28.82278,6050,"Bahia de Kino, SO",geonames,4017728
Fraccionamiento Arboledas San Ramon,VE,-96.15667,19.09417,6050,"Fraccionamiento Arboledas San Ramon, VE",geonames,8858231
Rindge,NH,-72.0098,42.7512,6049,"Rindge, NH",geonames,5091744
Sylvester,GA,-83.83693,31.53092,6049,"Sylvester, GA",geonames,4225522
Tarimbaro,MI,-101.17782,19.79578,6049,"Tarimbaro, MI",geonames,11962662
San Miguel Zapotitlan,SI,-109.04739,25.9476,6048,"San Miguel Zapotitlan, SI",geonames,3985301
El Porvenir,NA,-105.24196,20.75379,6046,"El Porvenir, NA",geonames,4029309
Sunnyvale,TX,-96.56082,32.79652,6044,"Sunnyvale, TX",geonames,4735013
Hillandale,MD,-76.97414,39.0265,6043,"Hillandale, MD",geonames,4358066
Acatlan de Perez Figueroa,OA,-96.60514,18.53881,6040,"Acatlan de Perez Figueroa, OA",geonames,3533439
Mount Healthy,OH,-84.54578,39.23367,6039,"Mount Healthy, OH",geonames,4518890
Sheridan,CO,-105.02526,39.64693,6039,"Sheridan, CO",geonames,5438542
East Falmouth,MA,-70.55864,41.57844,6038,"East Falmouth, MA",geonames,4832176
Stewartville,MN,-92.48851,43.85552,6037,"Stewartville, MN",geonames,5048796
Union Gap,WA,-120.47506,46.55735,6037,"Union Gap, WA",geonames,5814419
Bay Harbor Islands,FL,-80.13116,25.88759,6036,"Bay Harbor Islands, FL",geonames,4146823
Dame-Marie,HT,-74.42167,18.56107,6036,Dame-Marie,geonames,3727055
Huntingburg,IN,-86.955,38.29894,6035,"Huntingburg, IN",geonames,4259271
Juchipila,ZA,-103.11686,21.41091,6035,"Juchipila, ZA",geonames,4003739
Princeton,WV,-81.10259,37.36623,6035,"Princeton, WV",geonames,4819079
Cambria,CA,-121.08075,35.56414,6032,"Cambria, CA",geonames,5333207
Somerset,PA,-79.07808,40.00841,6032,"Somerset, PA",geonames,5212853
Berthoud,CO,-105.08109,40.30832,6031,"Berthoud, CO",geonames,5574704
Clearfield,PA,-78.43919,41.02728,6030,"Clearfield, PA",geonames,5184541
Kingsland,TX,-98.44058,30.65824,6030,"Kingsland, TX",geonames,4703372
Fair Haven,NJ,-74.03819,40.36067,6029,"Fair Haven, NJ",geonames,5097769
Jamesburg,NJ,-74.44015,40.35261,6029,"Jamesburg, NJ",geonames,5099795
Saint-Felix-de-Valois,QC,-73.42525,46.16977,6029,"Saint-Felix-de-Valois, QC",geonames,6138210
Independence,IA,-91.88934,42.4686,6028,"Independence, IA",geonames,4861620
West Concord,MA,-71.39534,42.45843,6028,"West Concord, MA",geonames,4954923
Galvan,DO,-71.34271,18.50228,6027,Galvan,geonames,3505517
Taylor,PA,-75.70658,41.3948,6025,"Taylor, PA",geonames,5215247
Surfside,FL,-80.1256,25.87843,6024,"Surfside, FL",geonames,4174518
Meridianville,AL,-86.57222,34.85148,6021,"Meridianville, AL",geonames,4075854
Old Tappan,NJ,-73.99125,41.01065,6016,"Old Tappan, NJ",geonames,5102190
Lakemoor,IL,-88.19897,42.32863,6015,"Lakemoor, IL",geonames,4899213
Waupaca,WI,-89.08595,44.35803,6014,"Waupaca, WI",geonames,5278083
Oropoli,HN,-86.81667,13.81667,6013,"Oropoli, HN",geonames,3604181
Whitestown,IN,-86.34583,39.99726,6013,"Whitestown, IN",geonames,4266965
Bay Roberts,NL,-53.26478,47.59989,6012,"Bay Roberts, NL",geonames,5895424
Finley,WA,-119.0339,46.15402,6012,"Finley, WA",geonames,5794369
West Yarmouth,MA,-70.24113,41.65011,6012,"West Yarmouth, MA",geonames,4955143
Estherville,IA,-94.83276,43.40163,6011,"Estherville, IA",geonames,4855709
Chicxulub Puerto,YU,-89.59867,21.29618,6010,"Chicxulub Puerto, YU",geonames,3530915
Lake Mohegan,NY,-73.84625,41.31787,6010,"Lake Mohegan, NY",geonames,5123823
McKees Rocks,PA,-80.06561,40.46562,6010,"McKees Rocks, PA",geonames,5200474
Northville,MI,-83.48327,42.43115,6010,"Northville, MI",geonames,5003956
Lucerna,HN,-88.9345,14.55817,6009,"Lucerna, HN",geonames,3605222
Abasolo,TM,-98.37427,24.05896,6008,"Abasolo, TM",geonames,3533505
Concepcion Tutuapa,GUA,-91.8446,15.2394,6006,Concepcion Tutuapa,geonames,3597976
Roanoke,AL,-85.37217,33.15123,6005,"Roanoke, AL",geonames,4086285
Stow,MA,-71.50562,42.43704,6005,"Stow, MA",geonames,4952217
Chapultepec,EM,-99.56176,19.20216,6004,"Chapultepec, EM",geonames,3518280
Anton Lizardo,VE,-95.99272,19.05962,6003,"Anton Lizardo, VE",geonames,3532821
Countryside,IL,-87.87811,41.78281,6002,"Countryside, IL",geonames,4888906
Battlefield,MO,-93.37019,37.11561,6001,"Battlefield, MO",geonames,4375979
Beaver Bank,NS,-63.68079,44.82484,6000,"Beaver Bank, NS",geonames,5896590
Ganges,BC,-123.50032,48.85342,6000,"Ganges, BC",geonames,5959360
Isanti,MN,-93.2244,45.5727,6000,"Isanti, MN",curated,
James Island,SC,-79.96284,32.72374,6000,"James Island, SC",geonames,12022259
Koolbaai,SX,-63.08397,18.04048,6000,Koolbaai,geonames,6985411
Lac-des-Eaux-Mortes,QC,-67.8694,48.1817,6000,"Lac-des-Eaux-Mortes, QC",curated,
Powder River,MT,-105.4075,45.4439,6000,"Powder River, MT",curated,
Albion,NY,-78.19363,43.24645,5998,"Albion, NY",geonames,5106862
Atliaca,GR,-99.37471,17.65168,5997,"Atliaca, GR",geonames,3532597
Rio Hondo,GUA,-89.58523,15.04505,5997,Rio Hondo,geonames,3590788
Tlaltenango,PU,-98.34072,19.17165,5995,"Tlaltenango, PU",geonames,3515420
Ralston,NE,-96.04252,41.20528,5994,"Ralston, NE",geonames,5075972
Walkersville,MD,-77.35193,39.48621,5993,"Walkersville, MD",geonames,4372630
Hartford City,IN,-85.36997,40.45115,5992,"Hartford City, IN",geonames,4921229
La Estancia,QT,-100.06817,20.42156,5992,"La Estancia, QT",geonames,4002462
Posen,IL,-87.68144,41.6317,5992,"Posen, IL",geonames,4906527
San Pablo Viejo Abajo,PA,-82.50487,8.45461,5992,"San Pablo Viejo Abajo, PA",geonames,3701313
Amanalco de Becerra,EM,-100.01667,19.31667,5990,"Amanalco de Becerra, EM",geonames,4018625
Fraccionamiento Galaxia Tarimbaro,MI,-101.19444,19.76167,5989,"Fraccionamiento Galaxia Tarimbaro, MI",geonames,8858232
Maquoketa,IA,-90.66569,42.06891,5989,"Maquoketa, IA",geonames,4866164
Paulsboro,NJ,-75.24046,39.83039,5989,"Paulsboro, NJ",geonames,4503516
San Jose Poaquil,GUA,-90.91248,14.81808,5987,San Jose Poaquil,geonames,3589975
Gun Barrel City,TX,-96.15136,32.33459,5985,"Gun Barrel City, TX",geonames,4695535
Santa Rosa de Lima,GUA,-90.29556,14.38806,5984,Santa Rosa de Lima,geonames,3589159
Milan,MI,-83.68244,42.08532,5983,"Milan, MI",geonames,5001962
Real del Sol,NL,-100.18111,25.93833,5983,"Real del Sol, NL",geonames,8858233
Spring Hill,KS,-94.82552,38.74306,5981,"Spring Hill, KS",geonames,4279847
Erwin,TN,-82.41681,36.14511,5979,"Erwin, TN",geonames,4621130
Peoria Heights,IL,-89.57398,40.74726,5979,"Peoria Heights, IL",geonames,4905704
Puerto Aventuras,QR,-87.22647,20.50075,5979,"Puerto Aventuras, QR",geonames,6690747
Cut Off,LA,-90.33814,29.54272,5976,"Cut Off, LA",geonames,4321399
Bonnyville,AB,-110.73505,54.26684,5975,"Bonnyville, AB",geonames,5905616
Fort Meade,FL,-81.80175,27.75225,5975,"Fort Meade, FL",geonames,4155988
Cherryville,NC,-81.37897,35.37874,5974,"Cherryville, NC",geonames,4460465
Villa Alta,TL,-98.4011,19.29263,5974,"Villa Alta, TL",geonames,3815444
Fraccionamiento Metropolis II,MI,-101.20444,19.75639,5973,"Fraccionamiento Metropolis II, MI",geonames,8858234
Medina,MN,-93.58246,45.03524,5973,"Medina, MN",geonames,5037186
Notre Dame,IN,-86.23793,41.70019,5973,"Notre Dame, IN",geonames,8469294
Saint-Cesaire,QC,-73.00104,45.40948,5972,"Saint-Cesaire, QC",geonames,6137573
Kekaha-Waimea,HI,-159.69266,21.97184,5971,"Kekaha-Waimea, HI",geonames,13191990
Las Flores,CA,-117.62672,33.58808,5971,"Las Flores, CA",geonames,5365172
North Manchester,IN,-85.7686,41.0006,5971,"North Manchester, IN",geonames,4924246
Los Santos,PA,-80.41218,7.93445,5970,"Los Santos, PA",geonames,3704964
Homeland,CA,-117.1092,33.74308,5969,"Homeland, CA",geonames,5357755
Gas City,IN,-85.61303,40.48726,5968,"Gas City, IN",geonames,4920637
Dulce Grande,SL,-102.17405,23.00175,5967,"Dulce Grande, SL",geonames,3974329
Naples Park,FL,-81.80925,26.26175,5967,"Naples Park, FL",geonames,4165576
Belmont,VA,-77.50999,39.06483,5966,"Belmont, VA",geonames,4746535
West Miami,FL,-80.29616,25.76343,5965,"West Miami, FL",geonames,4177874
Villa Park,CA,-117.81311,33.81446,5964,"Villa Park, CA",geonames,5406337
South Valley Stream,NY,-73.71763,40.65594,5962,"South Valley Stream, NY",geonames,5139015
Ciudad de Cuetzalan,PU,-97.52111,20.01861,5957,"Ciudad de Cuetzalan, PU",geonames,8858235
Marion,VA,-81.51484,36.83484,5957,"Marion, VA",geonames,4771643
Port Clinton,OH,-82.93769,41.512,5957,"Port Clinton, OH",geonames,5167259
Chickasaw,AL,-88.07472,30.7638,5954,"Chickasaw, AL",geonames,4054996
Iramuco,GT,-100.92378,19.96212,5954,"Iramuco, GT",geonames,4004331
Prospect Park,NJ,-74.17431,40.93704,5953,"Prospect Park, NJ",geonames,5102973
Alpine,TX,-103.66206,30.35862,5952,"Alpine, TX",geonames,5516203
Silver Hill,MD,-76.94581,38.84178,5950,"Silver Hill, MD",geonames,4369571
Du Quoin,IL,-89.23619,38.01144,5949,"Du Quoin, IL",geonames,4237312
Roxboro,QC,-73.80752,45.50841,5948,"Roxboro, QC",geonames,6128682
Yaphank,NY,-72.91705,40.83677,5945,"Yaphank, NY",geonames,5145197
Pontotoc,MS,-88.99867,34.24788,5944,"Pontotoc, MS",geonames,4442067
Chicomuselo,CS,-92.28576,15.74171,5938,"Chicomuselo, CS",geonames,3530935
Wailea,HI,-156.4419,20.68973,5938,"Wailea, HI",geonames,5854450
San Antonio Buenavista,EM,-99.71194,19.26083,5937,"San Antonio Buenavista, EM",geonames,3827260
McMasterville,QC,-73.26585,45.55008,5936,"McMasterville, QC",geonames,6070782
Colusa,CA,-122.00942,39.21433,5935,"Colusa, CA",geonames,5338866
Douglas,NB,-66.73108,45.97832,5935,"Douglas, NB",geonames,5942099
Wesley Hills,NY,-74.06986,41.15926,5935,"Wesley Hills, NY",geonames,5143610
San Juan Tepa,HG,-99.06592,20.21579,5932,"San Juan Tepa, HG",geonames,3518617
Steelton,PA,-76.84136,40.23537,5932,"Steelton, PA",geonames,5214040
Sweetwater,TN,-84.46104,35.60146,5931,"Sweetwater, TN",geonames,4661331
Topsham,ME,-69.97588,43.92758,5931,"Topsham, ME",geonames,4980927
Caruthersville,MO,-89.65564,36.19312,5930,"Caruthersville, MO",geonames,4380211
Hebron,KY,-84.70106,39.06589,5929,Hebron,geonames,4294425
Rayon,SL,-99.64258,21.84329,5928,"Rayon, SL",geonames,3520427
Glendale,MO,-90.37706,38.59589,5927,"Glendale, MO",geonames,4388036
Half Way Pond,KY,-81.37212,19.28687,5927,Half Way Pond,geonames,3580645
Rensselaer,IN,-87.15086,40.9367,5927,"Rensselaer, IN",geonames,4925311
Cocoa West,FL,-80.77109,28.35942,5925,"Cocoa West, FL",geonames,7260057
Porus,JM,-77.41166,18.03535,5923,Porus,geonames,3488977
Progreso,TX,-97.95722,26.0923,5922,"Progreso, TX",geonames,4720789
Hilton,NY,-77.79334,43.28812,5921,"Hilton, NY",geonames,5120871
East Port Orchard,WA,-122.6243,47.52343,5919,"East Port Orchard, WA",geonames,5793237
Walpole,MA,-71.2495,42.14177,5918,"Walpole, MA",geonames,4954364
San Marcos Yachihuacaltepec,EM,-99.6791,19.32319,5917,"San Marcos Yachihuacaltepec, EM",geonames,3827252
Woodcliff Lake,NJ,-74.06653,41.02343,5917,"Woodcliff Lake, NJ",geonames,5106548
Watchung,NJ,-74.45099,40.63788,5916,"Watchung, NJ",geonames,5106129
Tenango del Aire,EM,-98.85687,19.15774,5915,"Tenango del Aire, EM",geonames,3515991
Little Silver,NJ,-74.04708,40.33678,5913,"Little Silver, NJ",geonames,5100559
Los Zacatones,SL,-102.05556,22.96139,5913,"Los Zacatones, SL",geonames,3974149
Roseburg North,OR,-123.351,43.269,5912,"Roseburg North, OR",geonames,7262259
Rincon,DO,-70.40632,19.11938,5909,Rincon,geonames,3493873
West Hattiesburg,MS,-89.37506,31.31906,5909,"West Hattiesburg, MS",geonames,4450695
Dunnville,ON,-79.61631,42.90011,5907,"Dunnville, ON",geonames,5944222
Ramblewood,NJ,-74.94378,39.92872,5907,"Ramblewood, NJ",geonames,4503736
New Whiteland,IN,-86.09526,39.5581,5906,"New Whiteland, IN",geonames,4262159
San Nicolas Guadalupe,EM,-100.0308,19.61412,5905,"San Nicolas Guadalupe, EM",geonames,4026719
Reservoir,MA,-71.14839,42.33482,5904,"Reservoir, MA",geonames,4948567
San Sebastian,EM,-99.0556,19.78431,5904,"San Sebastian, EM",geonames,3517822
Blakes,KY,-81.09753,19.30338,5900,Blakes,geonames,3580742
Brookville,OH,-84.41134,39.83672,5900,"Brookville, OH",geonames,4507188
Attalla,AL,-86.08859,34.02176,5899,"Attalla, AL",geonames,4830768
Charles Town,WV,-77.85972,39.28899,5899,"Charles Town, WV",geonames,4801850
James City,NC,-77.03495,35.08877,5899,"James City, NC",geonames,4473137
San Bartolo de Berrios,GT,-101.06753,21.61215,5899,"San Bartolo de Berrios, GT",geonames,3987591
Carrizo Springs,TX,-99.86061,28.52193,5898,"Carrizo Springs, TX",geonames,4679148
Norwood,PA,-75.29963,39.89178,5898,"Norwood, PA",geonames,4560057
Heathrow,FL,-81.37225,28.76333,5896,"Heathrow, FL",geonames,4158296
Raleigh Hills,OR,-122.76204,45.48067,5896,"Raleigh Hills, OR",geonames,5747420
Trenton,MO,-93.61661,40.0789,5896,"Trenton, MO",geonames,5057562
Rayon,CS,-93.01079,17.20113,5895,"Rayon, CS",geonames,3520428
Cabanas,CU,-82.92214,22.97944,5894,Cabanas,geonames,3566573
Robertsdale,AL,-87.71193,30.5538,5894,"Robertsdale, AL",geonames,4086363
Belen,TB,-92.61296,17.78703,5892,"Belen, TB",geonames,3532310
Bellevue,KY,-84.47883,39.10645,5892,Bellevue,geonames,4283845
Central City,KY,-87.12333,37.29393,5892,Central City,geonames,4287450
Tanglewilde,WA,-122.78241,47.0515,5892,"Tanglewilde, WA",geonames,8479430
Tanglewilde-Thompson Place,WA,-122.78081,47.05116,5892,"Tanglewilde-Thompson Place, WA",geonames,7262660
Harrah,OK,-97.16364,35.48951,5891,"Harrah, OK",geonames,4538346
Laurel Bay,SC,-80.78483,32.45019,5891,"Laurel Bay, SC",geonames,4584683
New Brighton,PA,-80.31006,40.73034,5891,"New Brighton, PA",geonames,5203116
Bridgewater,VA,-78.9767,38.38207,5889,"Bridgewater, VA",geonames,4748925
Santa Elena,SV,-88.41667,13.38333,5887,"Santa Elena, SV",geonames,3583278
Fulshear,TX,-95.89968,29.68996,5886,"Fulshear, TX",geonames,4692658
Vancleave,MS,-88.68752,30.54047,5886,"Vancleave, MS",geonames,4449532
San Jose Tetel,TL,-98.15948,19.43313,5884,"San Jose Tetel, TL",geonames,3815186
Lecanto,FL,-82.4876,28.85165,5882,"Lecanto, FL",geonames,4161733
Cholul,YU,-89.55792,21.04288,5880,"Cholul, YU",geonames,3530758
Santa Maria del Oro,DG,-105.36444,25.94944,5878,"Santa Maria del Oro, DG",geonames,3984078
Dickson City,PA,-75.60769,41.47147,5877,"Dickson City, PA",geonames,5186924
Crafton,PA,-80.06617,40.43507,5876,"Crafton, PA",geonames,5185721
Roseland,NJ,-74.29376,40.82066,5876,"Roseland, NJ",geonames,5103497
Delano,MN,-93.78913,45.04191,5875,"Delano, MN",geonames,5024138
Dzilam Gonzalez,YU,-88.92977,21.28106,5875,"Dzilam Gonzalez, YU",geonames,3529654
South Patrick Shores,FL,-80.6095,28.20223,5875,"South Patrick Shores, FL",geonames,4173528
Lewistown,MT,-109.42824,47.06247,5874,"Lewistown, MT",geonames,5662162
Chesapeake Beach,MD,-76.53468,38.68623,5873,"Chesapeake Beach, MD",geonames,4351184
Wescosville,PA,-75.55296,40.56676,5872,"Wescosville, PA",geonames,5218505
Norwood,NJ,-73.9618,40.99815,5869,"Norwood, NJ",geonames,5101978
Prosser,WA,-119.76892,46.2068,5869,"Prosser, WA",geonames,5807487
Yarmouth,ME,-70.18672,43.80064,5869,"Yarmouth, ME",geonames,4983572
Grand-Bourg,GP,-61.3148,15.88402,5867,Grand-Bourg,geonames,3579250
Santiago Acutzilapan,EM,-99.76569,19.7864,5866,"Santiago Acutzilapan, EM",geonames,3516974
Flin Flon,MB,-101.87433,54.76703,5865,"Flin Flon, MB",geonames,5954718
Zephyrhills West,FL,-82.20556,28.23081,5865,"Zephyrhills West, FL",geonames,7260320
Domingo Arenas,PU,-98.45678,19.13998,5864,"Domingo Arenas, PU",geonames,3529730
Richmond,MI,-82.75576,42.8092,5864,"Richmond, MI",geonames,5007141
Hamilton Parish,BM,-64.73019,32.34221,5862,Hamilton Parish,geonames,13353866
Mount Zion,IL,-88.87424,39.77143,5862,"Mount Zion, IL",geonames,4245174
Portland,CT,-72.64065,41.57288,5862,"Portland, CT",geonames,4841001
Punxsutawney,PA,-78.97087,40.94368,5861,"Punxsutawney, PA",geonames,5207307
Nunkini,CM,-90.14803,20.40046,5859,"Nunkini, CM",geonames,3522514
Lee Acres,NM,-106.64697,35.14866,5858,"Lee Acres, NM",geonames,5475667
Veragua Arriba,DO,-70.33333,19.58333,5858,Veragua Arriba,geonames,3492073
Plumas Lake,CA,-121.55802,39.02073,5853,"Plumas Lake, CA",geonames,5383844
Dowagiac,MI,-86.10862,41.98421,5851,"Dowagiac, MI",geonames,4991111
Orange Beach,AL,-87.57359,30.29437,5850,"Orange Beach, AL",geonames,4081696
Trial Farm,BZ,-88.56584,18.10124,5850,"Trial Farm, BZ",geonames,3580895
Berkley,MA,-71.08282,41.84593,5849,"Berkley, MA",geonames,4930385
Kingston,TN,-84.50854,35.88091,5846,"Kingston, TN",geonames,4634671
Tecozautla,HG,-99.63449,20.53359,5844,"Tecozautla, HG",geonames,3516127
Alacranes,CU,-81.568,22.76723,5843,Alacranes,geonames,3569379
Santa Cruz Verapaz,GUA,-90.42857,15.37342,5843,Santa Cruz Verapaz,geonames,3589395
Junction City,OR,-123.20565,44.21929,5842,"Junction City, OR",geonames,5734198
Woodland,WA,-122.74399,45.90456,5842,"Woodland, WA",geonames,5816457
Country Homes,WA,-117.40439,47.7485,5841,"Country Homes, WA",geonames,5791127
San Jose Temascatio,GT,-101.26028,20.69183,5839,"San Jose Temascatio, GT",geonames,3986082
Sioux Lookout,ON,-91.92158,50.09906,5839,"Sioux Lookout, ON",geonames,6148373
Buckner,KY,-85.43996,38.38368,5837,Buckner,geonames,4286037
Simsbury Center,CT,-72.81116,41.88088,5836,"Simsbury Center, CT",geonames,7257408
Plymouth,PA,-75.94464,41.24036,5832,"Plymouth, PA",geonames,5206659
High Springs,FL,-82.59678,29.82691,5831,"High Springs, FL",geonames,4158595
Colinas del Roble,JA,-103.39833,20.50417,5830,"Colinas del Roble, JA",geonames,8858236
Medina,NY,-78.38697,43.22006,5827,"Medina, NY",geonames,5126521
Sandown,NH,-71.18701,42.9287,5827,"Sandown, NH",geonames,5092364
Santo Domingo,NI,-85.08235,12.26438,5827,"Santo Domingo, NI",geonames,3616356
Soconusco,VE,-94.88097,17.96315,5825,"Soconusco, VE",geonames,3516611
Hellertown,PA,-75.34073,40.57954,5824,"Hellertown, PA",geonames,5193149
Byron Center,MI,-85.72281,42.81225,5822,"Byron Center, MI",geonames,4987587
Pemex,TB,-92.47947,17.88302,5822,"Pemex, TB",geonames,3530588
Granjas Ampliacion Santa Rosa,EM,-98.96667,19.59278,5821,"Granjas Ampliacion Santa Rosa, EM",geonames,8858237
Heathcote,NJ,-74.57571,40.38872,5821,"Heathcote, NJ",geonames,5098945
Isla del Bosque,SI,-105.84556,22.73306,5820,"Isla del Bosque, SI",geonames,3976232
Bensley,VA,-77.44332,37.44681,5819,"Bensley, VA",geonames,4746664
Branford Center,CT,-72.81511,41.27738,5819,"Branford Center, CT",geonames,7257798
Greenville,PA,-80.39118,41.4045,5819,"Greenville, PA",geonames,5192019
Louiseville,QC,-72.94145,46.25594,5819,"Louiseville, QC",geonames,6060839
Carterville,IL,-89.0773,37.76005,5818,"Carterville, IL",geonames,4235311
Guadalupe y Calvo,CH,-106.96389,26.09392,5816,"Guadalupe y Calvo, CH",geonames,4005370
Meraux,LA,-89.91623,29.93017,5816,"Meraux, LA",geonames,4333126
Charleston,MO,-89.35063,36.92089,5815,"Charleston, MO",geonames,4380997
Manasquan,NJ,-74.0493,40.12623,5815,"Manasquan, NJ",geonames,5100809
Saint Helena,CA,-122.47026,38.50519,5814,"Saint Helena, CA",geonames,5390267
Hector Caballero,NL,-100.12667,25.63556,5812,"Hector Caballero, NL",geonames,8858238
Ada,OH,-83.82271,40.7695,5811,"Ada, OH",geonames,5145374
Lucerne Valley,CA,-116.96781,34.44389,5811,"Lucerne Valley, CA",geonames,5369150
Acambay,EM,-99.84428,19.95522,5807,"Acambay, EM",geonames,3533475
San Miguel Tenochtitlan,EM,-99.9225,19.76028,5805,"San Miguel Tenochtitlan, EM",geonames,3518326
Warren,AR,-92.06458,33.61261,5804,"Warren, AR",geonames,4135349
Shady Side,MD,-76.51218,38.84178,5803,"Shady Side, MD",geonames,4369286
International Falls,MN,-93.4109,48.6009,5802,"International Falls, MN",curated,
Volney,NY,-76.35771,43.34285,5801,"Volney, NY",geonames,5142408
Fruitridge Pocket,CA,-121.45581,38.53265,5800,"Fruitridge Pocket, CA",geonames,7315196
Temoac,MO,-98.7775,18.77222,5799,"Temoac, MO",geonames,3516031
Lake Mills,WI,-88.91177,43.08139,5798,"Lake Mills, WI",geonames,5259218
Nueva Guadalupe,SV,-88.35,13.53333,5798,"Nueva Guadalupe, SV",geonames,3584260
Ranchettes,WY,-104.79025,41.21859,5798,"Ranchettes, WY",geonames,5835956
The Village of Indian Hill,OH,-84.33517,39.17949,5798,"The Village of Indian Hill, OH",geonames,4526225
DeFuniak Springs,FL,-86.11522,30.72102,5795,"DeFuniak Springs, FL",geonames,4152888
Quinto Barrio (Ejido Cahuacan),EM,-99.41806,19.62222,5795,"Quinto Barrio (Ejido Cahuacan), EM",geonames,8858239
Spring Ridge,MD,-77.35248,39.40149,5795,"Spring Ridge, MD",geonames,4370201
Union,KY,-84.6805,38.9459,5795,Union,geonames,4311646
Windcrest,TX,-98.38029,29.51551,5794,"Windcrest, TX",geonames,4742537
Quila,SI,-107.22139,24.42273,5793,"Quila, SI",geonames,3991148
Belvedere,SC,-81.94484,33.53097,5792,"Belvedere, SC",geonames,4570590
Edna,TX,-96.64609,28.97859,5792,"Edna, TX",geonames,4046274
Olinala,GR,-98.73944,17.77861,5792,"Olinala, GR",geonames,3522364
Selinsgrove,PA,-76.86219,40.79897,5792,"Selinsgrove, PA",geonames,5211411
Tellico Village,TN,-84.25518,35.68321,5791,"Tellico Village, TN",geonames,7315352
Locust Grove,GA,-84.10908,33.34595,5790,"Locust Grove, GA",geonames,4206502
Boiling Spring Lakes,NC,-78.06721,34.03045,5789,"Boiling Spring Lakes, NC",geonames,4456593
Washingtonville,NY,-74.16598,41.42787,5788,"Washingtonville, NY",geonames,5143344
Cheshire Village,CT,-72.89952,41.5026,5786,"Cheshire Village, CT",geonames,7257805
Apastepeque,SV,-88.78333,13.66667,5785,"Apastepeque, SV",geonames,3587349
Cuetzalan,PU,-97.52277,20.01766,5785,"Cuetzalan, PU",geonames,3529932
Hollidaysburg,PA,-78.3889,40.42729,5784,"Hollidaysburg, PA",geonames,5193920
Mexicanos,GT,-101.0715,20.52966,5782,"Mexicanos, GT",geonames,4024264
Tapalpa,JA,-103.75932,19.94567,5782,"Tapalpa, JA",geonames,3982461
Fort Wright,KY,-84.53411,39.05173,5781,Fort Wright,geonames,4292072
Lejamani,HN,-87.7072,14.36681,5781,"Lejamani, HN",geonames,3606069
Santa Ana Tlachiahualpa,EM,-98.90885,19.76869,5781,"Santa Ana Tlachiahualpa, EM",geonames,3817790
Cheraw,SC,-79.8834,34.69766,5778,"Cheraw, SC",geonames,4574434
Ejido Benito Juarez,CH,-106.88362,30.14937,5778,"Ejido Benito Juarez, CH",geonames,3976059
Melfort,SK,-104.61768,52.86673,5778,"Melfort, SK",geonames,6071876
El Oro de Hidalgo,EM,-100.13081,19.80272,5776,"El Oro de Hidalgo, EM",geonames,4008868
Chadron,NE,-102.99991,42.82942,5775,"Chadron, NE",geonames,5694163
Lewisburg,PA,-76.88441,40.96453,5774,"Lewisburg, PA",geonames,5197842
Rio Frio de Juarez,EM,-98.67057,19.35336,5774,"Rio Frio de Juarez, EM",geonames,3520260
Angahuan,MI,-102.22483,19.54775,5773,"Angahuan, MI",geonames,4018519
Coatepeque,SV,-89.50417,13.92861,5773,"Coatepeque, SV",geonames,3586981
McCordsville,IN,-85.92276,39.9081,5773,"McCordsville, IN",geonames,4261132
Belding,MI,-85.22891,43.09781,5769,"Belding, MI",geonames,4985552
Amazcala,QT,-100.26265,20.70014,5768,"Amazcala, QT",geonames,4018601
Huapinol,TB,-92.9109,17.92285,5768,"Huapinol, TB",geonames,6690612
Henryetta,OK,-95.98194,35.43983,5765,"Henryetta, OK",geonames,4538577
Luling,TX,-97.6475,29.68051,5764,"Luling, TX",geonames,4708320
Milton Center,MA,-71.08005,42.25427,5763,"Milton Center, MA",geonames,4944195
Concepcion Jolalpan,EM,-98.84643,19.58399,5761,"Concepcion Jolalpan, EM",geonames,3761196
San Jose Xicohtencatl,TL,-97.83081,19.3544,5761,"San Jose Xicohtencatl, TL",geonames,3815278
San Miguel Contla,TL,-98.1325,19.36111,5761,"San Miguel Contla, TL",geonames,3518230
Vine Grove,KY,-85.98135,37.81007,5760,Vine Grove,geonames,4312096
Valle de Lincoln,NL,-100.47778,25.79333,5759,"Valle de Lincoln, NL",geonames,8858240
Villa de Cos,ZA,-102.34665,23.294,5759,"Villa de Cos, ZA",geonames,3980192
Prairie du Chien,WI,-91.14124,43.05165,5757,"Prairie du Chien, WI",geonames,5268002
Emiliano Zapata,BC,-116.00306,30.75417,5756,"Emiliano Zapata, BC",geonames,8858241
Gustine,CA,-120.99882,37.25772,5756,"Gustine, CA",geonames,5354747
Malone,NY,-74.2949,44.84866,5756,"Malone, NY",geonames,5125717
Jamestown,RI,-71.36728,41.49705,5755,"Jamestown, RI",geonames,5222866
Norway House,MB,-97.83265,53.98214,5753,"Norway House, MB",geonames,7732488
San Lorenzo Oyamel,EM,-99.57761,19.43355,5753,"San Lorenzo Oyamel, EM",geonames,3518538
Sandersville,GA,-82.81014,32.98154,5752,"Sandersville, GA",geonames,4221206
Moosic,PA,-75.73825,41.35341,5751,"Moosic, PA",geonames,5201901
Holdenville,OK,-96.39918,35.08036,5750,"Holdenville, OK",geonames,4538869
Bay Harbor,MI,-85.08208,45.36413,5749,"Bay Harbor, MI",geonames,11669119
Elburn,IL,-88.4723,41.89225,5748,"Elburn, IL",geonames,4890835
Southold,NY,-72.4262,41.06482,5748,"Southold, NY",geonames,5139054
Granville,OH,-82.5196,40.06812,5747,"Granville, OH",geonames,5156270
Lac-Megantic,QC,-70.88234,45.58338,5747,"Lac-Megantic, QC",geonames,6032673
Centerville,IA,-93.93551,42.09276,5745,"Centerville, IA",geonames,4850962
Kuli'ou'ou,HI,-157.73896,21.28761,5745,"Kuli'ou'ou, HI",geonames,5849891
Santo Domingo,CR,-84.15499,10.06389,5745,"Santo Domingo, CR",geonames,3621515
Clover,SC,-81.22646,35.11125,5744,"Clover, SC",geonames,4575061
Trooper,PA,-75.40185,40.14983,5744,"Trooper, PA",geonames,5216092
Venado,SL,-101.09537,22.92997,5743,"Venado, SL",geonames,3980487
South Oroville,CA,-121.536,39.481,5742,"South Oroville, CA",geonames,5397700
Solvang,CA,-120.13765,34.59582,5741,"Solvang, CA",geonames,5397059
McRae,GA,-82.9007,32.06795,5740,"McRae, GA",geonames,4208683
Taos,NM,-105.57307,36.40725,5740,"Taos, NM",geonames,5493811
Oceanport,NJ,-74.01514,40.31817,5739,"Oceanport, NJ",geonames,5102147
Beardstown,IL,-90.42429,40.01755,5738,"Beardstown, IL",geonames,4884282
Groveport,OH,-82.88379,39.8784,5737,"Groveport, OH",geonames,4513425
Grayson Valley,AL,-86.63943,33.64816,5736,"Grayson Valley, AL",geonames,4065029
Sinton,TX,-97.50916,28.03668,5736,"Sinton, TX",geonames,4728826
San Juan Pueblo,HN,-87.23333,15.58333,5735,"San Juan Pueblo, HN",geonames,3601984
Suchitoto,SV,-89.02778,13.93806,5735,"Suchitoto, SV",geonames,3583090
Augusta,WV,-78.63779,39.29538,5734,"Augusta, WV",geonames,4797575
San Mateo del Mar,OA,-94.98178,16.21113,5734,"San Mateo del Mar, OA",geonames,3518382
Citra,FL,-82.10982,29.41192,5732,"Citra, FL",geonames,4151132
St. Michiel,CW,-68.99487,12.14335,5732,St. Michiel,geonames,6692389
Leona Vicario,QR,-87.20224,20.9897,5731,"Leona Vicario, QR",geonames,3822745
Loudon,TN,-84.33381,35.73285,5731,"Loudon, TN",geonames,4638278
Cuanala,PU,-98.32788,19.10917,5728,"Cuanala, PU",geonames,3530040
Mount Carmel,PA,-76.4119,40.79703,5728,"Mount Carmel, PA",geonames,5202114
South Apopka,FL,-81.50952,28.66194,5728,"South Apopka, FL",geonames,4173394
St. Paul,AB,-111.28507,53.98347,5728,"St. Paul, AB",geonames,6157795
Center,TX,-96.4247,31.51073,5727,"Center, TX",geonames,4679987
Hutchins,TX,-96.71305,32.6493,5727,"Hutchins, TX",geonames,4699608
Villa Emilio Carranza,VE,-96.61162,19.9702,5727,"Villa Emilio Carranza, VE",geonames,3527869
Chietla,PU,-98.57889,18.52028,5726,"Chietla, PU",geonames,3530913
Hillsboro,IL,-89.4954,39.16128,5726,"Hillsboro, IL",geonames,4240782
Grand Lake,NB,-65.95682,46.11258,5725,"Grand Lake, NB",geonames,13592177
White Rock,NM,-106.20391,35.82753,5725,"White Rock, NM",geonames,5497876
Quechultenango,GR,-99.24221,17.41425,5720,"Quechultenango, GR",geonames,3520922
Gulf Park Estates,MS,-88.76114,30.39187,5719,"Gulf Park Estates, MS",geonames,4428663
Petoskey,MI,-84.95533,45.37334,5719,"Petoskey, MI",geonames,5005484
Cumming,GA,-84.14019,34.20732,5718,"Cumming, GA",geonames,4190396
Alvaro Obregon,CS,-92.37813,14.92231,5717,"Alvaro Obregon, CS",geonames,3532958
Palmview,TX,-98.37085,26.23341,5715,"Palmview, TX",geonames,4717339
South Tucson,AZ,-110.96842,32.19952,5715,"South Tucson, AZ",geonames,5315313
Belmar,NJ,-74.0218,40.17845,5712,"Belmar, NJ",geonames,5095561
Spring Grove,IL,-88.23648,42.44363,5711,"Spring Grove, IL",geonames,4912248
Vegreville,AB,-112.05182,53.50015,5708,"Vegreville, AB",geonames,6173635
Baillif,GP,-61.74611,16.02037,5705,Baillif,geonames,3579761
Rupert,ID,-113.67723,42.61908,5705,"Rupert, ID",geonames,5606000
Santa Ana Hueytlalpan,HG,-98.31209,20.17484,5705,"Santa Ana Hueytlalpan, HG",geonames,3517735
Lomas de Altavista,EM,-98.94472,19.36139,5704,"Lomas de Altavista, EM",geonames,8858243
Quinta del Cedro,BC,-117.06583,32.4375,5704,"Quinta del Cedro, BC",geonames,8858242
Waynesboro,GA,-82.01567,33.08987,5704,"Waynesboro, GA",geonames,4229791
Paget Parish,BM,-64.78329,32.28016,5702,Paget Parish,geonames,13353868
Sharon Hill,PA,-75.27157,39.9065,5702,"Sharon Hill, PA",geonames,4561188
Spencer,MA,-71.9923,42.24398,5700,"Spencer, MA",geonames,4951699
Villa Riva,DO,-69.91319,19.18069,5700,Villa Riva,geonames,3491916
La Mitra,PA,-79.78445,8.84261,5699,"La Mitra, PA",geonames,3707150
North Sydney,NS,-60.25489,46.20777,5699,"North Sydney, NS",geonames,6090698
Ocean Shores,WA,-124.15629,46.9737,5699,"Ocean Shores, WA",geonames,5805505
Pesqueira,SO,-110.89611,29.37972,5699,"Pesqueira, SO",geonames,3992858
Penn Wynne,PA,-75.27546,39.98622,5697,"Penn Wynne, PA",geonames,4560291
Belle Fourche,SD,-103.85215,44.67137,5696,"Belle Fourche, SD",geonames,5762718
Forest,MS,-89.47423,32.36459,5695,"Forest, MS",geonames,4426884
Willow Springs,IL,-87.86033,41.74087,5695,"Willow Springs, IL",geonames,4916698
San Luis Tecuhautitlan,EM,-98.88868,19.76736,5694,"San Luis Tecuhautitlan, EM",geonames,3817791
Wilmington,IL,-88.14672,41.30781,5694,"Wilmington, IL",geonames,4916740
Bright,IN,-84.85606,39.21839,5693,"Bright, IN",geonames,4254944
New Carlisle,OH,-84.02549,39.93617,5693,"New Carlisle, OH",geonames,4519497
Princeville,QC,-71.87462,46.17163,5693,"Princeville, QC",geonames,8379101
Lindale,TX,-95.4094,32.5157,5692,"Lindale, TX",geonames,4706386
Pinotepa de Don Luis,OA,-97.97668,16.42759,5692,"Pinotepa de Don Luis, OA",geonames,3521424
Unidad Minera 11 de Julio,HG,-98.72278,20.10472,5692,"Unidad Minera 11 de Julio, HG",geonames,8858244
Blauvelt,NY,-73.95764,41.06343,5689,"Blauvelt, NY",geonames,5109479
South Gate Ridge,FL,-82.49676,27.28644,5688,"South Gate Ridge, FL",geonames,4173460
Hualahuises,NL,-99.67407,24.88505,5687,"Hualahuises, NL",geonames,3527021
Corunna,ON,-82.43313,42.88338,5686,"Corunna, ON",geonames,5928202
Kingston Estates,NJ,-74.98795,39.92372,5685,"Kingston Estates, NJ",geonames,4502543
San Nicolas de los Ranchos,PU,-98.48601,19.07139,5685,"San Nicolas de los Ranchos, PU",geonames,3518181
Tenleytown,DC,-77.08581,38.94956,5684,Washington D.C.,geonames,4140642
Barnhart,MO,-90.39345,38.34422,5682,"Barnhart, MO",geonames,4375832
Deer Park,OH,-84.39466,39.20534,5682,"Deer Park, OH",geonames,4509986
Marlin,TX,-96.89804,31.30629,5682,"Marlin, TX",geonames,4709215
Moores Mill,AL,-86.51832,34.84398,5682,"Moores Mill, AL",geonames,4076982
San Miguel Panixtlahuaca,OA,-97.3771,16.26012,5682,"San Miguel Panixtlahuaca, OA",geonames,3518253
West Modesto,CA,-121.03914,37.61754,5682,"West Modesto, CA",geonames,7262504
Galaxia la Noria,JA,-103.41889,20.45722,5681,"Galaxia la Noria, JA",geonames,8858245
Nazareth,PA,-75.30962,40.74038,5681,"Nazareth, PA",geonames,5202938
Lebanon,KY,-85.25274,37.56979,5680,Lebanon,geonames,4297653
Claxton Bay,TT,-61.45985,10.36637,5679,Claxton Bay,geonames,3574773
Oreland,PA,-75.17768,40.11844,5678,"Oreland, PA",geonames,5204575
Edgemoor,DE,-75.49964,39.75011,5677,"Edgemoor, DE",geonames,4142398
Hopkinton,NH,-71.67535,43.19147,5676,"Hopkinton, NH",geonames,5087639
Corona de Tucson,AZ,-110.77564,31.96536,5675,"Corona de Tucson, AZ",geonames,5290925
Benito Juarez,TL,-98.42827,19.5859,5674,"Benito Juarez, TL",geonames,3815030
Lake Bluff,IL,-87.83424,42.27891,5674,"Lake Bluff, IL",geonames,4898974
La Ronge,SK,-105.28422,55.10013,5671,"La Ronge, SK",geonames,6050066
Ogallala,NE,-101.719,41.1248,5671,"Ogallala, NE",curated,
Wailea-Makena,HI,-156.42736,20.66256,5671,"Wailea-Makena, HI",geonames,7262800
Douglass Hills,KY,-85.55274,38.23785,5669,Douglass Hills,geonames,4290181
Nicolet,QC,-72.61292,46.23085,5669,"Nicolet, QC",geonames,6088132
San Antonio Huista,GUA,-91.77163,15.6501,5669,San Antonio Huista,geonames,3590458
West Rancho Dominguez,CA,-118.27063,33.8939,5669,"West Rancho Dominguez, CA",geonames,5407927
Yayas de Viajama,DO,-70.92753,18.6071,5669,Yayas de Viajama,geonames,3491736
San Bernardino,EM,-98.89635,19.47667,5667,"San Bernardino, EM",geonames,3519620
El Valle,DO,-69.37827,18.97567,5666,El Valle,geonames,3506034
Fountainhead-Orchard Hills,MD,-77.71901,39.68636,5666,"Fountainhead-Orchard Hills, MD",geonames,7258606
Snowflake,AZ,-110.07845,34.51337,5666,"Snowflake, AZ",geonames,5314943
Briar,TX,-97.5428,32.99512,5665,"Briar, TX",geonames,4676266
Carlinville,IL,-89.88177,39.27977,5665,"Carlinville, IL",geonames,4235211
Puente Grande,JA,-103.15627,20.56832,5664,"Puente Grande, JA",geonames,4003574
Westville,IN,-86.90058,41.54143,5662,"Westville, IN",geonames,4928145
Barberton,WA,-122.59899,45.69317,5661,"Barberton, WA",geonames,5786322
Richland,NY,-76.0477,43.56951,5661,"Richland, NY",geonames,5133799
Saldarriaga,QT,-100.29125,20.62845,5661,"Saldarriaga, QT",geonames,4029498
Puerto Palomas de Villa,CH,-107.6351,31.77781,5659,"Puerto Palomas de Villa, CH",geonames,3991350
St George's Parish,BM,-64.69756,32.37249,5659,St George's Parish,geonames,13353867
Covington,VA,-79.99395,37.79346,5658,"Covington, VA",geonames,4754358
Sharon,MA,-71.17866,42.12371,5658,"Sharon, MA",geonames,4950654
Buckhannon,WV,-80.23203,38.99399,5657,"Buckhannon, WV",geonames,4800587
Les Trois-Ilets,MQ,-61.03354,14.53912,5657,Les Trois-Ilets,geonames,3570396
Gardnerville,NV,-119.74962,38.9413,5656,"Gardnerville, NV",geonames,5504468
Mena,AR,-94.23966,34.58622,5653,"Mena, AR",geonames,4121297
Morristown,VT,-72.62373,44.55727,5653,"Morristown, VT",geonames,5238755
Nieves,ZA,-103.02005,23.99461,5653,"Nieves, ZA",geonames,3994939
Pevely,MO,-90.39512,38.28339,5652,"Pevely, MO",geonames,4403102
La Curva,TB,-92.48835,17.86819,5651,"La Curva, TB",geonames,3802806
Rib Mountain,WI,-89.6754,44.91275,5651,"Rib Mountain, WI",geonames,5268742
Hingham,MA,-70.88977,42.24177,5650,"Hingham, MA",geonames,4939549
La Venta del Astillero,JA,-103.54632,20.72652,5649,"La Venta del Astillero, JA",geonames,3998858
Monaca,PA,-80.27145,40.68729,5649,"Monaca, PA",geonames,5201658
Highland,NY,-73.96014,41.72093,5647,"Highland, NY",geonames,5120741
Ashburnham,MA,-71.90785,42.6362,5643,"Ashburnham, MA",geonames,4929256
Vinita,OK,-95.15413,36.63869,5643,"Vinita, OK",geonames,4554496
Ayapa,TB,-93.1121,18.22315,5640,"Ayapa, TB",geonames,3532526
Monte Kristal,NL,-100.15694,25.62611,5640,"Monte Kristal, NL",geonames,8858246
La Lima,TB,-92.93389,17.91056,5638,"La Lima, TB",geonames,8858247
Malmok,AW,-70.05064,12.60087,5637,Malmok,geonames,9179507
Pontoon Beach,IL,-90.08038,38.73172,5637,"Pontoon Beach, IL",geonames,4247379
Bath,NY,-77.31776,42.33702,5635,"Bath, NY",geonames,5108110
Jaumave,TM,-99.37618,23.40638,5633,"Jaumave, TM",geonames,3526564
Temamatla,EM,-98.86921,19.20306,5633,"Temamatla, EM",geonames,3516056
Petrolia,ON,-82.152,42.882,5632,"Petrolia, ON",geonames,6103581
Lac-Brome,QC,-72.51581,45.21678,5629,"Lac-Brome, QC",geonames,6002133
Loma la Paz,NL,-100.13472,25.71111,5629,"Loma la Paz, NL",geonames,8858248
Tequesta,FL,-80.088,26.959,5629,"Tequesta, FL",geonames,4175011
Ashton-Sandy Spring,MD,-77.00504,39.14976,5628,"Ashton-Sandy Spring, MD",geonames,7257953
El Triunfo,TB,-91.17056,17.92264,5627,"El Triunfo, TB",geonames,3514678
Ile-de-Lameque,NB,-64.59607,47.84661,5627,"Ile-de-Lameque, NB",geonames,13592150
Indian Hills,NV,-119.78407,39.08602,5627,"Indian Hills, NV",geonames,5550579
Timberlea,NS,-63.74625,44.66239,5627,"Timberlea, NS",geonames,6166694
Zeeland,MI,-86.01865,42.81252,5626,"Zeeland, MI",geonames,5015701
Foxborough,MA,-71.24783,42.06538,5625,"Foxborough, MA",geonames,4937222
Lakeview,NY,-75.86547,42.43202,5625,"Lakeview, NY",geonames,5123907
Pawcatuck,CT,-71.83368,41.37732,5624,"Pawcatuck, CT",geonames,4840426
San Victor Arriba,DO,-70.53585,19.47741,5624,San Victor Arriba,geonames,3492897
Mapimi,DG,-103.84833,25.83362,5623,"Mapimi, DG",geonames,3996647
Mochicahui,SI,-108.92966,25.95134,5623,"Mochicahui, SI",geonames,3995671
Silver Lakes,CA,-117.34098,34.74558,5623,"Silver Lakes, CA",geonames,8481841
El Rosario,SV,-89.02972,13.49778,5620,"El Rosario, SV",geonames,3586021
Long Beach,NC,-78.11777,33.91045,5618,"Long Beach, NC",geonames,4476919
Marlow Heights,MD,-76.95164,38.83345,5618,"Marlow Heights, MD",geonames,4361721
Rusk,TX,-95.15022,31.79601,5618,"Rusk, TX",geonames,4724359
Ciudad Coahuila (Kilometro Cincuenta y Siete),BC,-115.0025,32.19556,5617,"Ciudad Coahuila (Kilometro Cincuenta y Siete), BC",geonames,8858249
Sterling,AK,-150.76472,60.53722,5617,"Sterling, AK",geonames,5875173
La Aldea,GT,-101.47888,20.90192,5615,"La Aldea, GT",geonames,4003618
Rio Hato,PA,-80.16621,8.3794,5615,"Rio Hato, PA",geonames,3701861
Big Stone Gap,VA,-82.7471,36.88176,5614,"Big Stone Gap, VA",geonames,4747554
Potomac Mills,VA,-77.29415,38.64595,5614,"Potomac Mills, VA",geonames,4780087
Leader,CU,-82.25,23.03333,5612,Leader,geonames,3550002
Snyderville,UT,-111.54381,40.69439,5612,"Snyderville, UT",geonames,5781609
Pinos,ZA,-101.57481,22.29882,5611,"Pinos, ZA",geonames,3992485
Dresher,PA,-75.16684,40.14094,5610,"Dresher, PA",geonames,5187297
Yaguate,DO,-70.18113,18.3353,5610,Yaguate,geonames,3491807
Rockdale,TX,-97.00137,30.65548,5609,"Rockdale, TX",geonames,4723369
Lively,ON,-81.14975,46.43338,5608,"Lively, ON",geonames,6057842
Okeechobee,FL,-80.82978,27.24393,5608,"Okeechobee, FL",geonames,4166822
Pana,IL,-89.08008,39.38893,5607,"Pana, IL",geonames,4246595
Atlanta,TX,-94.16435,33.11374,5605,"Atlanta, TX",geonames,4671576
Villa Progreso,QT,-99.83562,20.64241,5604,"Villa Progreso, QT",geonames,3825909
Cuitzeo (La Estancia),JA,-102.78389,20.34278,5603,"Cuitzeo (La Estancia), JA",geonames,4012196
Sainte-Anne-des-Monts,QC,-66.49243,49.12402,5602,"Sainte-Anne-des-Monts, QC",geonames,6137749
Keyes,CA,-120.91549,37.5566,5601,"Keyes, CA",geonames,5363058
Chartersville,NB,-64.73339,46.08494,5600,"Chartersville, NB",geonames,5920343
Finderne,NJ,-74.57766,40.56316,5600,"Finderne, NJ",geonames,5097900
Marieville,QC,-73.16585,45.43338,5600,"Marieville, QC",geonames,6066350
Santa Catarina del Monte,EM,-98.77239,19.48404,5599,"Santa Catarina del Monte, EM",geonames,3517685
Silver Lake,NC,-77.9136,34.14878,5598,"Silver Lake, NC",geonames,4491715
Yanga,VE,-96.79837,18.83288,5598,"Yanga, VE",geonames,3514329
Gardiner,ME,-69.77532,44.23007,5597,"Gardiner, ME",geonames,4965079
La Valla,QT,-100.02821,20.49649,5597,"La Valla, QT",geonames,4029579
Exeter,PA,-75.81908,41.32064,5596,"Exeter, PA",geonames,5189004
Richmond,MO,-93.97689,39.27862,5595,"Richmond, MO",geonames,4405588
Union Beach,NJ,-74.1782,40.4465,5595,"Union Beach, NJ",geonames,5105615
Charlemagne,QC,-73.48247,45.71678,5594,"Charlemagne, QC",geonames,5920089
Pelham Manor,NY,-73.80708,40.89538,5594,"Pelham Manor, NY",geonames,5130862
Milton,WI,-88.944,42.77556,5593,"Milton, WI",geonames,5263023
Teontepec,PU,-97.52962,18.49217,5593,"Teontepec, PU",geonames,3519632
Rincon Chamula,CS,-92.939,17.20811,5592,"Rincon Chamula, CS",geonames,3815772
West Hills,NY,-73.43234,40.81621,5592,"West Hills, NY",geonames,5143857
Estebania,DO,-70.6435,18.4577,5591,Estebania,geonames,3505825
Breckenridge,TX,-98.90229,32.75568,5590,"Breckenridge, TX",geonames,4676181
Coraopolis,PA,-80.16672,40.5184,5590,"Coraopolis, PA",geonames,5185408
Whiteville,NC,-78.70307,34.33878,5589,"Whiteville, NC",geonames,4498899
Woods Creek,WA,-121.89846,47.87871,5589,"Woods Creek, WA",geonames,5816494
Jala,NA,-104.43803,21.10476,5586,"Jala, NA",geonames,4004170
Salamanca,NY,-78.71503,42.15784,5586,"Salamanca, NY",geonames,5136088
Gray,LA,-90.78648,29.69771,5584,"Gray, LA",geonames,4326320
Wadesboro,NC,-80.07673,34.96821,5584,"Wadesboro, NC",geonames,4497244
Creston,BC,-116.50211,49.09987,5583,"Creston, BC",geonames,5932311
West Samoset,FL,-82.55676,27.46948,5583,"West Samoset, FL",geonames,4177930
Convoy Place,NS,-63.61431,44.66785,5581,"Convoy Place, NS",geonames,5927043
Little Bay,SX,-63.06461,18.0264,5581,Little Bay,geonames,10793920
Redcliff,AB,-110.78495,50.08336,5581,"Redcliff, AB",geonames,6118091
San Pedro Abajo,EM,-99.567,19.48093,5581,"San Pedro Abajo, EM",geonames,3827229
Three Points,AZ,-111.31371,32.07675,5581,"Three Points, AZ",geonames,5317377
Hidden Valley Lake,CA,-122.55832,38.80796,5579,"Hidden Valley Lake, CA",geonames,5356767
Combee Settlement,FL,-81.90536,28.05835,5577,"Combee Settlement, FL",geonames,4151607
San Nicolas,QT,-99.93978,20.47781,5576,"San Nicolas, QT",geonames,3518200
Alma,AR,-94.22188,35.47787,5575,"Alma, AR",geonames,4099296
Palmview South,TX,-98.37863,26.21563,5575,"Palmview South, TX",geonames,4717341
Paoli,PA,-75.47631,40.04205,5575,"Paoli, PA",geonames,5205037
Weldon Spring,MO,-90.68929,38.71339,5575,"Weldon Spring, MO",geonames,4413926
Jan-Phyl Village,FL,-81.77175,28.01474,5573,"Jan-Phyl Village, FL",geonames,4160086
Perth,ON,-76.24939,44.90011,5573,"Perth, ON",geonames,6101546
Aguacatan,GUA,-91.31141,15.34222,5572,Aguacatan,geonames,3599912
Acolman de Netzahualcoyotl,EM,-98.90777,19.63976,5571,"Acolman de Netzahualcoyotl, EM",geonames,3533404
Falcon Heights,MN,-93.16633,44.99163,5571,"Falcon Heights, MN",geonames,5026251
Princeville,NS,-61.29853,45.76684,5571,"Princeville, NS",geonames,6113466
San Pedro Zictepec,EM,-99.57771,19.03659,5571,"San Pedro Zictepec, EM",geonames,3827299
Santa Cruz de Rosales,CH,-105.556,28.18717,5570,"Santa Cruz de Rosales, CH",geonames,3988430
Greenwood,MO,-94.34384,38.85168,5569,"Greenwood, MO",geonames,4388831
Wayne,NE,-97.01782,42.23056,5569,"Wayne, NE",geonames,5081454
Bearspaw,AB,-114.302,51.13341,5567,"Bearspaw, AB",geonames,5896271
Swartz Creek,MI,-83.83051,42.95725,5567,"Swartz Creek, MI",geonames,5011701
Greenacres,CA,-119.10983,35.38329,5566,"Greenacres, CA",geonames,5354157
Crozet,VA,-78.70058,38.06958,5565,"Crozet, VA",geonames,4754901
Panindicuaro,MI,-101.76121,19.98432,5565,"Panindicuaro, MI",geonames,3993519
Newberry,FL,-82.6065,29.64635,5564,"Newberry, FL",geonames,4165961
Tocatlan,TL,-98.0274,19.38865,5564,"Tocatlan, TL",geonames,3515333
Cuauhtemoc,TM,-98.15139,22.54501,5563,"Cuauhtemoc, TM",geonames,3482886
San Roque,GT,-101.34126,20.59897,5563,"San Roque, GT",geonames,4024289
Naples Manor,FL,-81.7262,26.0887,5562,"Naples Manor, FL",geonames,4165574
Fussels Corner,FL,-81.86064,28.05419,5561,"Fussels Corner, FL",geonames,4156370
Holdrege,NE,-99.36982,40.44029,5561,"Holdrege, NE",geonames,5070216
San Juan Colorado,OA,-97.95431,16.46066,5561,"San Juan Colorado, OA",geonames,3800348
Woodside,CA,-122.25386,37.42994,5561,"Woodside, CA",geonames,5410535
Nephi,UT,-111.83632,39.71023,5560,"Nephi, UT",geonames,5543853
Lake Fenton,MI,-83.70773,42.84614,5559,"Lake Fenton, MI",geonames,4998543
Shippensburg,PA,-77.52026,40.05065,5559,"Shippensburg, PA",geonames,5212038
Alubaren,HN,-87.46889,13.79611,5558,"Alubaren, HN",geonames,3615226
Osoyoos,BC,-119.45237,49.03306,5556,"Osoyoos, BC",geonames,6094665
Kenosha Streetcar,WI,-87.81021,42.5869,5555,"Kenosha Streetcar, WI",geonames,13286840
Tlatenchi,MO,-99.18639,18.59639,5555,"Tlatenchi, MO",geonames,3515369
Woodstock,NB,-67.58377,46.15796,5553,"Woodstock, NB",geonames,6184364
Corcoran,MN,-93.54746,45.09524,5552,"Corcoran, MN",geonames,5022050
Gateway,AK,-149.24083,61.57278,5552,"Gateway, AK",geonames,5862727
Wappingers Falls,NY,-73.91097,41.59648,5552,"Wappingers Falls, NY",geonames,5143211
Pedro Amaro,MO,-99.17306,18.59639,5551,"Pedro Amaro, MO",geonames,8858250
Ocean City,FL,-86.61356,30.44103,5550,"Ocean City, FL",geonames,4166723
Brady,TX,-99.33506,31.13517,5549,"Brady, TX",geonames,4676032
Bessemer City,NC,-81.28397,35.28486,5548,"Bessemer City, NC",geonames,4455080
Eastham,MA,-69.97391,41.83011,5548,"Eastham, MA",geonames,4935578
Helena,AR,-90.59177,34.52955,5548,"Helena, AR",geonames,4114272
Sotuta,YU,-89.00798,20.59666,5548,"Sotuta, YU",geonames,3516515
Nurillo,TX,-98.1214,26.26702,5547,"Nurillo, TX",geonames,4715696
Adolfo Lopez Mateos (El Tamarindo),SI,-107.63278,24.89639,5546,"Adolfo Lopez Mateos (El Tamarindo), SI",geonames,8858251
Marbletown,NY,-74.1132,41.88343,5544,"Marbletown, NY",geonames,5125973
Sources Chaudes,HT,-74.28673,18.48392,5544,Sources Chaudes,geonames,3716980
Colorines,EM,-100.21817,19.17829,5543,"Colorines, EM",geonames,4013141
Juan de Herrera,DO,-71.2383,18.87402,5543,Juan de Herrera,geonames,3503900
Alton North (historical),TX,-98.30446,26.29535,5541,"Alton North (historical), TX",geonames,4670562
Guanaja,HN,-85.88717,16.44186,5538,"Guanaja, HN",geonames,3609293
Puerto San Carlos,BS,-112.10504,24.78874,5538,Puerto San Carlos,geonames,3987485
Grissom Air Force Base,IN,-86.14755,40.65753,5537,"Grissom Air Force Base, IN",geonames,7259295
Heron Bay,NB,-66.39597,48.02185,5536,"Heron Bay, NB",geonames,13592146
Duquesne,PA,-79.85977,40.38146,5535,"Duquesne, PA",geonames,5187580
Milot,HT,-72.21319,19.60837,5534,Milot,geonames,3720854
San Mateo,GUA,-91.59004,14.858,5534,San Mateo,geonames,3589774
Webster,NY,-77.42999,43.21229,5534,"Webster, NY",geonames,5143495
Litchfield Park,AZ,-112.35794,33.49337,5533,"Litchfield Park, AZ",geonames,5302053
Marksville,LA,-92.06624,31.12797,5533,"Marksville, LA",geonames,4332604
Edgerton,WI,-89.06761,42.83528,5532,"Edgerton, WI",geonames,5251524
Morris Plains,NJ,-74.48099,40.82177,5532,"Morris Plains, NJ",geonames,5101417
Waipi'o Acres,HI,-158.01331,21.46485,5531,"Waipi'o Acres, HI",geonames,5854718
Los Llanos,DO,-69.49581,18.62035,5529,Los Llanos,geonames,3498191
Chichimila,YU,-88.21689,20.63176,5528,"Chichimila, YU",geonames,3530948
Piste,YU,-88.58889,20.69972,5528,"Piste, YU",geonames,3521411
Santa Rosalia,TB,-93.35806,18.08851,5528,"Santa Rosalia, TB",geonames,3517029
Jeanerette,LA,-91.66345,29.91104,5527,"Jeanerette, LA",geonames,4328952
Paola,KS,-94.87913,38.57224,5527,"Paola, KS",geonames,4276956
Santa Maria Coatepec,PU,-97.59253,19.10924,5524,"Santa Maria Coatepec, PU",geonames,3530532
Old Bethpage,NY,-73.45318,40.7626,5523,"Old Bethpage, NY",geonames,5129662
West Loch Estates,HI,-158.02418,21.37244,5523,"West Loch Estates, HI",geonames,5854836
Lake Forest,FL,-80.1831,25.97759,5522,"Lake Forest, FL",geonames,4161228
Glencoe,MN,-94.15164,44.76913,5521,"Glencoe, MN",geonames,5028042
Hamlin,NY,-77.92112,43.30312,5521,"Hamlin, NY",geonames,5119868
La Descubierta,DO,-71.72967,18.57053,5521,La Descubierta,geonames,3502786
Minot Air Force Base,ND,-101.33914,48.42087,5521,"Minot Air Force Base, ND",geonames,7259396
San Pablo Huitzo,OA,-96.88527,17.27738,5519,"San Pablo Huitzo, OA",geonames,3518129
Durham,CA,-121.79998,39.64627,5518,"Durham, CA",geonames,5344359
Rochelle Park,NJ,-74.07514,40.90732,5518,"Rochelle Park, NJ",geonames,5103384
Anthony,TX,-106.60555,31.99927,5517,"Anthony, TX",geonames,5516368
Hightstown,NJ,-74.52321,40.26955,5517,"Hightstown, NJ",geonames,5099067
Nueva Villa de Padilla,TM,-98.90063,24.0482,5517,"Nueva Villa de Padilla, TM",geonames,3522531
West Side Highway,WA,-122.91715,46.18399,5517,"West Side Highway, WA",geonames,7262515
Adams,MA,-73.1176,42.62425,5515,"Adams, MA",geonames,4928733
Fairview,NY,-73.91986,41.7237,5515,"Fairview, NY",geonames,5116819
Homer,AK,-151.5494,59.6425,5515,"Homer, AK",geonames,5864145
Mayflower Village,CA,-118.00979,34.11501,5515,"Mayflower Village, CA",geonames,5371243
Port-Louis,GP,-61.53045,16.41749,5515,Port-Louis,geonames,3578575
Crystal Lake,FL,-81.90841,28.03558,5514,"Crystal Lake, FL",geonames,4152472
Fellsmere,FL,-80.60144,27.76781,5514,"Fellsmere, FL",geonames,4154972
Waterville,OH,-83.71827,41.50089,5514,"Waterville, OH",geonames,5175847
The Pas,MB,-101.24488,53.82159,5513,"The Pas, MB",geonames,6164499
West Bountiful,UT,-111.90188,40.89383,5511,"West Bountiful, UT",geonames,5784504
Monticello,IL,-88.5734,40.02781,5509,"Monticello, IL",geonames,4902567
Centerport,NY,-73.37623,40.88538,5508,"Centerport, NY",geonames,5112038
Harris Hill,NY,-78.67753,42.96478,5508,"Harris Hill, NY",geonames,5120074
Williamston,NC,-77.05551,35.8546,5508,"Williamston, NC",geonames,4499294
La Candelaria Tlapala,EM,-98.84766,19.24042,5506,"La Candelaria Tlapala, EM",geonames,3817639
Huanimaro,GT,-101.49877,20.36794,5505,"Huanimaro, GT",geonames,4004688
Annotto Bay,JM,-76.76523,18.2717,5504,Annotto Bay,geonames,3491556
Richlands,VA,-81.79373,37.09317,5504,"Richlands, VA",geonames,4781711
Santander Jimenez,TM,-98.48446,24.2164,5504,"Santander Jimenez, TM",geonames,3517151
Germantown,OH,-84.36939,39.62617,5503,"Germantown, OH",geonames,4512620
San Bernardino,GUA,-91.45811,14.5424,5501,San Bernardino,geonames,3590384
High Rock,KY,-81.13195,19.29467,5500,High Rock,geonames,3580637
High Rock Estates,KY,-81.14654,19.29875,5500,High Rock Estates,geonames,3580636
Harrisburg,SD,-96.69727,43.43137,5498,"Harrisburg, SD",geonames,5228340
Pass Christian,MS,-89.24754,30.31575,5498,"Pass Christian, MS",geonames,4440413
Wyndmoor,PA,-75.18934,40.08122,5498,"Wyndmoor, PA",geonames,5220221
La Llave,QT,-99.99373,20.46628,5497,"La Llave, QT",geonames,3825948
Emporia,VA,-77.54248,36.68598,5496,"Emporia, VA",geonames,4757673
Lyndon,VT,-72.01093,44.51422,5496,"Lyndon, VT",geonames,5238190
Stettler,AB,-112.71861,52.31683,5494,"Stettler, AB",geonames,6156307
Wellston,OH,-82.53294,39.12341,5494,"Wellston, OH",geonames,4527879
Elverta,CA,-121.46273,38.71379,5492,"Elverta, CA",geonames,5346342
Coal City,IL,-88.28562,41.28781,5489,"Coal City, IL",geonames,4888270
Rancho Murieta,CA,-121.09467,38.50185,5488,"Rancho Murieta, CA",geonames,5386027
San Juan Bautista Valle Nacional,OA,-96.3039,17.7754,5488,"San Juan Bautista Valle Nacional, OA",geonames,3518722
'Aiea Heights,HI,-157.92053,21.39083,5487,"'Aiea Heights, HI",geonames,5857020
Canal Fulton,OH,-81.59762,40.88978,5487,"Canal Fulton, OH",geonames,5149188
Fort Myers Shores,FL,-81.74592,26.70924,5487,"Fort Myers Shores, FL",geonames,4156006
Chester,SC,-81.21426,34.70486,5486,"Chester, SC",geonames,4574565
Saint Clair,MI,-82.48602,42.82087,5485,"Saint Clair, MI",geonames,5010977
Lake Murray of Richland,SC,-81.2645,34.12048,5484,"Lake Murray of Richland, SC",geonames,7260357
Northfield,IL,-87.7809,42.09975,5484,"Northfield, IL",geonames,4904094
Ajuchitlan,QT,-100.02093,20.70751,5483,"Ajuchitlan, QT",geonames,4019042
Southampton,MA,-72.73009,42.22926,5481,"Southampton, MA",geonames,4951582
Robbins,IL,-87.70366,41.64392,5480,"Robbins, IL",geonames,4907786
El Triunfo,CS,-91.85916,16.202,5478,"El Triunfo, CS",geonames,3816465
Lake Alfred,FL,-81.72341,28.09196,5475,"Lake Alfred, FL",geonames,4161150
"VA Boston Healthcare System, Brockton Campus",MA,-71.05896,42.36638,5474,"VA Boston Healthcare System, Brockton Campus, MA",geonames,11280527
Mascotte,FL,-81.88675,28.57833,5473,"Mascotte, FL",geonames,4163635
Morolica,HN,-86.9,13.56667,5472,"Morolica, HN",geonames,3604576
Red Oak,IA,-95.22555,41.00972,5472,"Red Oak, IA",geonames,4872593
Hawkinsville,GA,-83.47212,32.28377,5471,"Hawkinsville, GA",geonames,4199694
San Miguel Totoltepec,EM,-99.57779,19.32402,5471,"San Miguel Totoltepec, EM",geonames,9513837
Wake Village,TX,-94.1063,33.42679,5471,"Wake Village, TX",geonames,4739641
Algona,IA,-94.23302,43.06997,5470,"Algona, IA",geonames,4846602
Iola,KS,-95.39998,37.92448,5470,"Iola, KS",geonames,4273441
Nata,PA,-80.5213,8.33588,5470,"Nata, PA",geonames,3703938
Turner,ME,-70.25617,44.25646,5470,"Turner, ME",geonames,4981250
Anamosa,IA,-91.28516,42.10834,5469,"Anamosa, IA",geonames,4846880
Le Morne-Rouge,MQ,-61.13564,14.7761,5469,Le Morne-Rouge,geonames,3570423
Northwood,OH,-83.73243,40.47283,5469,"Northwood, OH",geonames,5165067
Cumberland,IN,-85.9572,39.77615,5467,"Cumberland, IN",geonames,4256384
El Granada,CA,-122.46942,37.50272,5467,"El Granada, CA",geonames,5345716
Mercedes,CR,-83.57968,9.27447,5467,"Mercedes, CR",geonames,3622884
Salida,CO,-105.9989,38.53472,5467,"Salida, CO",geonames,5437555
Pesqueria,NL,-100.05143,25.78563,5465,"Pesqueria, NL",geonames,3992857
Vail,CO,-106.3742,39.64026,5461,"Vail, CO",geonames,5442727
Cameron,TX,-96.97693,30.85325,5460,"Cameron, TX",geonames,4678357
Cerro Gordo,GT,-101.12661,20.59321,5460,"Cerro Gordo, GT",geonames,4014740
Nashville,NC,-77.96554,35.9746,5460,"Nashville, NC",geonames,4481519
Somerdale,NJ,-75.02267,39.844,5460,"Somerdale, NJ",geonames,4504180
Brush,CO,-103.62384,40.25887,5459,"Brush, CO",geonames,5575194
San Dionisio Ocotepec,OA,-96.39575,16.79686,5459,"San Dionisio Ocotepec, OA",geonames,3519480
Gananoque,ON,-76.16607,44.33342,5458,"Gananoque, ON",geonames,5959326
San Rafael del Norte,NI,-86.11089,13.21248,5458,"San Rafael del Norte, NI",geonames,3616597
Atemajac de Brizuela,JA,-103.72763,20.14069,5457,"Atemajac de Brizuela, JA",geonames,4018043
Chamberlayne,VA,-77.42859,37.62653,5456,"Chamberlayne, VA",geonames,4751886
Tehuitzingo,PU,-98.27587,18.33186,5456,"Tehuitzingo, PU",geonames,3818985
Comstock Northwest,MI,-85.51759,42.32182,5455,"Comstock Northwest, MI",geonames,7259593
La Habra Heights,CA,-117.95062,33.96085,5454,"La Habra Heights, CA",geonames,5363925
Willard,MO,-93.42853,37.30505,5454,"Willard, MO",geonames,4414816
Saint-Roch-de-l'Achigan,QC,-73.58959,45.85921,5453,"Saint-Roch-de-l'Achigan, QC",geonames,11696024
Waimanalo,HI,-157.7238,21.34614,5451,"Waimanalo, HI",geonames,5854532
Connell,WA,-118.86111,46.66347,5446,"Connell, WA",geonames,5790756
Fort Washington,PA,-75.20906,40.14178,5446,"Fort Washington, PA",geonames,5190089
Lebanon,ME,-70.85089,43.39453,5446,"Lebanon, ME",geonames,4969280
Los Arcos,MO,-99.02417,18.88722,5446,"Los Arcos, MO",geonames,8858252
Los Chavez,NM,-106.75726,34.72571,5446,"Los Chavez, NM",geonames,5476881
Esperalvillo,DO,-70.03557,18.81509,5445,Esperalvillo,geonames,3505861
North Hills,NY,-73.67652,40.78093,5444,"North Hills, NY",geonames,5129093
Stroudsburg,PA,-75.19462,40.98676,5444,"Stroudsburg, PA",geonames,5214543
Batesburg-Leesville,SC,-81.53733,33.91014,5441,"Batesburg-Leesville, SC",geonames,4570117
Saint-Pie,QC,-72.9089,45.50277,5438,"Saint-Pie, QC",geonames,6138916
Williamson,AZ,-112.54101,34.69002,5438,"Williamson, AZ",geonames,5321135
Macon,MO,-92.47269,39.74226,5436,"Macon, MO",geonames,4396767
Butternut Valley,NB,-65.5347,45.83331,5435,"Butternut Valley, NB",geonames,13592171
Brewton,AL,-87.07219,31.10518,5434,"Brewton, AL",geonames,4051714
Dayton,KY,-84.47272,39.11284,5433,Dayton,geonames,4289629
Santa Rosa de Aguan,HN,-85.71667,15.95,5432,"Santa Rosa de Aguan, HN",geonames,3601496
New Holland,PA,-76.08523,40.10176,5430,"New Holland, PA",geonames,5203221
Viscount Alexander Park,ON,-75.6312,45.45273,5430,"Viscount Alexander Park, ON",geonames,6174516
Glasgow Village,MO,-90.19844,38.75366,5429,"Glasgow Village, MO",geonames,4388005
Santo Domingo Petapa,OA,-95.13955,16.81817,5429,"Santo Domingo Petapa, OA",geonames,3516846
Mocorito,SI,-107.92128,25.48154,5426,"Mocorito, SI",geonames,3995652
Villa de Arriaga,SL,-101.38223,21.90917,5426,"Villa de Arriaga, SL",geonames,4018209
Bajos de Chila,OA,-97.12093,15.92314,5425,"Bajos de Chila, OA",geonames,3800562
Mount Carmel,TN,-82.66099,36.54538,5425,"Mount Carmel, TN",geonames,4643153
Rockwood,TN,-84.68494,35.86563,5425,"Rockwood, TN",geonames,4653999
Sayre,PA,-76.5155,41.97896,5424,"Sayre, PA",geonames,5211037
Enriquillo,DO,-71.23333,17.9,5423,Enriquillo,geonames,3505947
Penuela,VE,-96.89449,18.86421,5421,"Penuela, VE",geonames,3823816
Berlin,WI,-88.94345,43.96804,5420,"Berlin, WI",geonames,5245497
Jean-Rabel,HT,-73.19131,19.85379,5419,Jean-Rabel,geonames,3723618
Clarinda,IA,-95.038,40.73981,5418,"Clarinda, IA",geonames,4851762
South Hooksett,NH,-71.43534,43.02647,5418,"South Hooksett, NH",geonames,5092902
Colby,KS,-101.05238,39.39584,5417,"Colby, KS",geonames,5445194
Belen,NI,-85.88935,11.50299,5415,"Belen, NI",geonames,3620734
Manchester,WA,-122.54507,47.55566,5413,"Manchester, WA",geonames,5802247
Paxtonia,PA,-76.79442,40.31731,5412,"Paxtonia, PA",geonames,5205267
San Francisco de la Paz,HN,-86.2,14.9,5411,"San Francisco de la Paz, HN",geonames,3602281
Pitiquito,SO,-112.05454,30.67664,5410,"Pitiquito, SO",geonames,3992405
Sherwood Manor,CT,-72.56425,42.01343,5410,"Sherwood Manor, CT",geonames,4842958
Manchester,MD,-76.88498,39.66121,5408,"Manchester, MD",geonames,4361547
San Francisco Ixhuatan,OA,-94.48402,16.35109,5408,"San Francisco Ixhuatan, OA",geonames,3526715
Windsor,QC,-71.99909,45.56678,5408,"Windsor, QC",geonames,6182959
White City,UT,-111.86438,40.56578,5407,"White City, UT",geonames,5784731
Los Copeles,NI,-85.31241,12.20869,5406,"Los Copeles, NI",geonames,3620084
Punta Gorda,BZ,-88.8097,16.09835,5406,"Punta Gorda, BZ",geonames,3581398
Smith's Parish,BM,-64.73897,32.31389,5406,Smith's Parish,geonames,13353865
Winfield,IN,-87.27531,41.40531,5406,"Winfield, IN",geonames,4928354
Villas de Alcala,NL,-100.18528,25.91528,5405,"Villas de Alcala, NL",geonames,8858253
Uhrichsville,OH,-81.3465,40.39312,5404,"Uhrichsville, OH",geonames,5174585
Englewood Cliffs,NJ,-73.95236,40.88538,5403,"Englewood Cliffs, NJ",geonames,5097677
Basehor,KS,-94.93858,39.14167,5402,"Basehor, KS",geonames,4267944
Brownsfield,LA,-91.12066,30.54658,5401,"Brownsfield, LA",geonames,4318037
Diboll,TX,-94.78104,31.18713,5400,"Diboll, TX",geonames,4686131
Palo Alto,AG,-101.96277,21.91709,5399,Palo Alto,geonames,3993763
Aberdeen,MS,-88.54366,33.82511,5397,"Aberdeen, MS",geonames,4415813
Chisasibi,QC,-78.9,53.78333,5397,"Chisasibi, QC",geonames,5921588
Goshen,NY,-74.32432,41.40204,5397,"Goshen, NY",geonames,5118920
Miguel Hidalgo,TB,-93.30589,18.25476,5397,"Miguel Hidalgo, TB",geonames,3802082
Starke,FL,-82.10983,29.94413,5397,"Starke, FL",geonames,4173999
Strawberry,CA,-122.50886,37.89687,5393,"Strawberry, CA",geonames,5399319
Winston,OR,-123.41257,43.12234,5393,"Winston, OR",geonames,5761481
Zaragoza,EM,-99.64405,19.1483,5393,"Zaragoza, EM",geonames,3514052
Calera Chica,MO,-99.18194,18.85833,5392,"Calera Chica, MO",geonames,8858254
Progress Village,FL,-82.36454,27.9003,5392,"Progress Village, FL",geonames,4169378
Cochrane,ON,-81.03307,49.06689,5390,"Cochrane, ON",geonames,5924614
Huitel,HG,-99.2786,20.16707,5390,"Huitel, HG",geonames,3814127
Lochbuie,CO,-104.71608,40.00721,5390,"Lochbuie, CO",geonames,5579170
Islip Terrace,NY,-73.19262,40.74315,5389,"Islip Terrace, NY",geonames,5122417
New Gloucester,ME,-70.28255,43.96285,5389,"New Gloucester, ME",geonames,4973259
Titusville,PA,-79.67366,41.627,5389,"Titusville, PA",geonames,5215726
San Andres Ocotlan,EM,-99.58612,19.19297,5388,"San Andres Ocotlan, EM",geonames,3827283
Hidden Valley,IN,-84.84301,39.16228,5387,"Hidden Valley, IN",geonames,4258871
Huntertown,IN,-85.17247,41.22838,5387,"Huntertown, IN",geonames,4921722
San Miguel Ameyalco,EM,-99.4588,19.30681,5387,"San Miguel Ameyalco, EM",geonames,3532895
Terryville,CT,-73.01094,41.67815,5387,"Terryville, CT",geonames,4844084
San Lorenzo Tlalmimilolpan,EM,-98.87221,19.66731,5386,"San Lorenzo Tlalmimilolpan, EM",geonames,3817759
Timber Pines,FL,-82.60316,28.47028,5386,"Timber Pines, FL",geonames,4175391
Oxford,PA,-75.97883,39.78539,5385,"Oxford, PA",geonames,4560185
Pinckneyville,IL,-89.38203,38.08033,5385,"Pinckneyville, IL",geonames,4246983
Ayr,ON,-80.44968,43.2834,5383,"Ayr, ON",geonames,5888737
Fox Chapel,PA,-79.87977,40.5134,5383,"Fox Chapel, PA",geonames,5190213
San Sebastian Xolalpa,EM,-98.84529,19.67653,5383,"San Sebastian Xolalpa, EM",geonames,3817761
New Castle,DE,-75.56359,39.65948,5382,"New Castle, DE",geonames,4143834
Palermo,CA,-121.53802,39.43544,5382,"Palermo, CA",geonames,5380571
San Jose Teacalco,TL,-98.06455,19.33558,5381,"San Jose Teacalco, TL",geonames,3815199
Bocas del Toro,PA,-82.24204,9.34031,5380,"Bocas del Toro, PA",geonames,3713959
Suncook,NH,-71.45312,43.13064,5379,"Suncook, NH",geonames,5093360
Mendon,MA,-71.55229,42.10565,5378,"Mendon, MA",geonames,4943746
Eureka,IL,-89.27286,40.72143,5377,"Eureka, IL",geonames,4891310
Perezville,TX,-98.40057,26.22452,5376,"Perezville, TX",geonames,4718491
Tezonapa,VE,-96.68417,18.60706,5376,"Tezonapa, VE",geonames,3801225
Ballston Spa,NY,-73.84901,43.00091,5375,"Ballston Spa, NY",geonames,5107812
Waynesville,MO,-92.20072,37.82865,5374,"Waynesville, MO",geonames,4413802
San Juanito de Escobedo,JA,-104.00162,20.79816,5373,"San Juanito de Escobedo, JA",geonames,4018436
Summit,AZ,-110.95148,32.06702,5372,"Summit, AZ",geonames,5316172
Worland,WY,-107.95537,44.0169,5372,"Worland, WY",geonames,5843495
Berryville,AR,-93.56797,36.36479,5371,"Berryville, AR",geonames,4101309
Purulha,GUA,-90.23571,15.23566,5370,Purulha,geonames,3591028
Greenwood,NS,-64.93169,44.97413,5369,"Greenwood, NS",geonames,5966689
Amacuzac,MO,-99.36944,18.59861,5368,"Amacuzac, MO",geonames,3532951
San Benito Xaltocan,TL,-98.16683,19.40594,5367,"San Benito Xaltocan, TL",geonames,3815184
Manchester-by-the-Sea,MA,-70.76894,42.57787,5366,"Manchester-by-the-Sea, MA",geonames,4942975
Moab,UT,-109.5498,38.5733,5366,"Moab, UT",curated,
Old Fig Garden,CA,-119.80515,36.79885,5365,"Old Fig Garden, CA",geonames,7315205
Contra Costa Centre,CA,-122.05786,37.92752,5364,"Contra Costa Centre, CA",geonames,8097232
Waldon,CA,-122.05552,37.92631,5364,"Waldon, CA",geonames,5406879
Media,PA,-75.38769,39.91678,5363,"Media, PA",geonames,4559575
Wilton,CA,-121.27217,38.41186,5363,"Wilton, CA",geonames,5409941
Lionel Town,JM,-77.24061,17.81007,5362,Lionel Town,geonames,3489758
Dowsett Highlands,HI,-157.83382,21.33735,5360,"Dowsett Highlands, HI",geonames,7306109
Chapulco,PU,-97.40474,18.62586,5358,"Chapulco, PU",geonames,3818819
Waterford,WI,-88.21426,42.76307,5358,"Waterford, WI",geonames,5278003
Ripley,MS,-88.95062,34.72982,5357,"Ripley, MS",geonames,4443338
San Antonino Castillo Velasco,OA,-96.68262,16.80144,5354,"San Antonino Castillo Velasco, OA",geonames,3801621
Tyrone,PA,-78.23862,40.67062,5353,"Tyrone, PA",geonames,5216514
Highwood,IL,-87.80923,42.19975,5352,"Highwood, IL",geonames,4895918
Morris,MN,-95.91394,45.58607,5352,"Morris, MN",geonames,5038252
Fairport,NY,-77.44194,43.09867,5351,"Fairport, NY",geonames,5116815
Smithers,BC,-127.17428,54.78036,5351,"Smithers, BC",geonames,6149996
Villa Union,CO,-100.72624,28.22228,5350,"Villa Union, CO",geonames,3980122
Zimmerman,MN,-93.58996,45.4433,5350,"Zimmerman, MN",geonames,5033783
Post,TX,-101.379,33.19122,5349,"Post, TX",geonames,5528596
San Marcos,HN,-88.95525,14.40788,5346,"San Marcos, HN",geonames,3601903
Cookshire-Eaton,QC,-71.6324,45.41675,5344,"Cookshire-Eaton, QC",geonames,5927235
Delhi,ON,-80.49968,42.8501,5344,"Delhi, ON",geonames,5937522
Point Hill,JM,-77.10759,18.08988,5344,Point Hill,geonames,3489011
San Pablo Tecalco,EM,-98.95837,19.67309,5344,"San Pablo Tecalco, EM",geonames,3518122
Wind Lake,WI,-88.1587,42.82946,5342,"Wind Lake, WI",geonames,5279285
Cave Creek,AZ,-111.95083,33.83333,5341,"Cave Creek, AZ",geonames,5288858
Hazard,KY,-83.19323,37.24954,5341,Hazard,geonames,4294349
Florida,HN,-88.83567,15.02692,5340,"Florida, HN",geonames,3609681
Stokesdale,NC,-79.97948,36.23708,5340,"Stokesdale, NC",geonames,4493547
San Jose de Lourdes,ZA,-103.00973,23.27645,5339,"San Jose de Lourdes, ZA",geonames,3986450
Cape May Court House,NJ,-74.82378,39.08261,5338,"Cape May Court House, NJ",geonames,4501057
Nassau Village-Ratliff,FL,-81.80925,30.51111,5337,"Nassau Village-Ratliff, FL",geonames,7260484
Hueytamalco,PU,-97.28848,19.94029,5335,"Hueytamalco, PU",geonames,3526927
Manitou Springs,CO,-104.9172,38.85971,5334,"Manitou Springs, CO",geonames,5430023
Watertown Square,MA,-71.18462,42.36531,5331,"Watertown Square, MA",geonames,13308080
Calistoga,CA,-122.57971,38.5788,5330,"Calistoga, CA",geonames,5332937
Dacula,GA,-83.89796,33.98872,5330,"Dacula, GA",geonames,4190523
Valentin Gomez Farias,CH,-107.739,29.35786,5330,"Valentin Gomez Farias, CH",geonames,4005777
Rothschild,WI,-89.62012,44.88719,5329,"Rothschild, WI",geonames,5269583
Byron,MN,-92.64546,44.03274,5328,"Byron, MN",geonames,5019890
Hildegarde,NB,-64.85392,46.12296,5327,"Hildegarde, NB",geonames,5975135
Calderitas,QR,-88.25518,18.55564,5326,"Calderitas, QR",geonames,3531816
El Rincon Citlaltepetl,PU,-97.89444,19.15556,5326,"El Rincon Citlaltepetl, PU",geonames,8858255
St. Peter Parish,AG,-61.71223,17.08487,5325,St. Peter Parish,geonames,13590585
Armstrong,BC,-119.20235,50.44979,5323,"Armstrong, BC",geonames,5887048
Cajititlan,JA,-103.30919,20.43056,5323,"Cajititlan, JA",geonames,4016272
Monticello,IN,-86.76473,40.74532,5322,"Monticello, IN",geonames,4923745
Pumphrey,MD,-76.63719,39.21733,5322,"Pumphrey, MD",geonames,4366270
Yarmouth Port,MA,-70.24947,41.70205,5320,"Yarmouth Port, MA",geonames,4956338
Deer Lake,NL,-57.43163,49.16671,5319,"Deer Lake, NL",geonames,5937252
La Esperanza,HN,-88.16725,14.30158,5318,"La Esperanza, HN",geonames,3607966
Savin Hill,MA,-71.05783,42.3126,5318,"Savin Hill, MA",geonames,4950295
Chinampa de Gorostiza,VE,-97.73484,21.35959,5317,"Chinampa de Gorostiza, VE",geonames,3530834
Weiser,ID,-116.96933,44.251,5317,"Weiser, ID",geonames,5611730
Adel,GA,-83.42408,31.13727,5316,"Adel, GA",geonames,4179193
Cercado Abajo,DO,-71.51742,18.72681,5316,Cercado Abajo,geonames,3509882
Mazatlan,GR,-99.46483,17.4362,5316,"Mazatlan, GR",geonames,3523412
Lehighton,PA,-75.7138,40.8337,5314,"Lehighton, PA",geonames,5197673
Marsh Harbour,BS,-77.0636,26.54124,5314,Marsh Harbour,geonames,3571913
Poland,ME,-70.39367,44.06063,5314,"Poland, ME",geonames,4975603
Spring Valley,IL,-89.19981,41.32754,5314,"Spring Valley, IL",geonames,4912303
Eucalyptus Hills,CA,-116.94669,32.87977,5313,"Eucalyptus Hills, CA",geonames,5346986
New Hempstead,NY,-74.03375,41.14982,5312,"New Hempstead, NY",geonames,5120479
San Diego de Alejandria,JA,-101.99322,20.99306,5312,"San Diego de Alejandria, JA",geonames,3987310
South Gastonia,NC,-81.20563,35.2193,5312,"South Gastonia, NC",geonames,4492573
San Pedro Tlanixco,EM,-99.65237,19.06259,5307,"San Pedro Tlanixco, EM",geonames,3517954
Santa Clara La Laguna,GUA,-91.30355,14.71509,5306,Santa Clara La Laguna,geonames,3589433
Palmerton,PA,-75.6119,40.8014,5305,"Palmerton, PA",geonames,5204957
Edgewater,CO,-105.06415,39.75304,5302,"Edgewater, CO",geonames,5420859
Nombre de Dios,DG,-104.24712,23.84891,5302,"Nombre de Dios, DG",geonames,3994863
Acamixtla,GR,-99.56599,18.56512,5301,"Acamixtla, GR",geonames,3533473
Hardeeville,SC,-81.08067,32.28714,5301,"Hardeeville, SC",geonames,4581095
Mount Arlington,NJ,-74.63488,40.92593,5300,"Mount Arlington, NJ",geonames,5101459
Smiths Station,AL,-85.09855,32.54014,5300,"Smiths Station, AL",geonames,4090684
East Kapolei,HI,-158.05126,21.3586,5299,"East Kapolei, HI",geonames,13645939
Sussex,NB,-65.50663,45.72266,5298,"Sussex, NB",geonames,6159980
Newmarket,NH,-70.93506,43.08286,5297,"Newmarket, NH",geonames,5090246
Greenbrier,AR,-92.38765,35.23397,5296,"Greenbrier, AR",geonames,4113067
McKenzie,TN,-88.51866,36.13256,5296,"McKenzie, TN",geonames,4640736
Silver Springs,NV,-119.22461,39.41547,5296,"Silver Springs, NV",geonames,5512373
Pecan Plantation,TX,-97.67558,32.36042,5294,"Pecan Plantation, TX",geonames,4718236
Hartsdale,NY,-73.79819,41.01899,5293,"Hartsdale, NY",geonames,5120141
Santa Maria Ixtulco,TL,-98.20843,19.32529,5293,"Santa Maria Ixtulco, TL",geonames,3815382
Williamsburg,KY,-84.15966,36.74342,5293,Williamsburg,geonames,4313563
Asbury,IA,-90.75152,42.51445,5291,"Asbury, IA",geonames,4847226
Jonesborough,TN,-82.47348,36.29427,5291,"Jonesborough, TN",geonames,4633848
San Francisco de Asis,JA,-102.56361,20.59694,5291,"San Francisco de Asis, JA",geonames,8858256
Indian Wells,CA,-116.34311,33.71791,5289,"Indian Wells, CA",geonames,5359426
Amayuca,MO,-98.79812,18.72408,5287,"Amayuca, MO",geonames,3532903
Boulevard Park,WA,-122.317,47.513,5287,"Boulevard Park, WA",geonames,5787893
Cahaba Heights,AL,-86.73193,33.464,5287,"Cahaba Heights, AL",geonames,4052964
Collegeville,PA,-75.45157,40.18566,5287,"Collegeville, PA",geonames,5184966
Eastman,GA,-83.17765,32.19767,5285,"Eastman, GA",geonames,4192754
San Rafael del Yuma,DO,-68.6739,18.42993,5285,San Rafael del Yuma,geonames,3493022
Linton,IN,-87.16585,39.03477,5284,"Linton, IN",geonames,4260453
Ipala,GUA,-89.6194,14.61987,5283,Ipala,geonames,3595366
Manlio Fabio Altamirano,VE,-96.33351,19.09425,5283,"Manlio Fabio Altamirano, VE",geonames,3523616
New Ipswich,NH,-71.85424,42.74814,5283,"New Ipswich, NH",geonames,5090183
South Haven,IN,-87.13726,41.54198,5282,"South Haven, IN",geonames,4926613
Warrenton,OR,-123.92376,46.1651,5282,"Warrenton, OR",geonames,5759289
Harpswell Center,ME,-69.98421,43.80175,5281,"Harpswell Center, ME",geonames,4966554
Harvest,AL,-86.75083,34.85564,5281,"Harvest, AL",geonames,4066463
Bliss Corner,MA,-70.93837,41.61177,5280,"Bliss Corner, MA",geonames,4930804
Sarabia,GT,-101.06058,20.52346,5280,"Sarabia, GT",geonames,4024263
Bluefield,VA,-81.27121,37.25262,5279,"Bluefield, VA",geonames,4748125
Saint Paul Park,MN,-92.99132,44.84219,5279,"Saint Paul Park, MN",geonames,5045403
Santa Maria Magdalena Cahuacan,EM,-99.41349,19.63804,5279,"Santa Maria Magdalena Cahuacan, EM",geonames,3517236
Tequexquinahuac,EM,-98.82485,19.47757,5279,"Tequexquinahuac, EM",geonames,3817693
Walterboro,SC,-80.66677,32.90517,5278,"Walterboro, SC",geonames,4600065
Bellevue,MA,-71.14533,42.2876,5277,"Bellevue, MA",geonames,4930258
Big Flats,NY,-76.93691,42.1373,5277,"Big Flats, NY",geonames,5109053
Rye,NH,-70.77089,43.01342,5277,"Rye, NH",geonames,5092018
Zephyrhills South,FL,-82.18873,28.21492,5276,"Zephyrhills South, FL",geonames,7260319
Saranac Lake,NY,-74.13127,44.3295,5274,"Saranac Lake, NY",geonames,5136322
Guatajiagua,SV,-88.2,13.66667,5273,"Guatajiagua, SV",geonames,3585653
San Mateo Atarasquillo,EM,-99.46156,19.32304,5273,"San Mateo Atarasquillo, EM",geonames,3827368
Creve Coeur,IL,-89.59121,40.64726,5272,"Creve Coeur, IL",geonames,4889130
Turtle Creek,PA,-79.82505,40.4059,5272,"Turtle Creek, PA",geonames,5216343
Penon Blanco,DG,-104.03424,24.79204,5271,"Penon Blanco, DG",geonames,3992967
Pilcaya,GR,-99.67501,18.74691,5270,"Pilcaya, GR",geonames,3817354
Antonio Escobedo,JA,-104.01667,20.8,5269,"Antonio Escobedo, JA",geonames,4018435
Mochitlan,GR,-99.37048,17.47192,5269,"Mochitlan, GR",geonames,3523113
Meadow Lake,SK,-108.43471,54.13348,5266,"Meadow Lake, SK",geonames,6071421
Schlusser,PA,-77.17693,40.24175,5265,"Schlusser, PA",geonames,5211113
Shillington,PA,-75.96549,40.30787,5265,"Shillington, PA",geonames,5211953
Ivy City,DC,-76.9847,38.91122,5264,Washington D.C.,geonames,4139199
Above Rocks,JM,-76.87608,18.10678,5261,Above Rocks,geonames,6690257
Hampden,MA,-72.41342,42.06398,5261,"Hampden, MA",geonames,4938738
Tierra Nueva,SL,-100.57287,21.66904,5261,"Tierra Nueva, SL",geonames,3981652
West Clarkston-Highland,WA,-117.06395,46.40287,5261,"West Clarkston-Highland, WA",geonames,7262495
Carlisle,OH,-84.32022,39.582,5259,"Carlisle, OH",geonames,4507937
Delhi Hills,OH,-84.61272,39.09284,5259,"Delhi Hills, OH",geonames,4050006
Pos Chiquito,AW,-69.96233,12.46497,5259,Pos Chiquito,geonames,3577136
Tecolotes,BC,-114.98333,32.56667,5259,"Tecolotes, BC",geonames,3982215
Ursulo Galvan,VE,-96.3609,19.40531,5259,"Ursulo Galvan, VE",geonames,3514906
San Mateo Ixtacalco,EM,-99.17159,19.6992,5258,"San Mateo Ixtacalco, EM",geonames,3518379
Casas Grandes,CH,-107.95202,30.3775,5256,"Casas Grandes, CH",geonames,4015076
Fairfield,IL,-88.06147,42.21919,5255,"Fairfield, IL",geonames,4891534
Williamsville,NY,-78.73781,42.96395,5254,"Williamsville, NY",geonames,5144588
Glenwood,IA,-95.74251,41.04694,5253,"Glenwood, IA",geonames,4858479
Palm Springs North,FL,-80.33383,25.9351,5253,"Palm Springs North, FL",geonames,4167594
Australia,CU,-81.1359,22.49939,5250,Australia,geonames,3749701
East Moriches,NY,-72.76093,40.8051,5249,"East Moriches, NY",geonames,5115974
Fernie,BC,-115.06871,49.49996,5249,"Fernie, BC",geonames,5952370
Tulcingo de Valle,PU,-98.44074,18.0437,5249,"Tulcingo de Valle, PU",geonames,3515056
Keyser,WV,-78.97392,39.44093,5248,"Keyser, WV",geonames,4810884
Pocora,CR,-83.60264,10.17195,5248,"Pocora, CR",geonames,3622325
Tonganoxie,KS,-95.08775,39.10972,5248,"Tonganoxie, KS",geonames,4280502
Woodstock,VA,-78.50584,38.88178,5248,"Woodstock, VA",geonames,4794641
Folkston,GA,-82.01131,30.83095,5247,"Folkston, GA",geonames,4195600
Aquin,HT,-73.39433,18.27974,5246,Aquin,geonames,3731095
Grove Hall,MA,-71.0745,42.31121,5245,"Grove Hall, MA",geonames,4938495
Scituate,MA,-70.72587,42.19593,5245,"Scituate, MA",geonames,4950395
Forked River,NJ,-74.19014,39.83984,5244,"Forked River, NJ",geonames,4501818
Dove Valley,CO,-104.8294,39.57771,5243,"Dove Valley, CO",geonames,7729501
De Witt,IA,-90.53819,41.82336,5242,"De Witt, IA",geonames,4853551
Pea Ridge,AR,-94.1152,36.45396,5242,"Pea Ridge, AR",geonames,4125681
Sinaloa de Leyva,SI,-108.22275,25.82248,5240,"Sinaloa de Leyva, SI",geonames,3983032
Xochimanca,EM,-98.82433,19.49052,5239,"Xochimanca, EM",geonames,3519487
Aldama,TB,-93.35102,18.24117,5237,"Aldama, TB",geonames,3533082
Chester,NH,-71.25728,42.95675,5236,"Chester, NH",geonames,5084518
Sunset Beach-Pupukea,HI,-158.05406,21.66223,5235,"Sunset Beach-Pupukea, HI",geonames,13645948
Tracyton,WA,-122.65514,47.60898,5233,"Tracyton, WA",geonames,5813832
Grosse Pointe,MI,-82.91186,42.38615,5232,"Grosse Pointe, MI",geonames,4994862
Panaba,YU,-88.27021,21.2965,5232,"Panaba, YU",geonames,3521972
Paulden,AZ,-112.46823,34.88558,5231,"Paulden, AZ",geonames,5308281
San Andres Ixtlan,JA,-103.47028,19.82044,5230,"San Andres Ixtlan, JA",geonames,3987923
Evansville,WI,-89.29928,42.78028,5228,"Evansville, WI",geonames,5252182
Jicaltepec Autopan,EM,-99.64083,19.37167,5228,"Jicaltepec Autopan, EM",geonames,8858257
Schuylkill Haven,PA,-76.17105,40.63065,5228,"Schuylkill Haven, PA",geonames,5211212
Sisimiut,GL,-53.6735,66.93946,5227,Sisimiut,geonames,3419842
Eaton Rapids,MI,-84.65581,42.5092,5225,"Eaton Rapids, MI",geonames,4991753
Fundy-St. Martins,NB,-65.43908,45.40777,5225,"Fundy-St. Martins, NB",geonames,13592173
Hugo,OK,-95.50968,34.01066,5224,"Hugo, OK",geonames,4539145
Midfield,AL,-86.90888,33.4615,5222,"Midfield, AL",geonames,4075977
Potosi,NI,-85.8568,11.49416,5222,"Potosi, NI",geonames,3617187
River Park,FL,-80.34727,27.31421,5222,"River Park, FL",geonames,4170092
Pozo de Gamboa,ZA,-102.57086,22.94862,5221,"Pozo de Gamboa, ZA",geonames,3991930
Crossett,AR,-91.96124,33.12818,5220,"Crossett, AR",geonames,4107198
Grand Falls,NB,-67.74179,47.04609,5220,"Grand Falls, NB",geonames,6621033
Hoopeston,IL,-87.66836,40.46726,5220,"Hoopeston, IL",geonames,4896390
Villa El Carmen,NI,-86.50571,11.98009,5219,"Villa El Carmen, NI",geonames,3620473
Concordia,KS,-97.66254,39.57084,5218,"Concordia, KS",geonames,4269872
New Martinsville,WV,-80.8576,39.64452,5218,"New Martinsville, WV",geonames,4816520
Pine Island Ridge,FL,-80.27394,26.09481,5218,"Pine Island Ridge, FL",geonames,4168506
Dumfries,VA,-77.32804,38.56762,5217,"Dumfries, VA",geonames,4756643
Floral City,FL,-82.29676,28.74999,5217,"Floral City, FL",geonames,4155623
Montevideo,MN,-95.71701,44.94803,5217,"Montevideo, MN",geonames,5038018
Vallejuelo,DO,-71.33431,18.65354,5217,Vallejuelo,geonames,3492123
Fruitland,MD,-75.6202,38.32206,5215,"Fruitland, MD",geonames,4355780
Kennebunk,ME,-70.54478,43.38397,5214,"Kennebunk, ME",geonames,4968729
Tezontepec,HG,-98.81972,19.88063,5214,"Tezontepec, HG",geonames,3515691
Big Bear Lake,CA,-116.91142,34.2439,5213,"Big Bear Lake, CA",geonames,5328163
Lone Grove,OK,-97.26279,34.17537,5213,"Lone Grove, OK",geonames,4541625
Marion,MA,-70.76281,41.7001,5213,"Marion, MA",geonames,4943144
Preston,ID,-111.87662,42.09631,5212,"Preston, ID",geonames,5604473
Huayacocotla,VE,-98.4808,20.53671,5211,"Huayacocotla, VE",geonames,3526983
Grambling,LA,-92.71404,32.52765,5209,"Grambling, LA",geonames,4326074
Oak Park,IN,-85.69635,38.30562,5209,"Oak Park, IN",geonames,4262406
Val-David,QC,-74.21592,46.03338,5209,"Val-David, QC",geonames,6173001
Bisbee,AZ,-109.92841,31.44815,5208,"Bisbee, AZ",geonames,5284905
Richelieu,QC,-73.24602,45.44336,5208,"Richelieu, QC",geonames,6122037
Slinger,WI,-88.28621,43.33361,5208,"Slinger, WI",geonames,5273439
Charo,MI,-101.0461,19.74772,5207,"Charo, MI",geonames,4014450
Chelsea,MI,-84.02181,42.31807,5205,"Chelsea, MI",geonames,4988628
Marystown,NL,-55.14829,47.16663,5204,"Marystown, NL",geonames,6067472
Mayisad,HT,-72.13958,19.17607,5204,Mayisad,geonames,3721711
San Jose el Vidrio,EM,-99.38417,19.65333,5204,"San Jose el Vidrio, EM",geonames,3827476
Bangor,PA,-75.20657,40.86565,5203,"Bangor, PA",geonames,5178996
Berkeley,IL,-87.9034,41.88892,5203,"Berkeley, IL",geonames,4884562
Grandwood Park,IL,-87.98674,42.39308,5202,"Grandwood Park, IL",geonames,4894360
Saranap,CA,-122.07607,37.88492,5202,"Saranap, CA",geonames,5393484
Hutchinson Island South,FL,-80.22045,27.29949,5201,"Hutchinson Island South, FL",geonames,7259881
Poolesville,MD,-77.41693,39.14594,5201,"Poolesville, MD",geonames,4365877
Santos Reyes Nopala,OA,-97.14435,16.10694,5201,"Santos Reyes Nopala, OA",geonames,3800500
Camp Pendleton North,CA,-117.31603,33.31465,5200,"Camp Pendleton North, CA",geonames,7260996
Kayenta,AZ,-110.2546,36.7278,5200,"Kayenta, AZ",curated,
Creswell,OR,-123.02453,43.9179,5199,"Creswell, OR",geonames,5721551
Salto de Agua,CS,-92.34034,17.55442,5199,"Salto de Agua, CS",geonames,3520020
San Pedro Itzican,JA,-102.95406,20.31724,5199,"San Pedro Itzican, JA",geonames,3985024
Tlanchinol,HG,-98.65715,20.9919,5199,"Tlanchinol, HG",geonames,3515397
Villas de Irapuato,GT,-101.40528,20.68722,5199,"Villas de Irapuato, GT",geonames,8858258
Glendale,CO,-104.93359,39.70499,5198,"Glendale, CO",geonames,5423075
Rockingham,VT,-72.48898,43.18758,5198,"Rockingham, VT",geonames,5240399
Santa Rosa,CW,-68.88333,12.11667,5198,Santa Rosa,geonames,3513264
Coolidge Corner,MA,-71.1245,42.34593,5197,"Coolidge Corner, MA",geonames,4933885
Hilmar-Irwin,CA,-120.85042,37.40454,5197,"Hilmar-Irwin, CA",geonames,7261441
Nelsonville,OH,-82.23182,39.45868,5197,"Nelsonville, OH",geonames,4519445
Orchard Homes,MT,-114.04844,46.86326,5197,"Orchard Homes, MT",geonames,5670128
Paso del Toro,VE,-96.1358,19.03129,5197,"Paso del Toro, VE",geonames,3521830
Sainte-Anne-de-Bellevue,QC,-73.9456,45.40618,5197,"Sainte-Anne-de-Bellevue, QC",geonames,6137733
Genoa,IL,-88.69287,42.09725,5196,"Genoa, IL",geonames,4893601
Williams,CA,-122.14942,39.15461,5196,"Williams, CA",geonames,5409417
Iowa Falls,IA,-93.25131,42.52248,5195,"Iowa Falls, IA",geonames,4862069
South Highpoint,FL,-82.71288,27.91697,5195,"South Highpoint, FL",geonames,4173467
Upper Land,KY,-81.38703,19.36258,5195,Upper Land,geonames,3580489
China,CM,-90.49595,19.76993,5194,"China, CM",geonames,3530840
Mont Belvieu,TX,-94.89076,29.84772,5193,"Mont Belvieu, TX",geonames,4711967
Springfield,MI,-85.23916,42.32643,5192,"Springfield, MI",geonames,5010917
Abbeville,SC,-82.37901,34.17817,5191,"Abbeville, SC",geonames,4568985
X-Can,YU,-87.66915,20.85715,5191,"X-Can, YU",geonames,3514559
Arbolada los Sauces,EM,-99.04417,19.81583,5190,"Arbolada los Sauces, EM",geonames,8858259
San Jose de Gracia,JA,-102.56989,20.67474,5190,"San Jose de Gracia, JA",geonames,3986228
Rawdon,QC,-73.71587,46.05007,5188,"Rawdon, QC",geonames,6117611
Wailua Homesteads,HI,-159.37677,22.07244,5188,"Wailua Homesteads, HI",geonames,7262802
Atoluca,PU,-97.35361,19.855,5187,"Atoluca, PU",geonames,8858260
Gilmer,TX,-94.94244,32.72875,5187,"Gilmer, TX",geonames,4693569
Tianguismanalco,PU,-98.44861,18.97624,5187,"Tianguismanalco, PU",geonames,3518611
Prairie Grove,AR,-94.31771,35.97591,5186,"Prairie Grove, AR",geonames,4127359
Muleshoe,TX,-102.72383,34.22647,5185,"Muleshoe, TX",geonames,5526805
Santa Gertrudis,EM,-99.36667,19.73333,5185,"Santa Gertrudis, EM",geonames,3517449
Frontera Corozal,CS,-90.88351,16.81473,5184,"Frontera Corozal, CS",geonames,3816366
Montreal-Ouest,QC,-73.64918,45.45286,5184,"Montreal-Ouest, QC",geonames,6077265
Saint Clairsville,OH,-80.90009,40.08063,5184,"Saint Clairsville, OH",geonames,5169130
Sunset,UT,-112.03105,41.13633,5183,"Sunset, UT",geonames,5782320
Albertson,NY,-73.64318,40.77343,5182,"Albertson, NY",geonames,5106857
Tisma,NI,-86.01739,12.08194,5182,"Tisma, NI",geonames,3616028
Mecatlan,VE,-97.68204,20.21053,5181,"Mecatlan, VE",geonames,3523399
Alva,OK,-98.66718,36.80499,5180,"Alva, OK",geonames,4529308
White Hall,AR,-92.09098,34.27399,5180,"White Hall, AR",geonames,4136153
Couva,TT,-61.46748,10.42248,5178,Couva,geonames,3574724
Odessa,MO,-93.95356,38.99917,5178,"Odessa, MO",geonames,4401659
Quintin Arauz,TB,-93.21419,18.36725,5178,"Quintin Arauz, TB",geonames,3802097
Rosario de Mora,SV,-89.20889,13.57528,5178,"Rosario de Mora, SV",geonames,3583937
Chackbay,LA,-90.79732,29.88354,5177,"Chackbay, LA",geonames,4319507
Montrose-Ghent,OH,-81.64378,41.1538,5177,"Montrose-Ghent, OH",geonames,7259400
Hueyotlipan,PU,-97.86575,18.89148,5176,"Hueyotlipan, PU",geonames,3516813
Winterset,IA,-94.01384,41.33082,5176,"Winterset, IA",geonames,4882259
Bear Valley Springs,CA,-118.62842,35.15913,5172,"Bear Valley Springs, CA",geonames,5327003
Livingston,TX,-94.93299,30.71103,5172,"Livingston, TX",geonames,4707173
Brookhaven,WV,-79.90451,39.61175,5171,"Brookhaven, WV",geonames,4800195
Layhill,MD,-77.04442,39.09233,5169,"Layhill, MD",geonames,4360443
Mechanicville,NY,-73.68734,42.90285,5169,"Mechanicville, NY",geonames,5126510
Pocitos,AG,-102.33472,21.92167,5169,Pocitos,geonames,8858262
Central,SC,-82.78125,34.72427,5167,"Central, SC",geonames,4574153
Tepetzintla,VE,-97.85236,21.1641,5166,"Tepetzintla, VE",geonames,3515853
Pauoa,HI,-157.83839,21.32076,5165,"Pauoa, HI",geonames,9403361
Birdsboro,PA,-75.80409,40.26454,5159,"Birdsboro, PA",geonames,5180620
Northumberland,NY,-73.58817,43.1273,5159,"Northumberland, NY",geonames,5129310
Flat River,MO,-90.51679,37.85005,5157,"Flat River, MO",geonames,4386685
Tecali,PU,-97.97064,18.9006,5156,"Tecali, PU",geonames,3516191
El Bosque,CS,-92.721,17.06247,5155,"El Bosque, CS",geonames,3529372
San Bartolo Oxtotitlan,EM,-99.61347,19.61902,5155,"San Bartolo Oxtotitlan, EM",geonames,3519634
El Castillo,VE,-96.86513,19.5472,5154,"El Castillo, VE",geonames,3529243
Anacleto Canabal 2da. Seccion,TB,-93.02417,17.97556,5153,"Anacleto Canabal 2da. Seccion, TB",geonames,8858263
Duncans,JM,-77.53633,18.468,5153,Duncans,geonames,3490633
Glencoe,AL,-85.93247,33.95704,5153,"Glencoe, AL",geonames,4064310
Sunnyslope,CA,-117.43338,34.01196,5153,"Sunnyslope, CA",geonames,5400065
Huitzila,HG,-98.95583,19.81137,5151,"Huitzila, HG",geonames,3526884
Mocksville,NC,-80.56145,35.89403,5151,"Mocksville, NC",geonames,4479891
Pennsylvania Avenue SE,DC,-76.95803,38.86817,5151,Washington D.C.,geonames,4139989
Lakehills,TX,-98.94309,29.60467,5150,"Lakehills, TX",geonames,4704940
San Alejo,SV,-87.96306,13.43139,5149,"San Alejo, SV",geonames,3583905
Wildwood,NJ,-74.81489,38.99178,5149,"Wildwood, NJ",geonames,4504856
Chardon,OH,-81.14899,41.61422,5148,"Chardon, OH",geonames,5149818
Grafton,WV,-80.01897,39.34092,5148,"Grafton, WV",geonames,4807310
Todos Santos,BS,-110.22308,23.44688,5148,Todos Santos,geonames,3981432
Vinton,IA,-92.02351,42.16861,5148,"Vinton, IA",geonames,4880268
Anse-Bertrand,GP,-61.50739,16.47239,5146,Anse-Bertrand,geonames,3579789
Stansbury park,UT,-112.29606,40.63772,5145,"Stansbury park, UT",geonames,5782055
Tipton,IN,-86.0411,40.28226,5144,"Tipton, IN",geonames,4927242
Tottenham,ON,-79.80553,44.02437,5143,"Tottenham, ON",geonames,6167983
Daleville,AL,-85.71299,31.31017,5141,"Daleville, AL",geonames,4058061
Doctor Mora,GT,-100.3211,21.14204,5140,"Doctor Mora, GT",geonames,4022983
Duncan,AZ,-109.1006,32.7153,5139,"Duncan, AZ",curated,
Poplar Grove,IL,-88.82205,42.36835,5139,"Poplar Grove, IL",geonames,4906482
San Jose Agua Azul,GT,-100.65639,20.48567,5139,"San Jose Agua Azul, GT",geonames,3986471
White Hill,BB,-59.58111,13.21373,5139,White Hill,geonames,3373419
Maplewood,WA,-122.55707,47.40176,5138,"Maplewood, WA",geonames,5802349
Sint Michiel Liber,CW,-68.98333,12.15,5138,Sint Michiel Liber,geonames,3513221
San Juan Coajomulco,EM,-99.96861,19.75306,5137,"San Juan Coajomulco, EM",geonames,3530556
Caltzontzin,MI,-102.00637,19.42891,5136,"Caltzontzin, MI",geonames,4016092
La Pastoria,EM,-98.91111,19.54306,5135,"La Pastoria, EM",geonames,8858264
Sabana Iglesia,DO,-70.75992,19.32114,5135,Sabana Iglesia,geonames,3493478
Plan de Ayala,GT,-101.72319,21.07129,5134,"Plan de Ayala, GT",geonames,4023262
Tichigan,WI,-88.19759,42.8289,5133,"Tichigan, WI",geonames,5275760
Kaser,NY,-74.06709,41.12121,5131,"Kaser, NY",geonames,5123109
Kings Point,NY,-73.73513,40.81982,5131,"Kings Point, NY",geonames,5123459
Port Allen,LA,-91.21011,30.45214,5130,"Port Allen, LA",geonames,4337823
Pupukea,HI,-158.06065,21.65456,5130,"Pupukea, HI",geonames,5852824
Wheatley Heights,NY,-73.36984,40.76371,5130,"Wheatley Heights, NY",geonames,5144182
Bowie,TX,-97.84865,33.559,5126,"Bowie, TX",geonames,4675803
Tara Hills,CA,-122.31636,37.99353,5126,"Tara Hills, CA",geonames,5401121
Dos Palos,CA,-120.62657,36.98606,5125,"Dos Palos, CA",geonames,5343728
Homestead Meadows North,TX,-106.17285,31.84963,5124,"Homestead Meadows North, TX",geonames,5523335
Tayoltita,DG,-105.93083,24.10278,5124,"Tayoltita, DG",geonames,3982292
Milton Village,MA,-71.07172,42.26677,5123,"Milton Village, MA",geonames,4944204
New Haven,MI,-84.15331,43.09364,5123,"New Haven, MI",geonames,5003384
Brookshire,TX,-95.95107,29.78606,5120,"Brookshire, TX",geonames,4676571
Sugarcreek,PA,-79.88117,41.42145,5120,"Sugarcreek, PA",geonames,5214696
Carmi,IL,-88.15865,38.09088,5119,"Carmi, IL",geonames,4235246
Soteapan,VE,-94.87296,18.23391,5118,"Soteapan, VE",geonames,3516526
Santa Catarina,EM,-98.92651,19.63659,5116,"Santa Catarina, EM",geonames,3817756
Champdore,NB,-64.78239,46.38601,5115,"Champdore, NB",geonames,13592160
Tzimol,CS,-92.18544,16.17935,5112,"Tzimol, CS",geonames,3514972
Olyphant,PA,-75.60297,41.46841,5111,"Olyphant, PA",geonames,5204476
La Casualidad,CU,-82.21667,23.0,5110,La Casualidad,geonames,3554850
Briar Chapel,NC,-79.11694,35.82417,5108,"Briar Chapel, NC",geonames,13526829
Dunlap,TN,-85.39052,35.37146,5108,"Dunlap, TN",geonames,4619629
Hanwell,NB,-66.76905,45.88308,5108,"Hanwell, NB",geonames,12070760
Savannah,MO,-94.83025,39.94166,5108,"Savannah, MO",geonames,4407665
Byron,GA,-83.75963,32.65376,5105,"Byron, GA",geonames,4185553
Pound Ridge,NY,-73.57485,41.20871,5104,"Pound Ridge, NY",geonames,5132152
Sawmills,NC,-81.47454,35.82485,5104,"Sawmills, NC",geonames,4490510
Clinton,OH,-83.8446,39.426,5103,"Clinton, OH",curated,
Piedmont,SC,-82.46457,34.70234,5103,"Piedmont, SC",geonames,4590980
San Andres Villa Seca,GUA,-91.58539,14.57801,5102,San Andres Villa Seca,geonames,3590522
Ejido Hermosillo,BC,-114.92304,32.51158,5101,"Ejido Hermosillo, BC",geonames,4011587
South Bay,FL,-80.71617,26.66396,5101,"South Bay, FL",geonames,4173376
Colona,IL,-90.35318,41.48392,5100,"Colona, IL",geonames,4888432
El Cerrito Corona,CA,-117.52283,33.84057,5100,"El Cerrito Corona, CA",geonames,5345624
Turpin Hills,OH,-84.37994,39.11006,5099,"Turpin Hills, OH",geonames,4050118
Perry,OK,-97.2881,36.28949,5097,"Perry, OK",geonames,4547861
Springhill,LA,-93.46684,33.00597,5097,"Springhill, LA",geonames,4342429
Sulphur,OK,-96.96835,34.50787,5097,"Sulphur, OK",geonames,4552519
Sunbury,OH,-82.85907,40.24256,5097,"Sunbury, OH",geonames,5173412
Xochitlan Todos Santos,PU,-97.77609,18.70395,5097,"Xochitlan Todos Santos, PU",geonames,3514433
Dayton,MN,-93.51496,45.24385,5096,"Dayton, MN",geonames,5023970
Milan,IL,-90.57208,41.45309,5096,"Milan, IL",geonames,4902218
Sparta,TN,-85.46414,35.9259,5096,"Sparta, TN",geonames,4659177
Ocampo,TM,-99.33566,22.84585,5095,"Ocampo, TM",geonames,3522493
Oliver,BC,-119.5524,49.18306,5094,"Oliver, BC",geonames,6093514
Bolivar,TN,-88.98784,35.25619,5093,"Bolivar, TN",geonames,4607598
Chestertown,MD,-76.06661,39.209,5093,"Chestertown, MD",geonames,4351264
Columbia Falls,MT,-114.18152,48.37246,5093,"Columbia Falls, MT",geonames,5645859
Bridgeville,PA,-80.11006,40.35618,5092,"Bridgeville, PA",geonames,5181636
Doffing,TX,-98.38585,26.27452,5091,"Doffing, TX",geonames,4686472
Wahneta,FL,-81.72702,27.9528,5091,"Wahneta, FL",geonames,4177308
Auburn,NH,-71.3484,43.00453,5089,"Auburn, NH",geonames,5082811
Camilla,GA,-84.21046,31.23129,5089,"Camilla, GA",geonames,4185863
Zapata,TX,-99.27143,26.90726,5089,"Zapata, TX",geonames,4743575
Hudson,QC,-74.14922,45.45008,5088,"Hudson, QC",geonames,5978126
Sheldon,IA,-95.85613,43.18109,5088,"Sheldon, IA",geonames,4876141
Fruitland,ID,-116.91655,44.00766,5087,"Fruitland, ID",geonames,5593708
Guanabo,CU,-82.13737,23.16831,5087,Guanabo,geonames,3557823
Los Tuzos,HG,-98.75639,20.05389,5087,"Los Tuzos, HG",geonames,8858266
Tlacotepec,MO,-98.74514,18.81444,5087,"Tlacotepec, MO",geonames,3515475
Angostura,SI,-108.16111,25.36551,5086,"Angostura, SI",geonames,4018499
Capula,MI,-101.39245,19.67367,5086,"Capula, MI",geonames,4025215
Glennville,GA,-81.92845,31.93659,5086,"Glennville, GA",geonames,4197325
Shannon,QC,-71.51464,46.88026,5086,"Shannon, QC",geonames,8354533
Tamiahua,VE,-97.4462,21.27881,5086,"Tamiahua, VE",geonames,3516376
San Luis de La Loma,GR,-100.89369,17.27,5085,"San Luis de La Loma, GR",geonames,4027374
Summerside,OH,-84.28827,39.10478,5083,"Summerside, OH",geonames,4525829
Buellton,CA,-120.19265,34.6136,5082,"Buellton, CA",geonames,5331568
Monee,IL,-87.74171,41.42003,5082,"Monee, IL",geonames,4902498
Xocotlan,EM,-98.84633,19.51633,5082,"Xocotlan, EM",geonames,3817701
South Pasadena,FL,-82.7376,27.75503,5081,"South Pasadena, FL",geonames,4173524
Deschutes River Woods,OR,-121.35836,43.99151,5077,"Deschutes River Woods, OR",geonames,5722960
Kensington,CA,-122.28025,37.91048,5077,"Kensington, CA",geonames,5362849
North Scituate,MA,-70.7856,42.21899,5077,"North Scituate, MA",geonames,4945764
Bible Hill,NS,-63.238,45.375,5076,"Bible Hill, NS",geonames,5899368
Fairvale,NB,-65.97167,45.40083,5075,"Fairvale, NB",geonames,5951023
Lake Norman of Catawba,NC,-80.95952,35.5868,5075,"Lake Norman of Catawba, NC",geonames,4474841
Jungapeo de Juarez,MI,-100.4945,19.45857,5073,"Jungapeo de Juarez, MI",geonames,4003703
Manchester,IA,-91.45543,42.48415,5073,"Manchester, IA",geonames,4865996
Paris,ME,-70.50062,44.25979,5073,"Paris, ME",geonames,4974617
Kenneth City,FL,-82.7201,27.81558,5072,"Kenneth City, FL",geonames,4160749
Allegan,MI,-85.8553,42.5292,5071,"Allegan, MI",geonames,4983989
Benjamin Hill,SO,-111.11378,30.16906,5071,"Benjamin Hill, SO",geonames,4017152
Granite Shoals,TX,-98.38392,30.58908,5071,"Granite Shoals, TX",geonames,4694535
Cold Spring Harbor,NY,-73.45679,40.87149,5070,"Cold Spring Harbor, NY",geonames,5113223
Watseka,IL,-87.73642,40.77615,5070,"Watseka, IL",geonames,4915703
Kingsford,MI,-88.07207,45.79496,5069,"Kingsford, MI",geonames,4998189
New Burlington,OH,-84.55717,39.2595,5069,"New Burlington, OH",geonames,4519486
Wapato,WA,-120.42034,46.44763,5068,"Wapato, WA",geonames,5814992
Metchosin,BC,-123.53591,48.38293,5067,"Metchosin, BC",geonames,6072482
Berlin,MD,-75.21769,38.32262,5065,"Berlin, MD",geonames,4348460
Giddings,TX,-96.93637,30.18272,5064,"Giddings, TX",geonames,4693472
McGregor,TX,-97.40918,31.44406,5064,"McGregor, TX",geonames,4710129
Bachajon,CS,-92.18986,17.03963,5063,"Bachajon, CS",geonames,3532462
Fort Pierce South,FL,-80.35483,27.40962,5062,"Fort Pierce South, FL",geonames,7259774
Chalchihuapan,PU,-98.33698,18.97183,5061,"Chalchihuapan, PU",geonames,9515129
Redwood Falls,MN,-95.11694,44.5394,5061,"Redwood Falls, MN",geonames,5042832
Warm Mineral Springs,FL,-82.26009,27.05978,5061,"Warm Mineral Springs, FL",geonames,4177450
Apple Valley,OH,-82.35391,40.4389,5058,"Apple Valley, OH",geonames,8480059
Fells Point,MD,-76.5933,39.28261,5057,"Fells Point, MD",geonames,4354797
Howard Park,MD,-76.69469,39.33122,5057,"Howard Park, MD",geonames,4358625
Punahou,HI,-157.827,21.30023,5057,"Punahou, HI",geonames,5852759
Blaine,WA,-122.74712,48.99372,5056,"Blaine, WA",geonames,5787475
Spallumcheen,BC,-119.22039,50.40146,5055,"Spallumcheen, BC",geonames,12156434
Tacuba,SV,-89.92972,13.90111,5055,"Tacuba, SV",geonames,3583065
Ayden,NC,-77.41552,35.47266,5053,"Ayden, NC",geonames,4453271
Breslau,ON,-80.41638,43.4668,5053,"Breslau, ON",geonames,5908481
Atoyac,JA,-103.51674,20.00943,5052,"Atoyac, JA",geonames,4017987
Eagleton Village,TN,-83.93185,35.79508,5052,"Eagleton Village, TN",geonames,4619893
Hampton,MD,-76.58469,39.42288,5052,"Hampton, MD",geonames,4357289
Shanor-Northvue,PA,-79.91562,40.91045,5051,"Shanor-Northvue, PA",geonames,7258973
Demarest,NJ,-73.96347,40.95732,5050,"Demarest, NJ",geonames,5097224
Northfield,NH,-71.5923,43.43313,5049,"Northfield, NH",geonames,5090459
Alexandria,IN,-85.67581,40.26282,5047,"Alexandria, IN",geonames,4917537
Samsula-Spruce Creek,FL,-81.06192,29.04932,5047,"Samsula-Spruce Creek, FL",geonames,7260093
Childersburg,AL,-86.35498,33.27817,5046,"Childersburg, AL",geonames,4055045
Gretna,NE,-96.23974,41.14083,5046,"Gretna, NE",geonames,5069480
Newton Corner,MA,-71.19533,42.36121,5042,"Newton Corner, MA",geonames,4945298
Readville,MA,-71.137,42.24038,5041,"Readville, MA",geonames,4948470
Lemmon Valley,NV,-119.84325,39.63602,5040,"Lemmon Valley, NV",geonames,5507103
Morganville,NJ,-74.24431,40.3765,5040,"Morganville, NJ",geonames,5101393
Mount Forest,ON,-80.72205,43.97948,5040,"Mount Forest, ON",geonames,6080782
Almonte,ON,-76.19585,45.22993,5039,"Almonte, ON",geonames,8125781
Forest Hills,TN,-86.84417,36.06839,5039,"Forest Hills, TN",geonames,4623039
Mathis,TX,-97.82805,28.09446,5037,"Mathis, TX",geonames,4709615
Sain Alto,ZA,-103.24766,23.5799,5037,"Sain Alto, ZA",geonames,3988251
Waterloo,NY,-76.86274,42.90479,5036,"Waterloo, NY",geonames,5143380
Moultonborough,NH,-71.39674,43.7548,5034,"Moultonborough, NH",geonames,5089850
San Damian Texoloc,TL,-98.28544,19.27833,5033,"San Damian Texoloc, TL",geonames,3815412
Thiells,NY,-74.01764,41.21065,5032,"Thiells, NY",geonames,5140789
Vandergrift,PA,-79.56477,40.60284,5032,"Vandergrift, PA",geonames,5217103
Fairwood,MD,-76.77772,38.95665,5031,"Fairwood, MD",geonames,7315258
Rainsville,AL,-85.84775,34.49425,5031,"Rainsville, AL",geonames,4085373
Angamacutiro de la Union,MI,-101.71024,20.15062,5030,"Angamacutiro de la Union, MI",geonames,4018518
Cherokee,IA,-95.55167,42.74943,5030,"Cherokee, IA",geonames,4851247
Dondon,HT,-72.24337,19.52734,5029,Dondon,geonames,3726263
Memramcook,NB,-64.55156,46.00435,5029,"Memramcook, NB",geonames,6072045
Kutztown,PA,-75.77742,40.51732,5028,"Kutztown, PA",geonames,5196621
Tamazulapam Villa del Progreso,OA,-97.57315,17.6771,5028,"Tamazulapam Villa del Progreso, OA",geonames,3801045
Centreville,IL,-90.12511,38.58338,5027,"Centreville, IL",geonames,4235600
Lake City,MN,-92.2682,44.44968,5027,"Lake City, MN",geonames,5033727
Creel,CH,-107.63472,27.75281,5026,"Creel, CH",geonames,4012593
Lampazos de Naranjo,NL,-100.50418,27.02546,5026,"Lampazos de Naranjo, NL",geonames,4001240
Frankenmuth,MI,-83.73802,43.33169,5025,"Frankenmuth, MI",geonames,4993321
Sea Cliff,NY,-73.64485,40.84899,5025,"Sea Cliff, NY",geonames,5137484
Tucumcari,NM,-103.72686,35.17191,5025,"Tucumcari, NM",geonames,5495360
Saint-Henri,QC,-71.06927,46.69314,5023,"Saint-Henri, QC",geonames,8354586
Valparaiso,FL,-86.50273,30.50853,5023,"Valparaiso, FL",geonames,4176316
Cuyamel,HN,-88.19478,15.66505,5022,"Cuyamel, HN",geonames,3612929
Sainte Catherine de la Jacques Cartier,QC,-71.62056,46.85244,5021,"Sainte Catherine de la Jacques Cartier, QC",geonames,6639619
San Bartolome Coatepec,EM,-99.31211,19.39776,5021,"San Bartolome Coatepec, EM",geonames,3827418
Shenandoah,IA,-95.37221,40.76555,5021,"Shenandoah, IA",geonames,4876190
Munroe Falls,OH,-81.43983,41.1445,5019,"Munroe Falls, OH",geonames,5163968
Tamalin,VE,-97.81188,21.33936,5019,"Tamalin, VE",geonames,3516410
Spirit Lake,IA,-95.10222,43.42218,5018,"Spirit Lake, IA",geonames,4877184
Staunton,IL,-89.79121,39.01227,5018,"Staunton, IL",geonames,4250608
Highland,MA,-71.15672,42.28538,5016,"Highland, MA",geonames,4939417
Port Isabel,TX,-97.20858,26.07341,5016,"Port Isabel, TX",geonames,4720060
Lakeburn,NB,-64.68205,46.10014,5014,"Lakeburn, NB",geonames,6048292
Penn Yan,NY,-77.05386,42.6609,5014,"Penn Yan, NY",geonames,5130915
Saint-Joseph-de-Beauce,QC,-70.86667,46.3,5014,"Saint-Joseph-de-Beauce, QC",geonames,7535693
West Salem,WI,-91.08125,43.89913,5014,"West Salem, WI",geonames,5278608
Ex-Hacienda Santa Ines,EM,-99.0725,19.70667,5013,"Ex-Hacienda Santa Ines, EM",geonames,8858267
Paseos de Itzincab,YU,-89.69823,20.91644,5013,"Paseos de Itzincab, YU",geonames,3526816
Richland Center,WI,-90.38679,43.33471,5013,"Richland Center, WI",geonames,5268850
Dellwood,MO,-90.28567,38.7495,5011,"Dellwood, MO",geonames,4383713
Primero de Mayo,VE,-97.82048,22.22784,5011,"Primero de Mayo, VE",geonames,3521120
West Sayville,NY,-73.09761,40.72788,5011,"West Sayville, NY",geonames,5143988
Bryn Mawr,PA,-80.08672,40.30396,5009,"Bryn Mawr, PA",geonames,5182063
Comoapan,VE,-95.17456,18.40692,5009,"Comoapan, VE",geonames,3530362
Conklin,NY,-75.8038,42.03424,5008,"Conklin, NY",geonames,5113516
San Lorenzo Axocomanitla,TL,-98.24861,19.22389,5007,"San Lorenzo Axocomanitla, TL",geonames,8858268
Peachland,BC,-119.74633,49.76862,5006,"Peachland, BC",geonames,6100086
Citlaltepec,VE,-97.87861,21.32912,5005,"Citlaltepec, VE",geonames,3530604
Mezcala,JA,-103.01795,20.33572,5005,"Mezcala, JA",geonames,3996039
North Fond du Lac,WI,-88.48344,43.81138,5004,"North Fond du Lac, WI",geonames,5264814
Saltillo,MS,-88.68172,34.37649,5004,"Saltillo, MS",geonames,4444938
Shady Hollow,TX,-97.86223,30.16493,5004,"Shady Hollow, TX",geonames,4728052
Antigonish,NS,-61.99858,45.61685,5003,"Antigonish, NS",geonames,5886182
San Martin Caltenco,PU,-97.81887,18.88487,5003,"San Martin Caltenco, PU",geonames,3531782
Harlan,IA,-95.32555,41.65304,5002,"Harlan, IA",geonames,4859802
Ironwood,MI,-90.17101,46.45467,5002,"Ironwood, MI",geonames,4997249
Jaltepec,EM,-98.63456,19.7296,5001,"Jaltepec, EM",geonames,3526599
Mendham,NJ,-74.60071,40.77593,5001,"Mendham, NJ",geonames,5101073
Tres Palos,GR,-99.77813,16.82959,5001,"Tres Palos, GR",geonames,3821726
Adobie Town Rim,WY,-108.3889,41.2053,5000,"Adobie Town Rim, WY",curated,
Akimiski Island,NU,-82.427,52.9244,5000,"Akimiski Island, NU",curated,
Benson,AZ,-110.2945,31.9679,5000,"Benson, AZ",curated,
Breakeyville,QC,-71.22327,46.68037,5000,"Breakeyville, QC",geonames,8131396
Charlton Island,NU,-80.6506,51.2671,5000,"Charlton Island, NU",curated,
Cockburn Island,ON,-79.8388,46.3017,5000,"Cockburn Island, ON",curated,
Colorado City,AZ,-112.9763,36.9903,5000,"Colorado City, AZ",curated,
Cutler,CA,-119.28678,36.52328,5000,"Cutler, CA",geonames,5341210
Hacienda San Marcos [Fraccionamiento],AG,-102.26556,21.80611,5000,Hacienda San Marcos [Fraccionamiento],geonames,8896716
Holbrook,AZ,-110.1582,34.9022,5000,"Holbrook, AZ",curated,
Isla Maria Madre,NA,-106.578,21.6204,5000,"Isla Maria Madre, NA",curated,
Kidney Island,NU,-68.5214,63.7493,5000,"Kidney Island, NU",curated,
Masachapa,NI,-86.51416,11.78687,5000,"Masachapa, NI",geonames,3617730
Metaline Falls,WA,-117.3719,48.8636,5000,"Metaline Falls, WA",curated,
Mexican Hat,UT,-109.8662,37.1723,5000,"Mexican Hat, UT",curated,
Moresby Island,BC,-131.8281,53.2435,5000,"Moresby Island, BC",curated,
Owens Island,KY,-88.5813,37.0776,5000,Owens Island,curated,
Preston City,CT,-71.97396,41.52899,5000,"Preston City, CT",geonames,4841125
Puerto Lempira,HN,-83.77436,15.26566,5000,"Puerto Lempira, HN",geonames,3603157
South Bairoil,WY,-107.5559,41.0575,5000,"South Bairoil, WY",curated,
Twin Islands,NU,-68.5214,63.7493,5000,"Twin Islands, NU",curated,
Wamsutter,WY,-107.9792,41.6729,5000,"Wamsutter, WY",curated,
Needles,CA,-114.6147,34.8481,4900,"Needles, CA",curated,
Glendive,MT,-104.7125,47.1053,4873,"Glendive, MT",curated,
Aspen,CO,-106.8236,39.1911,4789,"Aspen, CO",curated,
Citronelle,AL,-88.2343,31.0938,4640,"Citronelle, AL",curated,
Chinle,AZ,-109.5795,36.1544,4500,"Chinle, AZ",curated,
Newport,VT,-72.2051,44.9364,4500,"Newport, VT",curated,
De Witt,AR,-91.3379,34.2929,4376,"De Witt, AR",curated,
Mobridge,SD,-100.4279,45.5372,4364,"Mobridge, SD",curated,
St. Joseph Island,ON,-84.0352,46.2926,4302,"St. Joseph Island, ON",curated,
Bishop,CA,-118.3952,37.3637,4288,"Bishop, CA",curated,
Ely,NV,-114.8889,39.2474,4255,"Ely, NV",curated,
East Superior,WY,-108.9634,41.762,4200,"East Superior, WY",curated,
Delta,UT,-112.5772,39.3522,4010,"Delta, UT",curated,
Clayton,NM,-103.1848,36.4508,3810,"Clayton, NM",curated,
Wilcox,AZ,-109.8276,32.3359,3200,"Wilcox, AZ",curated,
West Wendover,NV,-114.0752,40.741,3128,"West Wendover, NV",curated,
Grand Manan Island,ME,-66.7846,44.6841,3120,"Grand Manan Island, ME",curated,
Belcher Islands,NU,-79.2259,56.5422,3000,"Belcher Islands, NU",curated,
Long Island,BS,-75.3,23.25,3000,Long Island,curated,
Maple Creek,MB,-109.48,49.9057,3000,"Maple Creek, MB",curated,
Saint Ignace,MI,-84.7278,45.8687,3000,"Saint Ignace, MI",curated,
Wellton,AZ,-114.1299,32.6728,3000,"Wellton, AZ",curated,
Tonopah,NV,-117.2251,38.1001,2973,"Tonopah, NV",curated,
Weed,CA,-122.3859,41.4227,2800,"Weed, CA",curated,
Cape May,NJ,-74.906,38.9351,2768,"Cape May, NJ",curated,
Window Rock,AZ,-109.0526,35.6806,2700,"Window Rock, AZ",curated,
Windham,NY,-74.2521,42.3073,2640,"Windham, NY",curated,
Lovelock,NV,-118.4747,40.1801,2588,"Lovelock, NV",curated,
Madison,MT,-111.7297,45.3488,2400,"Madison, MT",curated,
Northern Channel Islands,CA,-120.0919,33.9658,2400,"Northern Channel Islands, CA",curated,
Sequoia,CA,-119.8955,37.8066,2400,"Sequoia, CA",curated,
Southern Channel Islands,CA,-119.5099,33.25,2400,"Southern Channel Islands, CA",curated,
Yosemite,CA,-119.5165,37.8393,2400,"Yosemite, CA",curated,
Pine Bluffs,WY,-104.0668,41.1797,2311,"Pine Bluffs, WY",curated,
Mesquite,NV,-114.0671,36.8036,2247,"Mesquite, NV",curated,
Adalair,MO,-92.6161,40.177,2160,"Adalair, MO",curated,
Isla de Culebra,PR,-65.2826,18.3136,2160,"Isla de Culebra, PR",curated,
Baker,MT,-104.2752,46.3678,2126,"Baker, MT",curated,
Gila Bend,AZ,-112.7168,32.9478,2000,"Gila Bend, AZ",curated,
Pinedale,WY,-109.861,42.8671,1920,"Pinedale, WY",curated,
Naval Submarine Base Bangor,WA,-122.7192,47.7255,1800,"Naval Submarine Base Bangor, WA",curated,
Yellowstone,WY,-110.5607,44.6201,1800,"Yellowstone, WY",curated,
Breckenridge,CO,-106.0465,39.4829,1777,"Breckenridge, CO",curated,
Harding,SD,-99.1707,44.0646,1623,"Harding, SD",curated,
Saint Francis,KS,-101.7999,39.7722,1532,"Saint Francis, KS",curated,
Barksdale AFB,LA,-93.6108,32.4975,1500,"Barksdale AFB, LA",curated,
Cat Island,BS,-75.45,24.35,1500,Cat Island,curated,
Kirtland AFB,NM,-106.5157,35.0011,1500,"Kirtland AFB, NM",curated,
Malmstrom AFB,MT,-111.1785,47.5049,1500,"Malmstrom AFB, MT",curated,
Minot AFB,ND,-101.3372,48.42,1500,"Minot AFB, ND",curated,
Morenci,AZ,-109.3276,33.0512,1500,"Morenci, AZ",curated,
Nellis AFB,NV,-114.9863,36.2401,1500,"Nellis AFB, NV",curated,
Rehoboth Beach,DE,-75.076,38.7209,1500,"Rehoboth Beach, DE",curated,
Salome,AZ,-113.6147,33.7814,1500,"Salome, AZ",curated,
Whiteman AFB,MO,-93.5545,38.7303,1500,"Whiteman AFB, MO",curated,
Mackinac City,MI,-84.7278,45.7839,1440,"Mackinac City, MI",curated,
Newberry,MI,-85.5099,46.356,1440,"Newberry, MI",curated,
Sun Valley,ID,-114.3517,43.6963,1400,"Sun Valley, ID",curated,
Cascade,ID,-116.0526,44.5127,1320,"Cascade, ID",curated,
Browning,MT,-113.0173,48.5577,1219,"Browning, MT",curated,
Baileys Harbor,WI,-86.8661,45.0615,1200,"Baileys Harbor, WI",curated,
Drummond Island,MI,-83.6542,46.0091,1200,"Drummond Island, MI",curated,
Inagua,BS,-73.6667,21.0833,1200,Inagua,curated,
Isla de Mona,PR,-67.8924,18.0875,1200,"Isla de Mona, PR",curated,
Peach Springs,AZ,-113.4266,35.5278,1200,"Peach Springs, AZ",curated,
Superior,WY,-108.9679,41.7619,1200,"Superior, WY",curated,
Watson,AR,-91.2562,33.8951,1200,"Watson, AR",curated,
Hardin,MT,-107.612,45.7325,1032,"Hardin, MT",curated,
Saluda,NC,-82.3493,35.2362,840,"Saluda, NC",curated,
Walden,CO,-106.2821,40.7301,750,"Walden, CO",curated,
Beaver Island,MI,-85.5544,45.6661,720,"Beaver Island, MI",curated,
Baker,CA,-116.0742,35.2655,700,"Baker, CA",curated,
Mackinac Island,MI,-84.6305,45.8658,600,"Mackinac Island, MI",curated,
Saint Francis,ME,-68.5905,47.2559,600,"Saint Francis, ME",curated,
Trippe,SD,-99.8941,43.3235,600,"Trippe, SD",curated,
Tusayan,AZ,-112.1371,36.0767,600,"Tusayan, AZ",curated,
Crooked Island,BS,-74.8333,22.75,500,Crooked Island,curated,
Mayaguna,BS,-73.5833,22.3833,300,Mayaguna,curated,
San Simon,AZ,-109.227,32.2662,200,"San Simon, AZ",curated,
Why,AZ,-112.741,32.2681,100,"Why, AZ",curated,
Shoshone,CA,-116.2714,35.9736,31,"Shoshone, CA",curated,
